name,brand,category,price,price_source(real/danawa/estimated),claim_type,kcal,sugar_g,carb_g,protein_g,fat_g,sodium_mg,serving_size,serving_unit,sweeteners(쉼표구분),sweetener_amounts(이름:g),allergens(쉼표구분),stock,image_url,nutrition_facts_url,verification_source(제품 상세페이지 URL),_src
저당 망고 쫀득바 아이스크림,라라스윗,간식/디저트,28900,real,,80,4,24,1,1.2,30,75,mL,"알룰로스,아세설팜칼륨,효소처리스테비아,수크랄로스","알룰로스:3,아세설팜칼륨:0,효소처리스테비아:0,수크랄로스:0",,45,https://s3.zerofinder.co.kr/public/products/original/0NMBG53AXBR00.png,https://s3.zerofinder.co.kr/public/nutritionfacts/0NMBG670W7R00.png,https://zerofinder.co.kr/product/0NMBGKSFAKR00,zerofinder
저당 멜론 쫀득바 아이스크림,라라스윗,간식/디저트,28900,real,저당류,75,3,24,1,1.1,40,75,mL,"알룰로스,수크랄로스,아세설팜칼륨,효소처리스테비아","알룰로스:3,수크랄로스:0,아세설팜칼륨:0,효소처리스테비아:0",,12,https://s3.zerofinder.co.kr/public/products/original/0NMBCEAJ5KR00.png,https://s3.zerofinder.co.kr/public/nutritionfacts/0NMBCGW5YKR00.png,https://zerofinder.co.kr/product/0NMBFHQ433R00,zerofinder
망고 생요거트 파인트 474mL,라라스윗,간식/디저트,5900,real,저당류,80,3,17,1,3.8,30,80,mL,"알룰로스,에리스리톨,아세설팜칼륨,수크랄로스",,,6,https://s3.zerofinder.co.kr/public/products/original/0NPYBRBQS8800.png,https://s3.zerofinder.co.kr/public/nutritionfacts/0NMBB9AFAKR00.png,https://zerofinder.co.kr/product/0NMBBYNJRKR00,zerofinder
저당 골드키위파인 듬뿍바 아이스크림,라라스윗,간식/디저트,9900,real,,55,4,18,,,5,70,mL,"알룰로스,수크랄로스,아세설팜칼륨,에리스리톨","알룰로스:1,수크랄로스:0,아세설팜칼륨:0,에리스리톨:1",,52,https://s3.zerofinder.co.kr/public/products/original/0NMB8TG777R00.png,https://s3.zerofinder.co.kr/public/nutritionfacts/0NMB8VV7ZKR00.png,https://zerofinder.co.kr/product/0NMB9H20MFR00,zerofinder
저당 애플망고 생요거트바 아이스크림,라라스윗,간식/디저트,7110,real,저당류,75,3,18,1,2.7,25,75,mL,"알룰로스,에리스리톨,아세설팜칼륨,수크랄로스","알룰로스:1,에리스리톨:2,아세설팜칼륨:0,수크랄로스:0",,22,https://s3.zerofinder.co.kr/public/products/original/0NMAY8CPRZR00.png,https://s3.zerofinder.co.kr/public/nutritionfacts/0NMAYAFF2BR00.png,https://zerofinder.co.kr/product/0NMB5ADFB3R00,zerofinder
덴마크 드링킹 요구르트 제로 플레인,동원F&B(에프앤비) 정읍공장,유제품,11600,estimated,저당류,47,4.73,10.18,3.64,0,55,100,mL,,,,13,https://s3.zerofinder.co.kr/public/products/original/0NJQJWR07V000.png,https://s3.zerofinder.co.kr/public/nutritionfacts/0NJQJY6W93000.png,https://zerofinder.co.kr/product/0PCNV3FZFXHG7,zerofinder
덴마크 드링킹 요구르트 제로 사과,동원,유제품,14140,danawa,저당류,47,4.73,9.82,3.64,0,55,100,mL,말티톨,말티톨:0,,48,https://s3.zerofinder.co.kr/public/products/original/0NJQHYNRRF000.png,https://s3.zerofinder.co.kr/public/nutritionfacts/0NJQJ8B8G3000.png,https://zerofinder.co.kr/product/0PCNV3FZDMZ1D,zerofinder
제로윗 당제로 초코 모나카,펄세스,간식/디저트,20800,estimated,무당류,106,0,20.72,1.43,6.43,26,100,mL,"알룰로스,에리스리톨,수크랄로스","알룰로스:0,에리스리톨:0,수크랄로스:0",,39,https://s3.zerofinder.co.kr/public/products/original/0NJQGDAWVZ000.png,https://s3.zerofinder.co.kr/public/nutritionfacts/0NJQGM3FWQ000.png,https://zerofinder.co.kr/product/0PCNV3FZDGNC6,zerofinder
제로아워 알파시디 애사비 사과맛,건강한사람들,음료,15200,estimated,무당류,3,0,3.14,0,0,9,100,mL,"에리스리톨,수크랄로스,스테비올 배당체","에리스리톨:0,수크랄로스:0,스테비올 배당체:0",,32,https://s3.zerofinder.co.kr/public/products/original/0NJQFWBSZV000.png,,https://zerofinder.co.kr/product/0PCNV3FZDETPZ,zerofinder
모구모구 제로슈가 써머베리,모구모구,음료,14200,estimated,무당류,8,0,2,0,0,85,100,mL,"아세설팜칼륨,수크랄로스,스테비올 배당체","아세설팜칼륨:0,수크랄로스:0,스테비올 배당체:0",,10,https://s3.zerofinder.co.kr/public/products/original/0NJQF58AGV000.png,,https://zerofinder.co.kr/product/0PCNV3FZD9BT1,zerofinder
파리의 이온비타제로 납작복숭아 레몬,퓨어플러스,음료,47520,real,무당류,1,0,2.5,0,0,35,100,mL,"에리스리톨,수크랄로스","에리스리톨:0,수크랄로스:0",,18,https://s3.zerofinder.co.kr/public/products/original/0NJQDZ8463000.png,,https://zerofinder.co.kr/product/0PCNV3FZD7E9P,zerofinder
하이드로 웨이 제로 바닐라,바이오테크,음료,96480,danawa,무당류,264,0,8,58,0,1350,100,g,수크랄로스,수크랄로스:0,,6,https://s3.zerofinder.co.kr/public/products/original/0NJ26TCK4R400.png,,https://zerofinder.co.kr/product/0PCNV3FZD19TQ,zerofinder
슈퍼제로 락토프리 우유,남양,유제품,2490,real,저당류,34,4.6,5.5,3,0,50,100,mL,,,,40,https://s3.zerofinder.co.kr/public/products/original/0NJ26MYK4C400.png,,https://zerofinder.co.kr/product/0PCZ71C2A6N4D,zerofinder
포지타노 제로슈가 캔디 레몬맛,페를레디솔레,간식/디저트,4830,real,무당류,92,0,38.4,0,0,0,100,g,"이소말트,D-소비톨액,아세설팜칼륨,수크랄로스","이소말트:0,D-소비톨액:0,아세설팜칼륨:0,수크랄로스:0",,17,https://s3.zerofinder.co.kr/public/products/original/0NJ263XCB0400.png,,https://zerofinder.co.kr/product/0PCNV3FZD14FX,zerofinder
뉴욕 셀처 블랙 체리 맛 스파클링 워터 제로,튤립인터내셔널,음료,26700,estimated,무당류,9,0,2.31,0.02,0,15,100,mL,,,,49,https://s3.zerofinder.co.kr/public/products/original/0NJ25CDKHG400.png,,https://zerofinder.co.kr/product/0PCNV3FZD0G5K,zerofinder
제로슈가 단백질바 피넛버터 다크초콜릿,KIND,간식/디저트,18100,estimated,저당류,150,1,14,5,12,65,35,g,알룰로스,알룰로스:0,,19,https://s3.zerofinder.co.kr/public/products/original/0NJ24Q2XT4400.png,,https://zerofinder.co.kr/product/0PCNV3FZCZSJS,zerofinder
오로바일렌 피쿠알 엑스트라버진 올리브오일,오로바일렌,유제품,14000,estimated,무당류,837,0,0,0,93,0,100,mL,,,,22,https://s3.zerofinder.co.kr/public/products/original/0NHWN4J8C0400.png,,https://zerofinder.co.kr/product/0PCNV3FZCXJTW,zerofinder
서울팩토리 제로 티 베이스 캐모마일&사과향 아이스티 액상,서울팩토리,음료,29500,real,저당류,23,1,41,0,0,80,100,g,"아세설팜칼륨,수크랄로스,아라비아검","아세설팜칼륨:0,수크랄로스:0,아라비아검:0",,56,https://s3.zerofinder.co.kr/public/products/original/0NHSSA5A2G400.png,,https://zerofinder.co.kr/product/0PCNV3FZF0BB6,zerofinder
자몽 허니  블랙 티 베이스 제로,푸른나무,음료,17920,danawa,저당류,33,2,8,0,0.2,0,100,g,"수크랄로스,아세설팜칼륨","수크랄로스:0,아세설팜칼륨:0",,53,https://s3.zerofinder.co.kr/public/products/original/0NHSR6HN0C400.png,https://s3.zerofinder.co.kr/public/nutritionfacts/0NHSRDJMK4400.png,https://zerofinder.co.kr/product/0PCNV3FZCXHJH,zerofinder
제로푸냥이 푸딩젤리 라임콜라맛,건영제과,간식/디저트,21700,estimated,무당류,0,0,0,0,0,17,100,g,"수크랄로스,아세설팜칼륨,에리스리톨","수크랄로스:0,아세설팜칼륨:0,에리스리톨:0",,49,https://s3.zerofinder.co.kr/public/products/original/0NHSQVC3W4400.png,,https://zerofinder.co.kr/product/0PCNV3FZCXA5E,zerofinder
아질산나트륨 무첨가 저먼제로 비엔나,태림에프웰,육가공품,19200,estimated,저당류,314,1,6,14,26,525,100,g,,,,22,https://s3.zerofinder.co.kr/public/products/original/0NHSQ9TSP4400.png,,https://zerofinder.co.kr/product/0PCNV3FZCWXDJ,zerofinder
잇츠베러 제로슈가 쿠키 더블초코,잇츠베러,간식/디저트,2410,real,무당류,440,0,62.5,15,20,600,100,g,"D-말티톨,수크랄로스","D-말티톨:0,수크랄로스:0",,14,https://s3.zerofinder.co.kr/public/products/original/0NHSPERK3M400.png,,https://zerofinder.co.kr/product/0PCNV3FZCWJTS,zerofinder
멜론,더단백,음료,39900,danawa,무당류,109,0.9,5.7,20,0.7,23,250,mL,"알룰로스,수크랄로스,아세설팜칼륨","알룰로스:1.6,수크랄로스:0,아세설팜칼륨:0",,53,https://s3.zerofinder.co.kr/public/products/original/0MNZ1BVT6Z000.png,https://s3.zerofinder.co.kr/public/nutritionfacts/0MNZ1FSAJB000.png,https://zerofinder.co.kr/product/0MNZ207K6F000,zerofinder
그릭슈바인 제로닭 청양고추,에스피씨삼립 서천공장,육가공품,11900,real,무당류,167,0,0.8,14,12,500,80,g,효소처리스테비아,효소처리스테비아:0,,26,https://s3.zerofinder.co.kr/public/products/original/0MJQVQPYQX400.png,https://s3.zerofinder.co.kr/public/nutritionfacts/0M2EAXG0W6W00.png,https://zerofinder.co.kr/product/0PCNV3FZ8E4B8,zerofinder
오늘좋은 아샷추 복숭아 제로,태웅식품,음료,5040,danawa,,4,0.0,1.0,0.0,0.0,0.0,100,mL,"수크랄로스,아세설팜칼륨","수크랄로스:0,아세설팜칼륨:0",,29,https://s3.zerofinder.co.kr/public/products/original/0MEN5QWM29400.png,https://s3.zerofinder.co.kr/public/nutritionfacts/0MEN5R38P1400.png,https://zerofinder.co.kr/product/0MEN5ZH9D1400,zerofinder
링티 제로 복숭아맛,삼양,음료,25830,danawa,,0,0.0,2.6,0.0,0.0,32.0,340,g,"에리스리톨,아라비아검,수크랄로스","에리스리톨:0,아라비아검:0,수크랄로스:0",,59,https://s3.zerofinder.co.kr/public/products/original/0MEN5BSK8H400.png,https://s3.zerofinder.co.kr/public/nutritionfacts/0MEN5C3BXX400.png,https://zerofinder.co.kr/product/0MEN5JPTPS400,zerofinder
닥터로빈 제로 떡볶이 로제,한맥푸드,즉석식품,26100,estimated,무당류,160,0,37,1,3,246,100,g,"에리스리톨,알룰로스","에리스리톨:0,알룰로스:0",,21,https://s3.zerofinder.co.kr/public/products/original/0MEN4T278D400.png,https://s3.zerofinder.co.kr/public/nutritionfacts/0MEN4TRF91400.png,https://zerofinder.co.kr/product/0MEN526FHS400,zerofinder
고단백 저당 슬랩,널담,간식/디저트,18540,danawa,무당류,223,1.5,39,14,1.4,435,600,g,,,,51,https://s3.zerofinder.co.kr/public/products/original/0MDX5N56JS400.png,https://s3.zerofinder.co.kr/public/nutritionfacts/0MDX5QGYA9400.png,https://zerofinder.co.kr/product/0MDX5XQ489400,zerofinder
고단백 배꼽 베이글 플레인,널담,간식/디저트,7660,danawa,저당류,391,1.5,61,21,8,658,140,g,에리스리톨,에리스리톨:0,,12,https://s3.zerofinder.co.kr/public/products/original/0MDX53D0DH400.png,https://s3.zerofinder.co.kr/public/nutritionfacts/0MDX4QW2S1400.png,https://zerofinder.co.kr/product/0MDX50XBD5400,zerofinder
고단백 저당 포카치아 토마토바질치즈,널담,간식/디저트,15500,danawa,저당류,184,3.2,24,15,3.1,401,90,g,,,,29,https://s3.zerofinder.co.kr/public/products/original/0MDX304FDS400.png,https://s3.zerofinder.co.kr/public/nutritionfacts/0MDX2N24PD400.png,https://zerofinder.co.kr/product/0MDX2XEE9X400,zerofinder
고단백 저당 포카치아 감자페퍼,널담,간식/디저트,15400,danawa,저당류,232,2.5,28,16,5.9,635,90,g,,,,23,https://s3.zerofinder.co.kr/public/products/original/0MDQ5RRH19400.png,https://s3.zerofinder.co.kr/public/nutritionfacts/0MDQ5R93TN400.png,https://zerofinder.co.kr/product/0MDQ62MJPX400,zerofinder
프로틴 초코맛,얼티브,음료,21320,danawa,무당류,125,0,2,21,3.9,330,250,mL,"아세설팜칼륨,수크랄로스","아세설팜칼륨:0,수크랄로스:0",,44,https://s3.zerofinder.co.kr/public/products/original/0MDQ37SJ51400.png,https://s3.zerofinder.co.kr/public/nutritionfacts/0MDQ3991CX400.png,https://zerofinder.co.kr/product/0MDQ3FREPS400,zerofinder
프로틴 바나나,얼티브,음료,49000,danawa,무당류,115,0,0,21,3.4,450,250,mL,"수크랄로스,아세설팜칼륨","수크랄로스:0,아세설팜칼륨:0",,28,https://s3.zerofinder.co.kr/public/products/original/0MDQ2SX51H400.png,https://s3.zerofinder.co.kr/public/nutritionfacts/0MDQ2VAZCH400.png,https://zerofinder.co.kr/product/0MDQ318849400,zerofinder
프로틴 로얄밀크티향,얼티브,음료,54660,danawa,무당류,115,0,1,20,3.3,380,250,mL,"아세설팜칼륨,수크랄로스","아세설팜칼륨:0,수크랄로스:0",,50,https://s3.zerofinder.co.kr/public/products/original/0MDQ2CSYDS400.png,https://s3.zerofinder.co.kr/public/nutritionfacts/0MDQ2EYW4N400.png,https://zerofinder.co.kr/product/0MDQ2N50TX400,zerofinder
프로틴 피스타치오맛,얼티브,음료,54390,danawa,무당류,115,0,1,21,3.1,420,250,mL,"아세설팜칼륨,수크랄로스","아세설팜칼륨:0,수크랄로스:0",,47,https://s3.zerofinder.co.kr/public/products/original/0MDQ1ZWTCD400.png,https://s3.zerofinder.co.kr/public/nutritionfacts/0MDQ2225RH400.png,https://zerofinder.co.kr/product/0MDQ280Y05400,zerofinder
프로틴 쌀밥맛,얼티브,음료,45600,danawa,,45,0.0,0.14,8.5,1.2,131.0,250,mL,"아세설팜칼륨,수크랄로스","아세설팜칼륨:0,수크랄로스:0",,23,https://s3.zerofinder.co.kr/public/products/original/0MDPZQCD4N400.png,https://s3.zerofinder.co.kr/public/nutritionfacts/0MDPZQMMSX400.png,https://zerofinder.co.kr/product/0MDQ029T9H400,zerofinder
프로틴 단백질 밤맛,얼티브,음료,29900,danawa,,53,0.0,3.17,8.32,0.75,129.0,250,mL,"아세설팜칼륨,수크랄로스","아세설팜칼륨:0,수크랄로스:0",,59,https://s3.zerofinder.co.kr/public/products/original/0MDPZ5HYEW800.png,https://s3.zerofinder.co.kr/public/nutritionfacts/0MDPZ5KGBM800.png,https://zerofinder.co.kr/product/0MDPZFFC15400,zerofinder
맛있는 곤약젤리 골드키위 & 파인,슈가로로,간식/디저트,13700,estimated,,3,0.0,8.0,0.0,0.0,50.0,150,g,"에리스리톨,수크랄로스","에리스리톨:11,수크랄로스:0",,11,https://s3.zerofinder.co.kr/public/products/original/0MDCBRN92RM00.png,https://s3.zerofinder.co.kr/public/nutritionfacts/0MDCAPYWGCM00.png,https://zerofinder.co.kr/product/0MDCB1WK5GM00,zerofinder
맛있는 곤약젤리 청포도,슈가로로,간식/디저트,14980,danawa,,3,0.0,9.33,0.0,0.0,57.0,150,g,"에리스리톨,수크랄로스","에리스리톨:12,수크랄로스:0",,34,https://s3.zerofinder.co.kr/public/products/original/0MDC8ZYP08M00.png,https://s3.zerofinder.co.kr/public/nutritionfacts/0MDC92VCJCM00.png,https://zerofinder.co.kr/product/0MDC98ZG8MM00,zerofinder
맛있는 곤약젤리 망고,슈가로로,간식/디저트,13900,danawa,,3,0.0,7.33,0.0,0.0,60.0,150,g,"에리스리톨,수크랄로스","에리스리톨:12.5,수크랄로스:0",,28,https://s3.zerofinder.co.kr/public/products/original/0MDC8AFDXCM00.png,https://s3.zerofinder.co.kr/public/nutritionfacts/0MDC8CTB5RM00.png,https://zerofinder.co.kr/product/0MDC8MM794M00,zerofinder
맛있는 곤약젤리 복숭아,슈가로로,간식/디저트,27000,danawa,,3,0.0,8.67,0.0,0.0,80.0,150,g,"에리스리톨,수크랄로스","에리스리톨:12,수크랄로스:0",,27,https://s3.zerofinder.co.kr/public/products/original/0MDC7AZK20M00.png,https://s3.zerofinder.co.kr/public/nutritionfacts/0MDC7EBESGM00.png,https://zerofinder.co.kr/product/0MDC7P1XX0M00,zerofinder
무설탕 비타민 구미 젤리 복숭아,슈가로로,간식/디저트,137220,danawa,,88,18,28,2,,10,45,g,"말티톨,D-말티톨,효소처리스테비아","말티톨:0,D-말티톨:0,효소처리스테비아:0",,22,https://s3.zerofinder.co.kr/public/products/original/0MDC6DA2NWM00.png,https://s3.zerofinder.co.kr/public/nutritionfacts/0MDC6JWCNCM00.png,https://zerofinder.co.kr/product/0MDC6TPFFWM00,zerofinder
스파클링 샤인머스캣,슈가로로,음료,17290,real,,0,0.0,0.29,0.0,0.0,9.0,350,mL,"에리스리톨,스테비올 배당체,아세설팜칼륨","에리스리톨:1,스테비올 배당체:0,아세설팜칼륨:0",,49,https://s3.zerofinder.co.kr/public/products/original/0MDC5AKHJWM00.png,https://s3.zerofinder.co.kr/public/nutritionfacts/0MDC5DQAVCM00.png,https://zerofinder.co.kr/product/0MDC5PH508M00,zerofinder
리얼 닭가슴살칩 오리지널,신선어람,육가공품,50460,danawa,저당류,110,1,1,23,1.3,220,30,g,,,,45,https://s3.zerofinder.co.kr/public/products/original/0MC2ZHZWGY000.png,https://s3.zerofinder.co.kr/public/nutritionfacts/0MC2ZN2RWP000.png,https://zerofinder.co.kr/product/0MC2ZSW3TJ000,zerofinder
리얼 닭가슴살칩 블랙페퍼,신선어람,육가공품,15100,estimated,저당류,105,1,2,22,1.2,220,30,g,,,,51,https://s3.zerofinder.co.kr/public/products/original/0MC2YDE5F2000.png,https://s3.zerofinder.co.kr/public/nutritionfacts/0MC2YF49JA000.png,https://zerofinder.co.kr/product/0MC2Z6026Y000,zerofinder
리얼 닭가슴살칩 허브갈릭,신선어람,육가공품,16300,estimated,저당류,110,1,0,23,1.3,210,30,g,,,,34,https://s3.zerofinder.co.kr/public/products/original/0MC2WWGWXE000.png,https://s3.zerofinder.co.kr/public/nutritionfacts/0MC2WXG0P2000.png,https://zerofinder.co.kr/product/0MC2XT2962000,zerofinder
리얼 닭가슴살칩 스파이시,신선어람,육가공품,22040,danawa,,115,2,3,22,1.5,310,30,g,효소처리스테비아,효소처리스테비아:0,,45,https://s3.zerofinder.co.kr/public/products/original/0MC2W58K3P000.png,https://s3.zerofinder.co.kr/public/nutritionfacts/0MC2W7B276000.png,https://zerofinder.co.kr/product/0MC2WJKSBP000,zerofinder
제로슈가 춘천식 닭갈비,한강식품,육가공품,23500,estimated,무당류,203,0,6,11.1,15.26,400,100,g,효소처리스테비아,효소처리스테비아:0,,19,https://s3.zerofinder.co.kr/public/products/original/0MBB8KQYPBR00.png,https://s3.zerofinder.co.kr/public/nutritionfacts/0M1DK7C47T400.png,https://zerofinder.co.kr/product/0PCNV3FZ68T0R,zerofinder
밀크초코볼 헤이즐넛,마이노멀,간식/디저트,20000,estimated,,163,2,11,3,15,10,30,g,알룰로스,알룰로스:7,,58,https://s3.zerofinder.co.kr/public/products/original/0M9GWR17V3R00.png,https://s3.zerofinder.co.kr/public/nutritionfacts/0M9GWK2X8KR00.png,https://zerofinder.co.kr/product/0M9GWW64ZZR00,zerofinder
초콜릿 아이스크림,마이노멀,간식/디저트,9600,real,저당류,120,2,14,3,10,25,100,mL,"알룰로스,효소처리스테비아","알룰로스:7,효소처리스테비아:0",,54,https://s3.zerofinder.co.kr/public/products/original/0M9GW1NZ2FR00.png,https://s3.zerofinder.co.kr/public/nutritionfacts/0M9GW20GFKR00.png,https://zerofinder.co.kr/product/0M9GW762QZR00,zerofinder
알룰로스,마이노멀,기타,29000,danawa,,10,0.0,76.0,0.0,0.0,0.0,350,g,"스테비올 배당체,나한과추출분말,알룰로스","스테비올 배당체:0,나한과추출분말:0,알룰로스:99",,19,https://s3.zerofinder.co.kr/public/products/original/0M9GVGRW9QR00.png,https://s3.zerofinder.co.kr/public/nutritionfacts/0M9GVJ8Z5BR00.png,https://zerofinder.co.kr/product/0M9GVNJZB7R00,zerofinder
저당 바닐라 라떼,마이노멀,음료,31720,danawa,저당류,110,8,22,5,5,90,250,mL,"알룰로스,효소처리스테비아,나한과추출분말","알룰로스:11,효소처리스테비아:0,나한과추출분말:0",,56,https://s3.zerofinder.co.kr/public/products/original/0M9GTZ56PKR00.png,https://s3.zerofinder.co.kr/public/nutritionfacts/0M9GV11N7ZR00.png,https://zerofinder.co.kr/product/0M9GV6VM3VR00,zerofinder
제로젤리 포도베어,마이노멀,간식/디저트,14900,estimated,무당류,40,0,28,3,0,0,38,g,"알룰로스,효소처리스테비아","알룰로스:15,효소처리스테비아:0",,22,https://s3.zerofinder.co.kr/public/products/original/0M9GT57FQQR00.png,https://s3.zerofinder.co.kr/public/nutritionfacts/0M9GT75DEQR00.png,https://zerofinder.co.kr/product/0M9GTMAAN7R00,zerofinder
무가당 땅콩버터 스틱 크런치,마이노멀,간식/디저트,31720,danawa,저당류,120,1,4,6,9,0,20,g,,,,41,https://s3.zerofinder.co.kr/public/products/original/0M9GSATAZFR00.png,https://s3.zerofinder.co.kr/public/nutritionfacts/0M9GSC7AY7R00.png,https://zerofinder.co.kr/product/0M9GSMRJY7R00,zerofinder
오리지널 디카페인 방탄커피,마이노멀,음료,43830,danawa,무당류,150,0,3.8,2,13.8,20,230,mL,,,,25,https://s3.zerofinder.co.kr/public/products/original/0M9GRTYHCVR00.png,https://s3.zerofinder.co.kr/public/nutritionfacts/0M9GRXNXVBR00.png,https://zerofinder.co.kr/product/0M9GS6T297R00,zerofinder
바닐라 아이스크림,마이노멀,간식/디저트,13400,estimated,저당류,110,2,14.7,2.7,7.4,30,100,g,"알룰로스,효소처리스테비아","알룰로스:6,효소처리스테비아:0",,36,https://s3.zerofinder.co.kr/public/products/original/0M9GR1BZZVR00.png,https://s3.zerofinder.co.kr/public/nutritionfacts/0M9GR1MS27R00.png,https://zerofinder.co.kr/product/0M9GRDMM0BR00,zerofinder
초코잼,마이노멀,조미료/소스,12900,estimated,저당류,210,3.3,49,7,15,80,100,g,"알룰로스,나한과추출분말,효소처리스테비아","알룰로스:37,나한과추출분말:0,효소처리스테비아:0",,46,https://s3.zerofinder.co.kr/public/products/original/0M96XNXMABR00.png,https://s3.zerofinder.co.kr/public/nutritionfacts/0M96XR9JT3R00.png,https://zerofinder.co.kr/product/0M96XYT2H7R00,zerofinder
저당 굴소스,마이노멀,조미료/소스,7970,real,무당류,20,0,29,3,0,4050,100,g,"알룰로스,나한과추출분말","알룰로스:27,나한과추출분말:0",,34,https://s3.zerofinder.co.kr/public/products/original/0M96WCKNWFR00.png,https://s3.zerofinder.co.kr/public/nutritionfacts/0M96WG5WEVR00.png,https://zerofinder.co.kr/product/0M96WP17ZKR00,zerofinder
저당 저칼로리 블루베리잼,마이노멀,조미료/소스,12250,real,저당류,30,4.8,62,1,0,3,100,g,알룰로스,알룰로스:55,,14,https://s3.zerofinder.co.kr/public/products/original/0M96W0ZB7KR00.png,https://s3.zerofinder.co.kr/public/nutritionfacts/0M96W1ZH6BR00.png,https://zerofinder.co.kr/product/0M96W5ZHYQR00,zerofinder
저당 고추장,마이노멀,조미료/소스,11400,estimated,,88,3.0,36.0,7.0,2.4,2600.0,100,g,알룰로스,알룰로스:29,,20,https://s3.zerofinder.co.kr/public/products/original/0M96VJH9VZR00.png,https://s3.zerofinder.co.kr/public/nutritionfacts/0M96VKA677R00.png,https://zerofinder.co.kr/product/0M96VRES7KR00,zerofinder
무가당 땅콩버터 100% 크런치,마이노멀,조미료/소스,10900,danawa,,620,6,21,28,47,0,100,g,,,,39,https://s3.zerofinder.co.kr/public/products/original/0M96TXWR27R00.png,https://s3.zerofinder.co.kr/public/nutritionfacts/0M96V1YJNZR00.png,https://zerofinder.co.kr/product/0M96VBEGZ7R00,zerofinder
저당 머스타드,마이노멀,조미료/소스,40580,danawa,무당류,144,0,29,2,12,770,100,g,"알룰로스,스테비올 배당체","알룰로스:21,스테비올 배당체:0",,42,https://s3.zerofinder.co.kr/public/products/original/0M96TCK28FR00.png,https://s3.zerofinder.co.kr/public/nutritionfacts/0M96TDPY1BR00.png,https://zerofinder.co.kr/product/0M96TR4FMZR00,zerofinder
저당 드레싱 참깨흑임자,마이노멀,조미료/소스,20330,danawa,무당류,315,0,14,2,34,520,100,g,"알룰로스,스테비올 배당체","알룰로스:14,스테비올 배당체:0",,42,https://s3.zerofinder.co.kr/public/products/original/0M96SJBTW3R00.png,https://s3.zerofinder.co.kr/public/nutritionfacts/0M96SMC9DQR00.png,https://zerofinder.co.kr/product/0M96SV03AQR00,zerofinder
저당 오리엔탈 드레싱,마이노멀,조미료/소스,20330,danawa,무당류,65,0,25,2,6,1720,100,g,"알룰로스,스테비올 배당체","알룰로스:24,스테비올 배당체:0",,19,https://s3.zerofinder.co.kr/public/products/original/0M96S10SE7R00.png,https://s3.zerofinder.co.kr/public/nutritionfacts/0M96S63GZBR00.png,https://zerofinder.co.kr/product/0M96SCB5FVR00,zerofinder
저칼로리 케찹,마이노멀,조미료/소스,15900,danawa,저당류,37,5,20,2,0.5,1140,100,g,"알룰로스,스테비올 배당체","알룰로스:13,스테비올 배당체:0",,13,https://s3.zerofinder.co.kr/public/products/original/0M96RDWBV3R00.png,https://s3.zerofinder.co.kr/public/nutritionfacts/0M96RFMQ0ZR00.png,https://zerofinder.co.kr/product/0M96RWDNJQR00,zerofinder
딸기잼,마이노멀,조미료/소스,14200,estimated,저당류,30,3,62,1,0,5,100,g,알룰로스,알룰로스:55,,10,https://s3.zerofinder.co.kr/public/products/original/0M96QQQNV7R00.png,https://s3.zerofinder.co.kr/public/nutritionfacts/0M96QRKBC3R00.png,https://zerofinder.co.kr/product/0M96R72MYFR00,zerofinder
저당 마요네즈,마이노멀,조미료/소스,40900,danawa,무당류,560,0,8,1,60,610,100,g,"스테비올 배당체,알룰로스","스테비올 배당체:0,알룰로스:3",,60,https://s3.zerofinder.co.kr/public/products/original/0M96N4XZQZR00.png,https://s3.zerofinder.co.kr/public/nutritionfacts/0M96N8R7QFR00.png,https://zerofinder.co.kr/product/0M96NG14QVR00,zerofinder
저당 저칼로리 알룰로스,마이노멀,조미료/소스,45950,danawa,저당류,8,1,72,0,0,0,100,g,"알룰로스,스테비올 배당체,아라비아검","알룰로스:70,스테비올 배당체:0,아라비아검:0",,45,https://s3.zerofinder.co.kr/public/products/original/0M96MVBJQZR00.png,https://s3.zerofinder.co.kr/public/nutritionfacts/0M96M8J743R00.png,https://zerofinder.co.kr/product/0M96MQT07BR00,zerofinder
뺀닭 제로슈가 닭가슴살 데리야끼맛,미가온푸드,육가공품,14900,estimated,무당류,115,0,2,22,2.1,430,100,g,"알룰로스,D-소비톨액","알룰로스:0,D-소비톨액:0",,48,https://s3.zerofinder.co.kr/public/products/original/0M88TBRP36800.png,https://s3.zerofinder.co.kr/public/nutritionfacts/0M88TCP04Y800.png,https://zerofinder.co.kr/product/0PCNV3FZEZ7WG,zerofinder
뺀닭 제로슈가 닭가슴살 허니갈릭맛,미가온푸드,육가공품,19200,estimated,무당류,110,0,7,18,1.1,550,100,g,알룰로스,알룰로스:0,,9,https://s3.zerofinder.co.kr/public/products/original/0M88SKSSXJ800.png,https://s3.zerofinder.co.kr/public/nutritionfacts/0M88SJDWQE800.png,https://zerofinder.co.kr/product/0PCNV3FZCVXRP,zerofinder
젤리블리 제로슈거 납작복숭아 젤리,젤리블리,간식/디저트,15800,estimated,무당류,4,0,9.8,0,0,45,60,g,"에리스리톨,수크랄로스,효소처리스테비아","에리스리톨:8.72,수크랄로스:0,효소처리스테비아:0",,43,https://s3.zerofinder.co.kr/public/products/original/0M88R748JJ800.png,https://s3.zerofinder.co.kr/public/nutritionfacts/0M88R7VYTP800.png,https://zerofinder.co.kr/product/0PCNV3FZCS8FN,zerofinder
왓더파머스 제로 알룰로스 액상,왓더파머스,간식/디저트,20450,danawa,무당류,10,0,74,0,0,0,100,g,알룰로스,알룰로스:71,,38,https://s3.zerofinder.co.kr/public/products/original/0M88QKE0EJ800.png,https://s3.zerofinder.co.kr/public/nutritionfacts/0M88QNJK0Y800.png,https://zerofinder.co.kr/product/0PCNV3FZCS5EQ,zerofinder
잇츠베러 제로슈가 황치즈향 쿠키,잇츠베러,간식/디저트,14000,estimated,무당류,173,0,25,6,7,320,40,g,"D-말티톨,효소처리스테비아","D-말티톨:0,효소처리스테비아:0",,40,https://s3.zerofinder.co.kr/public/products/original/0M88PHW9NP800.png,https://s3.zerofinder.co.kr/public/nutritionfacts/0M88PMZTYY800.png,https://zerofinder.co.kr/product/0PCNV3FZCQ11B,zerofinder
아침에 좋은빵 제로슈가 통밀빵,와이앤제이코퍼레이션,간식/디저트,22500,estimated,저당류,268,1.2,43.28,9.74,6.26,8,100,g,,,,5,https://s3.zerofinder.co.kr/public/products/original/0M88NNYC0J800.png,https://s3.zerofinder.co.kr/public/nutritionfacts/0M88NR72QJ800.png,https://zerofinder.co.kr/product/0PCNV3FZCN131,zerofinder
잇츠베러 제로슈가 스윗오트 쿠키,잇츠베러,간식/디저트,20000,estimated,무당류,173,0,25,6,7,250,40,g,"D-말티톨,효소처리스테비아,수크랄로스","D-말티톨:0,효소처리스테비아:0,수크랄로스:0",,12,https://s3.zerofinder.co.kr/public/products/original/0M88MB9CH2800.png,https://s3.zerofinder.co.kr/public/nutritionfacts/0M88MCXVAP800.png,https://zerofinder.co.kr/product/0PCNV3FZCMNWW,zerofinder
제로 복숭아 아이스티베이스,그린트리,간식/디저트,18390,danawa,무당류,4,0.08,8.39,0.07,0.11,3,100,g,"에리스리톨,알룰로스,수크랄로스,효소처리스테비아,아세설팜칼륨","에리스리톨:0,알룰로스:0,수크랄로스:0,효소처리스테비아:0,아세설팜칼륨:0",,39,https://s3.zerofinder.co.kr/public/products/original/0M88K1TR6Y800.png,https://s3.zerofinder.co.kr/public/nutritionfacts/0M88KHXYCP800.png,https://zerofinder.co.kr/product/0PCNV3FZCHDXH,zerofinder
라이블링 애사비 소다 제로 사과맛,웅진,음료,27300,estimated,무당류,24,2,4,0,0.7,30,500,mL,"아세설팜칼륨,수크랄로스","아세설팜칼륨:0,수크랄로스:0",,54,https://s3.zerofinder.co.kr/public/products/original/0M88JBV3EE800.png,https://s3.zerofinder.co.kr/public/nutritionfacts/0M88JDGVZP800.png,https://zerofinder.co.kr/product/0PCNV3FZCFRYJ,zerofinder
데일리구미 멀티비타민 제로슈가,서주2공장,간식/디저트,19400,estimated,무당류,427,0,123,12,1.2,15.7,150,g,"D-소비톨액,아라비아검,효소처리스테비아","D-소비톨액:0,아라비아검:0,효소처리스테비아:0",,12,https://s3.zerofinder.co.kr/public/products/original/0M7YPD9JNE800.png,https://s3.zerofinder.co.kr/public/nutritionfacts/0M7YPFANTE800.png,https://zerofinder.co.kr/product/0PCNV3FZCD6DG,zerofinder
비타민C1000 스파클링 제로,고려은단,음료,24570,danawa,무당류,10,0,12,0,0,75,250,mL,"에리스리톨,효소처리스테비아,수크랄로스,아세설팜칼륨,아라비아검","에리스리톨:9,효소처리스테비아:0,수크랄로스:0,아세설팜칼륨:0,아라비아검:0",,15,https://s3.zerofinder.co.kr/public/products/original/0M7YNCJMCA800.png,https://s3.zerofinder.co.kr/public/nutritionfacts/0M7YNERKFY800.png,https://zerofinder.co.kr/product/0PCNV3FZC6439,zerofinder
제로아워 알파시디 레몬수,퓨럽,음료,21900,estimated,무당류,15,0,12,0,0,5,500,mL,"에리스리톨,수크랄로스,스테비올 배당체","에리스리톨:6.95,수크랄로스:0,스테비올 배당체:0",,51,https://s3.zerofinder.co.kr/public/products/original/0M7YKTJBJA800.png,https://s3.zerofinder.co.kr/public/nutritionfacts/0M7YKXC4D2800.png,https://zerofinder.co.kr/product/0PCNV3FZBS7F4,zerofinder
세네 에너지 제로슈거 자몽,상일,음료,10000,danawa,무당류,0,0,2.55,1,0,25,250,mL,"에리스리톨,아세설팜칼륨,수크랄로스","에리스리톨:2.5,아세설팜칼륨:0,수크랄로스:0",,21,https://s3.zerofinder.co.kr/public/products/original/0M7YJSD13J800.png,https://s3.zerofinder.co.kr/public/nutritionfacts/0M7YJVMR12800.png,https://zerofinder.co.kr/product/0PCNV3FZBPP26,zerofinder
이강베 제로복숭아아이스티,자연농장,음료,31300,estimated,무당류,1,0,0,0,0,1,20,g,알룰로스,알룰로스:2.8,,53,https://s3.zerofinder.co.kr/public/products/original/0M7YHHMGW6800.png,https://s3.zerofinder.co.kr/public/nutritionfacts/0M7YHVJ0RE800.png,https://zerofinder.co.kr/product/0PCNV3FZBMDCR,zerofinder
이디야 제로슈가쿠키 스윗오트,더플랜잇,간식/디저트,13000,estimated,무당류,175,0,25,6,7,250,40,g,"D-말티톨,효소처리스테비아,수크랄로스","D-말티톨:0,효소처리스테비아:0,수크랄로스:0",,11,https://s3.zerofinder.co.kr/public/products/original/0M7YG9YXDE800.png,https://s3.zerofinder.co.kr/public/nutritionfacts/0M7YGS8EQP800.png,https://zerofinder.co.kr/product/0PCNV3FZBAP3B,zerofinder
포켓몬 애사비 젤리 믹스 제로,에스디푸드,간식/디저트,22600,estimated,무당류,200,0,74,6,0,80,100,g,말티톨,말티톨:0,,24,https://s3.zerofinder.co.kr/public/products/original/0M7YB4EYBY800.png,https://s3.zerofinder.co.kr/public/nutritionfacts/0M7YB5SAFJ800.png,https://zerofinder.co.kr/product/0PCNV3FZB78XB,zerofinder
파리의 이온비타제로 레몬,퓨어플러스,음료,28900,estimated,무당류,1,0,2.4,0,0,34,100,mL,"에리스리톨,수크랄로스","에리스리톨:2.2,수크랄로스:0",,37,https://s3.zerofinder.co.kr/public/products/original/0M7Y99Q0SP800.png,https://s3.zerofinder.co.kr/public/nutritionfacts/0M7Y9C19K6800.png,https://zerofinder.co.kr/product/0PCNV3FZB10RY,zerofinder
제로닭 닭가슴살볼 양념치킨,삼립,육가공품,20500,real,저당류,226,1,11,14,14,970,120,g,"효소처리스테비아,알룰로스","효소처리스테비아:0,알룰로스:0",,43,https://s3.zerofinder.co.kr/public/products/original/0M7Y8G50YT800.png,https://s3.zerofinder.co.kr/public/nutritionfacts/0M7Y8JKBFT800.png,https://zerofinder.co.kr/product/0PCNV3FZAZMER,zerofinder
더 라이트 제로 자몽베이스,서울팩토리,음료,17200,estimated,저당류,25,2,47,0,0,15,100,g,"알룰로스,아라비아검,D-소비톨액,수크랄로스","알룰로스:42,아라비아검:0,D-소비톨액:0,수크랄로스:0",,28,https://s3.zerofinder.co.kr/public/products/original/0M7Y5A5ZV2800.png,https://s3.zerofinder.co.kr/public/nutritionfacts/0M7Y5G6SMY800.png,https://zerofinder.co.kr/product/0PCNV3FZAD7KA,zerofinder
제로슈가쿠키 더블초코,잇츠베러,간식/디저트,13000,real,무당류,173,0,25,6,8,240,40,g,"D-말티톨,효소처리스테비아,수크랄로스,말티톨","D-말티톨:0,효소처리스테비아:0,수크랄로스:0,말티톨:0",,53,https://s3.zerofinder.co.kr/public/products/original/0M79857YVJ400.png,https://s3.zerofinder.co.kr/public/nutritionfacts/0M7981BCRY400.png,https://zerofinder.co.kr/product/0PCNV3FZA8V10,zerofinder
티즐 유자 그린티,웅진,음료,15690,real,무당류,5,9,8.8,9,9,25,5000,mL,"에리스리톨,아세설팜칼륨,수크랄로스,스테비올 배당체","에리스리톨:7.5,아세설팜칼륨:0,수크랄로스:0,스테비올 배당체:0",,15,https://s3.zerofinder.co.kr/public/products/original/0M7968SXD2400.png,https://s3.zerofinder.co.kr/public/nutritionfacts/0M7959QPRA400.png,https://zerofinder.co.kr/product/0PCNV3FZA5KBM,zerofinder
밀크소다 제로 메론,부르르,음료,10600,real,무당류,8,1,3,1,0,10,250,mL,"수크랄로스,알룰로스,아세설팜칼륨","수크랄로스:0,알룰로스:2,아세설팜칼륨:0",,39,https://s3.zerofinder.co.kr/public/products/original/0M78NKMN6P400.png,https://s3.zerofinder.co.kr/public/nutritionfacts/0M791QEEY6400.png,https://zerofinder.co.kr/product/0PCNV3FZ9TNGH,zerofinder
저당 넛티초코바 초콜릿,라라스윗,간식/디저트,7900,real,저당류,120,2,14,2,9,35,75,mL,"에리스리톨,알룰로스","에리스리톨:3,알룰로스:2",,54,https://s3.zerofinder.co.kr/public/products/original/0M74YKK7QJ400.png,https://s3.zerofinder.co.kr/public/nutritionfacts/0M74YMJRAP400.png,https://zerofinder.co.kr/product/0M74YW902P400,zerofinder
리얼 피스타치오 젤라또바 아이스크림,라라스윗,간식/디저트,7990,real,저당류,105,2,16,2,6,60,70,mL,"알룰로스,아세설팜칼륨,수크랄로스,소르비톨","알룰로스:2,아세설팜칼륨:0,수크랄로스:0,소르비톨:0",,38,https://s3.zerofinder.co.kr/public/products/original/0M74Y39DVJ400.png,https://s3.zerofinder.co.kr/public/nutritionfacts/0M74Y4KQAP400.png,https://zerofinder.co.kr/product/0M74YBV0P2400,zerofinder
저당 헤이즐넛 초코웨하스,라라스윗,간식/디저트,10010,real,저당류,375,2.8,51,6,20,120,80,g,"이소말트,수크랄로스,효소처리스테비아","이소말트:0,수크랄로스:0,효소처리스테비아:0",,5,https://s3.zerofinder.co.kr/public/products/original/0M74XHM0DE400.png,https://s3.zerofinder.co.kr/public/nutritionfacts/0M74XFCTPP400.png,https://zerofinder.co.kr/product/0M74XTXD7J400,zerofinder
저당 바닐라 초코바,라라스윗,간식/디저트,47830,danawa,저당류,170,2,20,3,14,40,90,mL,"에리스리톨,알룰로스,아세설팜칼륨,수크랄로스","에리스리톨:6,알룰로스:2,아세설팜칼륨:0,수크랄로스:0",,36,https://s3.zerofinder.co.kr/public/products/original/0M74W5Y2RP400.png,https://s3.zerofinder.co.kr/public/nutritionfacts/0M74W6PK7A400.png,https://zerofinder.co.kr/product/0M74WG8MT2400,zerofinder
치즈케이크 아이스밀크,라라스윗,간식/디저트,10700,estimated,,75,6,12,2,4.2,95,100,mL,"에리스리톨,알룰로스","에리스리톨:0,알룰로스:3",,28,https://s3.zerofinder.co.kr/public/products/original/0M74VQKNY6400.png,https://s3.zerofinder.co.kr/public/nutritionfacts/0M74VRAZC6400.png,https://zerofinder.co.kr/product/0M74VZRWB2400,zerofinder
생요거트 아사이볼,라라스윗,간식/디저트,5860,real,,90,8,37,1,1,10,150,mL,"알룰로스,에리스리톨,수크랄로스","알룰로스:4,에리스리톨:9,수크랄로스:0",,58,https://s3.zerofinder.co.kr/public/products/original/0M74V46MPA400.png,https://s3.zerofinder.co.kr/public/nutritionfacts/0M74V76E2E400.png,https://zerofinder.co.kr/product/0M74VGD852400,zerofinder
저당 넛티초코바 바닐라,라라스윗,간식/디저트,7110,real,저당류,145,3,17,2,11,35,75,mL,"에리스리톨,알룰로스,아세설팜칼륨,수크랄로스","에리스리톨:3,알룰로스:2,아세설팜칼륨:0,수크랄로스:0",,56,https://s3.zerofinder.co.kr/public/products/original/0M74TNE2CJ400.png,https://s3.zerofinder.co.kr/public/nutritionfacts/0M74TR8J5P400.png,https://zerofinder.co.kr/product/0M74TYWMBT400,zerofinder
저당 생요거트 플레인 아이스밀크,라라스윗,간식/디저트,6710,real,저당류,90,3,15,2,4.9,20,100,mL,"에리스리톨,아세설팜칼륨,수크랄로스,말토덱스트린","에리스리톨:3,아세설팜칼륨:0,수크랄로스:0,말토덱스트린:0",,24,https://s3.zerofinder.co.kr/public/products/original/0M74T0PMWA400.png,https://s3.zerofinder.co.kr/public/nutritionfacts/0M74T30KJE400.png,https://zerofinder.co.kr/product/0M74TBYTR2400,zerofinder
저당 블루베리 생요거트바,라라스윗,간식/디저트,7900,real,,75,4,17,1,2.8,25,70,mL,"에리스리톨,아세설팜칼륨,수크랄로스","에리스리톨:3,아세설팜칼륨:0,수크랄로스:0",,20,https://s3.zerofinder.co.kr/public/products/original/0M74SFTY46400.png,https://s3.zerofinder.co.kr/public/nutritionfacts/0M74SK82FA400.png,https://zerofinder.co.kr/product/0M74SVA7WT400,zerofinder
생우유 모나카 아이스크림,라라스윗,간식/디저트,6580,real,저당류,120,4,22,4,6,50,140,mL,"알룰로스,에리스리톨,효소처리스테비아","알룰로스:3,에리스리톨:3,효소처리스테비아:0",,8,https://s3.zerofinder.co.kr/public/products/original/0M74S2CCSA400.png,https://s3.zerofinder.co.kr/public/nutritionfacts/0M74S33236400.png,https://zerofinder.co.kr/product/0M74SBBZGJ400,zerofinder
초콜릿 모나카 아이스밀크,라라스윗,간식/디저트,7520,real,저당류,100,3,19,3,5,85,140,mL,"에리스리톨,알룰로스,효소처리스테비아","에리스리톨:3,알룰로스:3,효소처리스테비아:0",,20,https://s3.zerofinder.co.kr/public/products/original/0M74R0D1HT400.png,https://s3.zerofinder.co.kr/public/nutritionfacts/0M74R24PE6400.png,https://zerofinder.co.kr/product/0M74R92VN2400,zerofinder
말차 아이스밀크,라라스윗,간식/디저트,9440,real,,70,6,15,3,2.6,50,100,mL,"알룰로스,에리스리톨,효소처리스테비아","알룰로스:3,에리스리톨:1,효소처리스테비아:0",,41,https://s3.zerofinder.co.kr/public/products/original/0M74QD4PTP400.png,https://s3.zerofinder.co.kr/public/nutritionfacts/0M74QEH05A400.png,https://zerofinder.co.kr/product/0M74QR4DJY400,zerofinder
바닐라빈 아이스밀크,라라스윗,간식/디저트,6320,real,저당류,75,5,13,2,3.8,40,100,mL,"알룰로스,수크랄로스,아세설팜칼륨","알룰로스:2,수크랄로스:0,아세설팜칼륨:0",,10,https://s3.zerofinder.co.kr/public/products/original/0M74PN7NX6400.png,https://s3.zerofinder.co.kr/public/nutritionfacts/0M74PNZV32400.png,https://zerofinder.co.kr/product/0M74Q5GXEY400,zerofinder
생우유 아이스밀크,라라스윗,간식/디저트,6320,real,,70,6,13,3,3,80,100,mL,"에리스리톨,알룰로스,효소처리스테비아","에리스리톨:1,알룰로스:2,효소처리스테비아:0",,10,https://s3.zerofinder.co.kr/public/products/original/0M74P2YZZY400.png,https://s3.zerofinder.co.kr/public/nutritionfacts/0M74P5RVQE400.png,https://zerofinder.co.kr/product/0M74PC93CP400,zerofinder
저당 쫀득옥수수 듬뿍바,라라스윗,간식/디저트,9400,real,저당류,85,3,19,1,4.3,45,70,mL,"에리스리톨,알룰로스,수크랄로스","에리스리톨:1,알룰로스:3,수크랄로스:0",,51,https://s3.zerofinder.co.kr/public/products/original/0M74N10NGY400.png,https://s3.zerofinder.co.kr/public/nutritionfacts/0M74N28EJ2400.png,https://zerofinder.co.kr/product/0M74NP3D36400,zerofinder
초콜릿 아이스밀크,라라스윗,간식/디저트,17300,estimated,저당류,70,4,14.5,2,3.1,60,100,mL,"효소처리스테비아,알룰로스","효소처리스테비아:0,알룰로스:4",,9,https://s3.zerofinder.co.kr/public/products/original/0M6FYDVHKNM00.png,https://s3.zerofinder.co.kr/public/nutritionfacts/0M6FYEREJXM00.png,https://zerofinder.co.kr/product/0M6FYSQPKXM00,zerofinder
저당 멜론바,라라스윗,간식/디저트,24100,estimated,저당류,100,3,16,1,6,55,70,mL,"알룰로스,아세설팜칼륨,수크랄로스","알룰로스:2,아세설팜칼륨:0,수크랄로스:0",,39,https://s3.zerofinder.co.kr/public/products/original/0M6FXJ98XDM00.png,https://s3.zerofinder.co.kr/public/nutritionfacts/0M6FXK4YHHM00.png,https://zerofinder.co.kr/product/0M6FXZEF61M00,zerofinder
저당 쿠키앤크림 초코바,라라스윗,간식/디저트,21200,estimated,저당류,145,1,21,2,12,65,90,mL,"에리스리톨,알룰로스,말티톨","에리스리톨:7,알룰로스:4,말티톨:0",,13,https://s3.zerofinder.co.kr/public/products/original/0M6FWRNWW9M00.png,https://s3.zerofinder.co.kr/public/nutritionfacts/0M6FWSWZRNM00.png,https://zerofinder.co.kr/product/0M6FX5CF7DM00,zerofinder
저당 복숭아 생요거트바,라라스윗,간식/디저트,13900,danawa,저당류,80,3,17,1,3.4,20,70,mL,"에리스리톨,알룰로스,아세설팜칼륨,수크랄로스","에리스리톨:2,알룰로스:1,아세설팜칼륨:0,수크랄로스:0",,40,https://s3.zerofinder.co.kr/public/products/original/0M6FW21KJHM00.png,https://s3.zerofinder.co.kr/public/nutritionfacts/0M6FW2WAQXM00.png,https://zerofinder.co.kr/product/0M6FWC2QEXM00,zerofinder
저당 딸기 생요거트바,라라스윗,간식/디저트,31490,danawa,저당류,80,3,17,1,3.5,30,70,mL,"에리스리톨,알룰로스,아세설팜칼륨,수크랄로스","에리스리톨:3,알룰로스:0,아세설팜칼륨:0,수크랄로스:0",,38,https://s3.zerofinder.co.kr/public/products/original/0M6FVBD2G9M00.png,https://s3.zerofinder.co.kr/public/nutritionfacts/0M6FVCA2S5M00.png,https://zerofinder.co.kr/product/0M6FVK22PSM00,zerofinder
저당 초콜릿 초코바,라라스윗,간식/디저트,38410,danawa,저당류,150,2,18.5,3.5,13,55,90,mL,"알룰로스,에리스리톨","알룰로스:4,에리스리톨:6",,32,https://s3.zerofinder.co.kr/public/products/original/0M6FTKCDJHM00.png,https://s3.zerofinder.co.kr/public/nutritionfacts/0M6FTM6BTHM00.png,https://zerofinder.co.kr/product/0M6FTVSNCSM00,zerofinder
제로슈거 파비플로라 알파CD 보라워터,삼양,음료,31200,estimated,무당류,12,0,8,0,0,40,500,mL,스테비올 배당체,스테비올 배당체:0,,39,https://s3.zerofinder.co.kr/public/products/original/0M6BDJZMQXM00.png,https://s3.zerofinder.co.kr/public/nutritionfacts/0M6BDQFRD9M00.png,https://zerofinder.co.kr/product/0PCNV3FZCJ567,zerofinder
서주 탱글탱글 제로 사과맛,서주제과,간식/디저트,23050,danawa,무당류,87,0,32,0,0,29,40,g,"D-말티톨,D-소비톨액,효소처리스테비아,아세설팜칼륨","D-말티톨:0,D-소비톨액:0,효소처리스테비아:0,아세설팜칼륨:0",,49,https://s3.zerofinder.co.kr/public/products/original/0M6BCPS9QDM00.png,https://s3.zerofinder.co.kr/public/nutritionfacts/0M6BCR0GWHM00.png,https://zerofinder.co.kr/product/0PCNV3FZBCHN3,zerofinder
야쿠르트1971 코코바이트 제로,삼양패키징 광혜원 공장,음료,17300,estimated,무당류,0,0,7,0,0,25,280,mL,"에리스리톨,아세설팜칼륨,수크랄로스,스테비올 배당체,D-소비톨액,아라비아검","에리스리톨:0,아세설팜칼륨:0,수크랄로스:0,스테비올 배당체:0,D-소비톨액:0,아라비아검:0",,24,https://s3.zerofinder.co.kr/public/products/original/0M6BBG5T6DM00.png,https://s3.zerofinder.co.kr/public/nutritionfacts/0M6BBJF0SNM00.png,https://zerofinder.co.kr/product/0PCNV3FZBRDA2,zerofinder
보성홍차 아이스티 제로 샤인머스캣,동원,음료,20900,estimated,무당류,0,0,1,0,0,150,500,mL,"수크랄로스,아세설팜칼륨,스테비올 배당체","수크랄로스:0,아세설팜칼륨:0,스테비올 배당체:0",,47,https://s3.zerofinder.co.kr/public/products/original/0M6BAVAT5SM00.png,https://s3.zerofinder.co.kr/public/nutritionfacts/0M6BAXQ5A5M00.png,https://zerofinder.co.kr/product/0PCNV3FZC4GGK,zerofinder
제로 아이스 트리플 초콜릿바,롯데,간식/디저트,61720,danawa,무당류,150,0,16,2,11,45,80,mL,"D-말티톨,수크랄로스","D-말티톨:0,수크랄로스:0",,33,https://s3.zerofinder.co.kr/public/products/original/0M6B9TSS9SM00.png,https://s3.zerofinder.co.kr/public/nutritionfacts/0M6B9SKVPHM00.png,https://zerofinder.co.kr/product/0PCNV3FZBBG5N,zerofinder
보성홍차 아이스티 제로 애플,동원,음료,20100,danawa,무당류,0,1,1,0,0,50,500,mL,"수크랄로스,아세설팜칼륨","수크랄로스:0,아세설팜칼륨:0",,33,https://s3.zerofinder.co.kr/public/products/original/0M6B8ZMN65M00.png,https://s3.zerofinder.co.kr/public/nutritionfacts/0M6B930Q2NM00.png,https://zerofinder.co.kr/product/0PCNV3FZBRWK1,zerofinder
왓더파머스 제로 두부과자,농업회사법인 담양한과 명진식품,간식/디저트,12100,estimated,무당류,245,0,23,5,15,190,45,g,,,,19,https://s3.zerofinder.co.kr/public/products/original/0M6B89TXGSM00.png,https://s3.zerofinder.co.kr/public/nutritionfacts/0M6B8C5J1XM00.png,https://zerofinder.co.kr/product/0PCNV3FZAX19B,zerofinder
제로 오렌지망고,젤리블리,간식/디저트,11300,estimated,무당류,0,0,9,0,0,40,60,g,"에리스리톨,수크랄로스,효소처리스테비아","에리스리톨:8.67,수크랄로스:0,효소처리스테비아:0",,6,https://s3.zerofinder.co.kr/public/products/original/0M6B7BZJK9M00.png,https://s3.zerofinder.co.kr/public/nutritionfacts/0M6B7E85JNM00.png,https://zerofinder.co.kr/product/0PCNV3FZB2CBD,zerofinder
납작복숭아 제로,젤리블리,간식/디저트,18700,estimated,무당류,4,0,9.8,0,0,45,60,g,"에리스리톨,수크랄로스,효소처리스테비아","에리스리톨:8.72,수크랄로스:0,효소처리스테비아:0",,19,https://s3.zerofinder.co.kr/public/products/original/0M6B6JJ0PHM00.png,https://s3.zerofinder.co.kr/public/nutritionfacts/0M6B6HSFNHM00.png,https://zerofinder.co.kr/product/0PCNV3FZBFBAK,zerofinder
그릭슈바인 제로닭 오리지널,삼립,육가공품,75930,danawa,무당류,177,0,1,14,13,480,80,g,효소처리스테비아,효소처리스테비아:0,,5,https://s3.zerofinder.co.kr/public/products/original/0M6B5S86F5M00.png,https://s3.zerofinder.co.kr/public/nutritionfacts/0M6B5T0V3XM00.png,https://zerofinder.co.kr/product/0PCNV3FZBPHAZ,zerofinder
불가리스 유당 제로 복숭아,남양유업 세종공장,유제품,9600,estimated,,60,4.9,8.4,2.8,1.6,40,80,g,,,,45,https://s3.zerofinder.co.kr/public/products/original/0M6B1AECRSM00.png,https://s3.zerofinder.co.kr/public/nutritionfacts/0M6B1BGZYDM00.png,https://zerofinder.co.kr/product/0PCNV3FZAVC2V,zerofinder
기름제로 케어원 콜라겐 팝콘,케어원,주식/면류,10500,danawa,무당류,110,0,27,1,0.8,66,30,g,"스테비아,효소처리스테비아,자일리톨","스테비아:0,효소처리스테비아:0,자일리톨:0",,9,https://s3.zerofinder.co.kr/public/products/original/0M6B0AK7ANM00.png,https://s3.zerofinder.co.kr/public/nutritionfacts/0M6B0BMCW1M00.png,https://zerofinder.co.kr/product/0PCNV3FZAS8KB,zerofinder
제로당 소스퐁닭 스리라차마요,아임닭,육가공품,27100,estimated,무당류,115,0,3,17,3.7,460,100,g,"D-소비톨액,알룰로스,효소처리스테비아","D-소비톨액:0,알룰로스:0,효소처리스테비아:0",,60,https://s3.zerofinder.co.kr/public/products/original/0M6AZQJ2RHM00.png,https://s3.zerofinder.co.kr/public/nutritionfacts/0M6AZ75X41M00.png,https://zerofinder.co.kr/product/0PCNV3FZANNPA,zerofinder
그릭슈바인 제로닭 블랙페퍼,삼립,육가공품,17700,estimated,무당류,175,0,0.5,14,13,500,80,g,효소처리스테비아,효소처리스테비아:0,,37,https://s3.zerofinder.co.kr/public/products/original/0M6AY7JVV9M00.png,https://s3.zerofinder.co.kr/public/nutritionfacts/0M6AXVZ7G5M00.png,https://zerofinder.co.kr/product/0PCNV3FZAJJ1Q,zerofinder
캐치!티니핑 제로 애플망고맛,웅진식품,음료,17900,estimated,무당류,0,0,2.5,0,0,10,200,mL,"에리스리톨,수크랄로스,스테비올 배당체,아라비아검","에리스리톨:0,수크랄로스:0,스테비올 배당체:0,아라비아검:0",,47,https://s3.zerofinder.co.kr/public/products/original/0M6AREREKDM00.png,https://s3.zerofinder.co.kr/public/nutritionfacts/0M6ARG6HW5M00.png,https://zerofinder.co.kr/product/0PCNV3FZAJ42F,zerofinder
제로 단호박 단백질 설기떡,별미힘떡,간식/디저트,51200,danawa,저당류,188,1,32,10,2.4,246,85,g,"에리스리톨,스테비아","에리스리톨:0,스테비아:0",,39,https://s3.zerofinder.co.kr/public/products/original/0M6AQG8661M00.png,https://s3.zerofinder.co.kr/public/nutritionfacts/0M6AQNJ76NM00.png,https://zerofinder.co.kr/product/0PCNV3FZAHW5T,zerofinder
샤인머스켓 제로슈가,젤리블리,간식/디저트,12300,estimated,무당류,0,0,9,0,0,40,60,g,"에리스리톨,효소처리스테비아,수크랄로스","에리스리톨:0,효소처리스테비아:0,수크랄로스:0",,41,https://s3.zerofinder.co.kr/public/products/original/0M6AP3MFVXM00.png,https://s3.zerofinder.co.kr/public/nutritionfacts/0M6AP4MTEDM00.png,https://zerofinder.co.kr/product/0PCNV3FZAH8NY,zerofinder
제로슈거 하이진저 레몬생강청,안동농협생강한약재유통센터,음료,24100,estimated,무당류,25,0,196,7,0.8,11,100,mL,"말토덱스트린,수크랄로스,아세설팜칼륨","말토덱스트린:0,수크랄로스:0,아세설팜칼륨:0",,20,https://s3.zerofinder.co.kr/public/products/original/0M6783A06NM00.png,https://s3.zerofinder.co.kr/public/nutritionfacts/0M678AGZMDM00.png,https://zerofinder.co.kr/product/0PCNV3FZA826A,zerofinder
팅글닥터구미젤리 제로슈가,에스디푸드,간식/디저트,21400,estimated,무당류,110,0,32,3,0,15,42,g,"말티톨,효소처리스테비아","말티톨:0,효소처리스테비아:0",,56,https://s3.zerofinder.co.kr/public/products/original/0M676WBXQHM00.png,https://s3.zerofinder.co.kr/public/nutritionfacts/0M676V0BKXM00.png,https://zerofinder.co.kr/product/0PCNV3FZA6GPA,zerofinder
아사삭 당제로 콜라향아이스,스위트코리아,간식/디저트,16100,estimated,무당류,7,0,9.5,0.04,0.12,38,100,g,"에리스리톨,수크랄로스","에리스리톨:0,수크랄로스:0",,11,https://s3.zerofinder.co.kr/public/products/original/0M675YXF7SM00.png,https://s3.zerofinder.co.kr/public/nutritionfacts/0M675ZMPSSM00.png,https://zerofinder.co.kr/product/0PCNV3FZA6BPY,zerofinder
제로슈가 아쌈블렌드 밀크티 베이스,티하우스청담,음료,15400,estimated,무당류,0,0,12,0,0,30,100,g,"알룰로스,효소처리스테비아","알룰로스:0,효소처리스테비아:0",,32,https://s3.zerofinder.co.kr/public/products/original/0M66T83TADM00.png,https://s3.zerofinder.co.kr/public/nutritionfacts/0M66TCX9JDM00.png,https://zerofinder.co.kr/product/0PCNV3FZA2X1Q,zerofinder
그릭슈바인 제로닭 닭가슴살볼 마늘간장,삼립,육가공품,18100,estimated,저당류,226,1,11,14,14,970,120,g,"알룰로스,효소처리스테비아,L-글루탐산나트륨","알룰로스:0,효소처리스테비아:0,L-글루탐산나트륨:0",,31,https://s3.zerofinder.co.kr/public/products/original/0M66RDHNZHM00.png,https://s3.zerofinder.co.kr/public/nutritionfacts/0M66RG3KQSM00.png,https://zerofinder.co.kr/product/0PCNV3FZA0JQP,zerofinder
일화차시 제로 허니자몽블랙티,삼양,음료,24540,danawa,저당류,5,1,1,0,0,20,100,g,"수크랄로스,아세설팜칼륨","수크랄로스:0,아세설팜칼륨:0",,51,https://s3.zerofinder.co.kr/public/products/original/0M66Q1KCTNM00.png,https://s3.zerofinder.co.kr/public/nutritionfacts/0M66Q4W979M00.png,https://zerofinder.co.kr/product/0PCNV3FZA03KE,zerofinder
제로 떡볶이 로제,닥터로빈,즉석식품,35660,danawa,무당류,160,0,37,1,3.2,246,100,g,"에리스리톨,알룰로스","에리스리톨:0,알룰로스:0",,46,https://s3.zerofinder.co.kr/public/products/original/0M66P7KYHSM00.png,https://s3.zerofinder.co.kr/public/nutritionfacts/0M66P9NV0SM00.png,https://zerofinder.co.kr/product/0PCNV3FZ9YWJW,zerofinder
김대감 제로슈가 스틱김자반,해담솔,수산가공품,28400,estimated,무당류,650,0.12,25.91,13.4,56.07,737,100,g,"에리스리톨,효소처리스테비아","에리스리톨:0,효소처리스테비아:0",,11,https://s3.zerofinder.co.kr/public/products/original/0M612BE0XZC00.png,https://s3.zerofinder.co.kr/public/nutritionfacts/0M611D5F6ZC00.png,https://zerofinder.co.kr/product/0PCNV3FZ9XBFP,zerofinder
제로 아이스티 화이트피치,던킨도너츠,음료,14700,estimated,무당류,1,0,0.2,0,0,1,100,g,수크랄로스,수크랄로스:0,,51,https://s3.zerofinder.co.kr/public/products/original/0M60ZA3K6VC00.png,,https://zerofinder.co.kr/product/0PCNV3FZ9VVHQ,zerofinder
일화차시 유자민트티 제로,일화,음료,10120,danawa,무당류,1,0.1,0.21,0.01,0.02,5,100,mL,"수크랄로스,아세설팜칼륨,알룰로스","수크랄로스:0,아세설팜칼륨:0,알룰로스:0",,60,https://s3.zerofinder.co.kr/public/products/original/0M60YH9QRQC00.png,https://s3.zerofinder.co.kr/public/nutritionfacts/0M60YKB5HVC00.png,https://zerofinder.co.kr/product/0PCNV3FZ9R4PD,zerofinder
왓더파머스 제로 옥수수 콘칩,푸디스,간식/디저트,12000,estimated,무당류,95,0,21,2,0.5,25,25,g,,,,17,https://s3.zerofinder.co.kr/public/products/original/0M60YCHFYVC00.png,https://s3.zerofinder.co.kr/public/nutritionfacts/0M60XKE2CZC00.png,https://zerofinder.co.kr/product/0PCNV3FZ9MZSY,zerofinder
데일리구미 비타민C 제로슈가,서주2공장,건강기능식품,32800,estimated,무당류,421,0,122,11,0.9,8,150,g,"D-소비톨액,말티톨,효소처리스테비아","D-소비톨액:0,말티톨:0,효소처리스테비아:0",,33,https://s3.zerofinder.co.kr/public/products/original/0M60VVPQD3C00.png,https://s3.zerofinder.co.kr/public/nutritionfacts/0M60VYKNN7C00.png,https://zerofinder.co.kr/product/0PCNV3FZ9MHGF,zerofinder
타코 제로슈가 유자 파우더,가배온,음료,16200,estimated,무당류,0,0,20,0,0,0,20,g,에리스리톨,에리스리톨:19,,16,https://s3.zerofinder.co.kr/public/products/original/0M60TWWFN7C00.png,https://s3.zerofinder.co.kr/public/nutritionfacts/0M60TYRVAFC00.png,https://zerofinder.co.kr/product/0PCNV3FZ9MHCE,zerofinder
린코어 제로슈거 초코 프로틴,글리시드,기타,23800,estimated,무당류,340,0,23.33,67,2.67,613,100,g,에리스리톨,에리스리톨:0,,20,https://s3.zerofinder.co.kr/public/products/original/0M60S5NSAQC00.png,https://s3.zerofinder.co.kr/public/nutritionfacts/0M60S81DMZC00.png,https://zerofinder.co.kr/product/0PCNV3FZ9KHK2,zerofinder
zero 레몬 시럽,네이쳐티,간식/디저트,42450,danawa,무당류,16,0,30,0,0,200,100,mL,"에리스리톨,알룰로스","에리스리톨:22,알룰로스:4",,9,https://s3.zerofinder.co.kr/public/products/original/0M60QQ7EGKC00.png,https://s3.zerofinder.co.kr/public/nutritionfacts/0M60QSYXEVC00.png,https://zerofinder.co.kr/product/0PCNV3FZ9FDV7,zerofinder
우리차 피치망고 아이스티,송원식품,음료,21700,estimated,무당류,0,0,5,0,0.32,33,5,g,에리스리톨,에리스리톨:4.2,,60,https://s3.zerofinder.co.kr/public/products/original/0M60NP97ZBC00.png,https://s3.zerofinder.co.kr/public/nutritionfacts/0M60NRS1ZZC00.png,https://zerofinder.co.kr/product/0PCNV3FZ9DEFQ,zerofinder
오롯이 제로슈가 커피믹스,가배온,음료,7900,danawa,무당류,30,0,9,0,1.5,0,11,g,에리스리톨,에리스리톨:4.5,,11,https://s3.zerofinder.co.kr/public/products/original/0M60M2T1MBC00.png,https://s3.zerofinder.co.kr/public/nutritionfacts/0M60M51FTBC00.png,https://zerofinder.co.kr/product/0PCNV3FZ9C1TZ,zerofinder
팽이팽이 수박&파인애플 제로,해태,간식/디저트,11200,estimated,무당류,0,0,2,0,0,0,14,mL,알룰로스,알룰로스:2,,39,https://s3.zerofinder.co.kr/public/products/original/0M60DEHF5K000.png,https://s3.zerofinder.co.kr/public/nutritionfacts/0M60DFXRWF000.png,https://zerofinder.co.kr/product/0PCNV3FZ99E73,zerofinder
미닛메이드 제로 피치에이드,코카콜라,음료,30500,estimated,무당류,2,0,0.49,0,0,39,100,mL,"아세설팜칼륨,수크랄로스","아세설팜칼륨:0,수크랄로스:0",,59,https://s3.zerofinder.co.kr/public/products/original/0M5PFAEN4B000.png,https://s3.zerofinder.co.kr/public/nutritionfacts/0M5PF9G5VK000.png,https://zerofinder.co.kr/product/0PCNV3FZ92SVN,zerofinder
프로틴 그래놀라 제로슈거 컵,농업회사법인 두리두리,주식/면류,19700,estimated,무당류,146,0.17,23.8,7,2.8,140,35,g,"말티톨,D-말티톨,알룰로스,아라비아검","말티톨:0,D-말티톨:0,알룰로스:0,아라비아검:0",,31,https://s3.zerofinder.co.kr/public/products/original/0M5PEDXYWZ000.png,https://s3.zerofinder.co.kr/public/nutritionfacts/0M5PEFEBFK000.png,https://zerofinder.co.kr/product/0PCNV3FZ92B4G,zerofinder
프로틴 그래놀라 제로슈거,켈로그,주식/면류,25000,danawa,무당류,419,0.48,63,20.5,10.5,380,100,g,"말티톨,D-말티톨,아라비아검,알룰로스,효소처리스테비아","말티톨:0,D-말티톨:0,아라비아검:0,알룰로스:0,효소처리스테비아:0",,18,https://s3.zerofinder.co.kr/public/products/original/0M5PDBR5FQ000.png,https://s3.zerofinder.co.kr/public/nutritionfacts/0M5PDF4RWB000.png,https://zerofinder.co.kr/product/0PCNV3FZAG05F,zerofinder
애플셔벗에이드 제로,자연은,음료,32490,danawa,무당류,10,0,11.4,0,0.04,25,500,g,"D-소비톨액,아세설팜칼륨,아라비아검,수크랄로스,스테비올 배당체","D-소비톨액:0,아세설팜칼륨:0,아라비아검:0,수크랄로스:0,스테비올 배당체:0",,8,https://s3.zerofinder.co.kr/public/products/original/0M5PB0M1RK000.png,https://s3.zerofinder.co.kr/public/nutritionfacts/0M5PB2ZN0Z000.png,https://zerofinder.co.kr/product/0PCNV3FZ91MGF,zerofinder
일화차시 제로 키위그린티,삼양패키징 광혜원 공장,음료,16600,estimated,무당류,1,0,0.19,0.01,0.03,5,100,g,"수크랄로스,아세설팜칼륨","수크랄로스:0,아세설팜칼륨:0",,5,https://s3.zerofinder.co.kr/public/products/original/0M5P9434VZ000.png,https://s3.zerofinder.co.kr/public/nutritionfacts/0M5P96PHH7000.png,https://zerofinder.co.kr/product/0PCNV3FZ9067D,zerofinder
링티제로 레몬라임맛,링티,음료,31600,estimated,,0,0.0,3.0,0.0,0.0,30.0,500,mL,"에리스리톨,수크랄로스","에리스리톨:13,수크랄로스:0",,21,https://s3.zerofinder.co.kr/public/products/original/0M5P8RWGAZ000.png,,https://zerofinder.co.kr/product/0M5P8K5M4V000,zerofinder
사과좋아! 말랑 스파클링 제로,INOUT,음료,25490,real,무당류,1,0,0.9,0,0,13,100,mL,"알룰로스,스테비올 배당체,수크랄로스","알룰로스:0,스테비올 배당체:0,수크랄로스:0",,34,https://s3.zerofinder.co.kr/public/products/original/0M3C2GKYEC000.png,https://s3.zerofinder.co.kr/public/nutritionfacts/0M3C2K2Z40000.png,https://zerofinder.co.kr/product/0PCNV3FZ8N8S9,zerofinder
마이구미 포도 ZERO% 설탕제로,오리온,간식/디저트,68390,danawa,무당류,124,0,40,3,0,15,54,g,"말티톨,아세설팜칼륨,수크랄로스","말티톨:0,아세설팜칼륨:0,수크랄로스:0",,49,https://s3.zerofinder.co.kr/public/products/original/0M3C1JSGBM000.png,https://s3.zerofinder.co.kr/public/nutritionfacts/0M3C1MW1BC000.png,https://zerofinder.co.kr/product/0PCNV3FZ8H323,zerofinder
제로 미니바이트 밀크&초코,롯데웰푸,간식/디저트,18900,real,무당류,68,0,8,1,4.4,20,38,mL,"D-말티톨,수크랄로스","D-말티톨:0,수크랄로스:0",,51,https://s3.zerofinder.co.kr/public/products/original/0M3C0PP2BR000.png,https://s3.zerofinder.co.kr/public/nutritionfacts/0M3C0S0CE0000.png,https://zerofinder.co.kr/product/0PCNV3FZ8GCG3,zerofinder
나랑드 사이다 제로,동아오츠카,음료,11400,real,,0,0.0,0.02,0.0,0.0,24.0,345,mL,"아세설팜칼륨,수크랄로스","아세설팜칼륨:0,수크랄로스:0",,55,https://s3.zerofinder.co.kr/public/products/original/0M2E9R3YJYW00.png,https://s3.zerofinder.co.kr/public/nutritionfacts/0M2E9PS3DEW00.png,https://zerofinder.co.kr/product/0M2EA0YEKAW00,zerofinder
불가리스 유당 제로 플레인,남양유업 세종공장,유제품,15300,estimated,,88,13.13,13.75,3.25,2,50,100,g,,,,50,https://s3.zerofinder.co.kr/public/products/original/0M1TY9VTGTC00.png,https://s3.zerofinder.co.kr/public/nutritionfacts/0M1TYB7V8YC00.png,https://zerofinder.co.kr/product/0PCNV3FZ8AXPE,zerofinder
더캐럿 제로슈가 에너지 베이스,농업회사법인데이웰,음료,16900,real,무당류,20,0,61,2,0,35,100,g,"알룰로스,효소처리스테비아,수크랄로스","알룰로스:0,효소처리스테비아:0,수크랄로스:0",,36,https://s3.zerofinder.co.kr/public/products/original/0M1TXT1C0AC00.png,https://s3.zerofinder.co.kr/public/nutritionfacts/0M1TXY1J5TC00.png,https://zerofinder.co.kr/product/0PCNV3FZ89R87,zerofinder
데일리구미 유산균 제로슈가,서주2공장,간식/디저트,16110,real,무당류,339,0,107,12,0,10,150,g,"D-말티톨,D-소비톨액,효소처리스테비아","D-말티톨:0,D-소비톨액:0,효소처리스테비아:0",,14,https://s3.zerofinder.co.kr/public/products/original/0M1TW1CP4PC00.png,https://s3.zerofinder.co.kr/public/nutritionfacts/0M1TW3SQ0YC00.png,https://zerofinder.co.kr/product/0PCNV3FZ837AY,zerofinder
레인보우 샤베트 스파클링 제로,배스킨라빈스,음료,18454,danawa,무당류,4,0,1,0,0,7,350,mL,"아세설팜칼륨,아스파탐,수크랄로스,D-소비톨액","아세설팜칼륨:0,아스파탐:0,수크랄로스:0,D-소비톨액:0",,18,https://s3.zerofinder.co.kr/public/products/original/0M1TMTB0B2C00.png,https://s3.zerofinder.co.kr/public/nutritionfacts/0M1TMVC5TYC00.png,https://zerofinder.co.kr/product/0PCNV3FZ81TQV,zerofinder
아이스가이 제로제로 스포츠,청아냉동식품,간식/디저트,24000,estimated,저당류,0,2,2,0,0,110,200,mL,"알룰로스,수크랄로스,아세설팜칼륨","알룰로스:2,수크랄로스:0,아세설팜칼륨:0",,42,https://s3.zerofinder.co.kr/public/products/original/0M1TM4TZSPC00.png,https://s3.zerofinder.co.kr/public/nutritionfacts/0M1TM5WZZEC00.png,https://zerofinder.co.kr/product/0PCNV3FZ816X0,zerofinder
레몬셔벗에이드 제로,자연은,음료,14050,real,무당류,10,0,11.6,0,0,25,500,g,"에리스리톨,D-소비톨액,아세설팜칼륨,수크랄로스,스테비올 배당체","에리스리톨:9,D-소비톨액:0,아세설팜칼륨:0,수크랄로스:0,스테비올 배당체:0",,52,https://s3.zerofinder.co.kr/public/products/original/0M1TKEMTRPC00.png,https://s3.zerofinder.co.kr/public/nutritionfacts/0M1TKFVFAEC00.png,https://zerofinder.co.kr/product/0PCNV3FZ801KE,zerofinder
제로당 현미 쑥 찹쌀떡,곰곰,간식/디저트,38790,danawa,무당류,211,0,46,4.23,1.2,220,100,g,말티톨,말티톨:0,,52,https://s3.zerofinder.co.kr/public/products/original/0M1TJXSK2AC00.png,https://s3.zerofinder.co.kr/public/nutritionfacts/0M1TJV6052C00.png,https://zerofinder.co.kr/product/0PCNV3FZ7ZQV1,zerofinder
퓨리타 자두녹차 제로,퓨럽2공장,음료,12150,real,무당류,0,0,11,1,0.8,7,500,mL,"에리스리톨,아세설팜칼륨,수크랄로스","에리스리톨:12,아세설팜칼륨:0,수크랄로스:0",,25,https://s3.zerofinder.co.kr/public/products/original/0M1THZT0E2C00.png,https://s3.zerofinder.co.kr/public/nutritionfacts/0M1TJ109KPC00.png,https://zerofinder.co.kr/product/0PCNV3FZ7WTQD,zerofinder
제로슈거 초코렛타,랩노쉬,간식/디저트,11300,estimated,무당류,350,0,38,4,20,40,76,g,"D-말티톨,효소처리스테비아","D-말티톨:0,효소처리스테비아:0",,42,https://s3.zerofinder.co.kr/public/products/original/0M1GBPG8XA400.png,https://s3.zerofinder.co.kr/public/nutritionfacts/0M1GBQP9PP400.png,https://zerofinder.co.kr/product/0PCNV3FZ7VBHC,zerofinder
제로슈가 참깨누룽지쿠키,도깨비베이킹,간식/디저트,17100,estimated,무당류,342,0,68,9.33,20,276,75,g,"D-말티톨,효소처리스테비아,수크랄로스","D-말티톨:0,효소처리스테비아:0,수크랄로스:0",,59,https://s3.zerofinder.co.kr/public/products/original/0M1GB49S72400.png,https://s3.zerofinder.co.kr/public/nutritionfacts/0M1GB6XBYY400.png,https://zerofinder.co.kr/product/0PCNV3FZ7VATZ,zerofinder
제로 쑥 단백질 영양찰떡,별미힘떡,간식/디저트,16500,real,무당류,215,0,39,9,3.1,200,85,g,"에리스리톨,스테비아","에리스리톨:0,스테비아:0",,38,https://s3.zerofinder.co.kr/public/products/original/0M1G94KVZE400.png,https://s3.zerofinder.co.kr/public/nutritionfacts/0M1G8DCA0J400.png,https://zerofinder.co.kr/product/0PCNV3FZ7JM8A,zerofinder
납작복숭아 아이스티 홍차 제로,티로그,음료,16500,estimated,무당류,0,0,1,0,0,25,500,mL,수크랄로스,수크랄로스:0,,37,https://s3.zerofinder.co.kr/public/products/original/0M1G7DW9GE400.png,https://s3.zerofinder.co.kr/public/nutritionfacts/0M1G7FES56400.png,https://zerofinder.co.kr/product/0PCNV3FZ7AXEX,zerofinder
초록매실 스파클링 제로,웅진식품,음료,15295,danawa,무당류,2,0,6,0,0,35,350,mL,에리스리톨,에리스리톨:5.6,,16,https://s3.zerofinder.co.kr/public/products/original/0M1G285ZAT400.png,https://s3.zerofinder.co.kr/public/nutritionfacts/0M1G1XA9SE400.png,https://zerofinder.co.kr/product/0PCNV3FZ6X2DT,zerofinder
제로 아이스 쿠키&크림바,롯데웰푸드,간식/디저트,35530,danawa,무당류,166,0,16,2,19,80,80,mL,"D-말티톨,수크랄로스","D-말티톨:0,수크랄로스:0",,9,https://s3.zerofinder.co.kr/public/products/original/0M1F9YB742400.png,https://s3.zerofinder.co.kr/public/nutritionfacts/0M1F9K8EV2400.png,https://zerofinder.co.kr/product/0PCNV3FZ6VNMW,zerofinder
설탕 없는 제로슈가 돼지불백,아임제로당,육가공품,8910,real,무당류,199,0,6,12,14,317,100,g,이소말트,이소말트:0,,48,https://s3.zerofinder.co.kr/public/products/original/0M1F97ZY46400.png,https://s3.zerofinder.co.kr/public/nutritionfacts/0M16340YKF800.png,https://zerofinder.co.kr/product/0PCNV3FZ599F3,zerofinder
제로슈가 매콤제육볶음,아임제로당,육가공품,9810,real,무당류,169,0,9,14,11.1,398,100,g,이소말트,이소말트:0,,60,https://s3.zerofinder.co.kr/public/products/original/0M1F9138P2400.png,https://s3.zerofinder.co.kr/public/nutritionfacts/0M1F8JRT2A400.png,https://zerofinder.co.kr/product/0PCNV3FZ6TMBK,zerofinder
블렌딩티 유자자몽 제로,이디야,음료,26230,danawa,무당류,6,1,6.6,0,0,35,250,mL,"에리스리톨,수크랄로스","에리스리톨:5,수크랄로스:0",,12,https://s3.zerofinder.co.kr/public/products/original/0M1F7W2K5J400.png,https://s3.zerofinder.co.kr/public/nutritionfacts/0M1F7WXBFA400.png,https://zerofinder.co.kr/product/0PCNV3FZ6PMTE,zerofinder
킬로리 제로달콩두유 밀크티,농업회사법인삼광에프앤비,유제품,27170,real,무당류,74,0,20,6,3.1,100,200,mL,"에리스리톨,효소처리스테비아","에리스리톨:13.6,효소처리스테비아:0",,41,https://s3.zerofinder.co.kr/public/products/original/0M1F62R75Y400.png,https://s3.zerofinder.co.kr/public/nutritionfacts/0M1F63TA7J400.png,https://zerofinder.co.kr/product/0PCNV3FZ9DH7X,zerofinder
킬로리 제로달콩두유 말차,농업회사법인삼광에프앤비,유제품,11600,estimated,무당류,77,0,22,6,2.7,130,200,mL,"에리스리톨,효소처리스테비아","에리스리톨:14.7,효소처리스테비아:0",,43,https://s3.zerofinder.co.kr/public/products/original/0M1F5MKY4J400.png,https://s3.zerofinder.co.kr/public/nutritionfacts/0M1F5QFKXE400.png,https://zerofinder.co.kr/product/0PCNV3FZ9K31R,zerofinder
킬로리 제로달콩두유 플레인,농업회사법인삼광에프앤비,유제품,9200,estimated,무당류,74,0,17,6,2.7,260,200,mL,"에리스리톨,효소처리스테비아","에리스리톨:10.5,효소처리스테비아:0",,10,https://s3.zerofinder.co.kr/public/products/original/0M1F4QDJ9J400.png,https://s3.zerofinder.co.kr/public/nutritionfacts/0M1F4SMK5P400.png,https://zerofinder.co.kr/product/0PCNV3FZ9KRKV,zerofinder
킬로리 제로달콩두유 초코,농업회사법인삼광에프앤비,유제품,13700,estimated,저당류,87,1.7,25,6,3.3,180,200,mL,"에리스리톨,효소처리스테비아","에리스리톨:16.8,효소처리스테비아:0",,42,https://s3.zerofinder.co.kr/public/products/original/0M1F42VCBY400.png,https://s3.zerofinder.co.kr/public/nutritionfacts/0M1F462402400.png,https://zerofinder.co.kr/product/0PCNV3FZ6KZAW,zerofinder
빅 뽀로로 제로 밀크맛,팔도,음료,14430,real,무당류,11,0,15,1,0,55,360,mL,"에리스리톨,아라비아검,효소처리스테비아,수크랄로스","에리스리톨:11,아라비아검:0,효소처리스테비아:0,수크랄로스:0",,41,https://s3.zerofinder.co.kr/public/products/original/0M1F38A9SY400.png,https://s3.zerofinder.co.kr/public/nutritionfacts/0M1F39AB3P400.png,https://zerofinder.co.kr/product/0PCNV3FZ6VJFB,zerofinder
빅 뽀로로 제로 딸기맛,팔도,음료,41350,danawa,무당류,1,0,15,1,0,55,360,mL,"에리스리톨,아라비아검,효소처리스테비아,수크랄로스","에리스리톨:11,아라비아검:0,효소처리스테비아:0,수크랄로스:0",,21,https://s3.zerofinder.co.kr/public/products/original/0M1F2NAJDJ400.png,https://s3.zerofinder.co.kr/public/nutritionfacts/0M1F2PY2DA400.png,https://zerofinder.co.kr/product/0PCNV3FZ6JT3W,zerofinder
제로스콘 흑임자,제로베이커리,간식/디저트,13300,estimated,저당류,234,1,13,6,18,260,100,g,알룰로스,알룰로스:0,,50,https://s3.zerofinder.co.kr/public/products/original/0M1F1BZH5T400.png,https://s3.zerofinder.co.kr/public/nutritionfacts/0M1DGKDFGP400.png,https://zerofinder.co.kr/product/0PCZ4B7GG50E1,zerofinder
제로스콘 크럼블,제로베이커리,간식/디저트,14800,estimated,저당류,279,2,24,8,21,300,65,g,에리스리톨,에리스리톨:0,,21,https://s3.zerofinder.co.kr/public/products/original/0M1F18FQ66400.png,https://s3.zerofinder.co.kr/public/nutritionfacts/0M1DH0SC5E400.png,https://zerofinder.co.kr/product/0PCZ4B7GJ5BHY,zerofinder
티즐 아이스티 제로 딸기,동원시스템즈,음료,20800,estimated,무당류,6,0,9,0,0,25,500,mL,에리스리톨,에리스리톨:7.5,,47,https://s3.zerofinder.co.kr/public/products/original/0M1EZGHSAA400.png,https://s3.zerofinder.co.kr/public/nutritionfacts/0M1EZJ7QCJ400.png,https://zerofinder.co.kr/product/0PCNV3FZ6G5PS,zerofinder
힐링티 제로레몬에이드,에스엠바이오,음료,25400,estimated,무당류,15,0,9,0,0,70,10,g,"에리스리톨,수크랄로스","에리스리톨:5.7,수크랄로스:0",,34,https://s3.zerofinder.co.kr/public/products/original/0M1EY2TS56400.png,https://s3.zerofinder.co.kr/public/nutritionfacts/0M1EYKQ7T6400.png,https://zerofinder.co.kr/product/0PCNV3FZ6G3CJ,zerofinder
제로슈거 애플사이다비네거,탐사,음료,19400,estimated,,50,11.0,12.2,0.4,0.0,10.0,500,mL,"아세설팜칼륨,수크랄로스","아세설팜칼륨:0,수크랄로스:0",,53,https://s3.zerofinder.co.kr/public/products/original/0M1EWB5S4J400.png,https://s3.zerofinder.co.kr/public/nutritionfacts/0M1EWC42RE400.png,https://zerofinder.co.kr/product/0M1EWPW9AT400,zerofinder
아이스쿨 제로 레드펀치,서주,간식/디저트,58810,danawa,무당류,3,0.35,0.85,0,0,40,100,mL,수크랄로스,수크랄로스:0,,5,https://s3.zerofinder.co.kr/public/products/original/0M1ETQ0NHP400.png,https://s3.zerofinder.co.kr/public/nutritionfacts/0M1ETRH9KY400.png,https://zerofinder.co.kr/product/0PCNV3FZ6B4XT,zerofinder
최겸의 제로모닝빵,제로베이커리,간식/디저트,16900,estimated,무당류,148.7,0,20,2.9,7.7,110,288,g,,,,41,https://s3.zerofinder.co.kr/public/products/original/0M1DHDZ0Y6400.png,https://s3.zerofinder.co.kr/public/nutritionfacts/0M1DHH53V6400.png,https://zerofinder.co.kr/product/0PCZ4B7GG691B,zerofinder
요플레 제로 무당 플레인,빙그레,유제품,14670,real,무당류,60,0,4,4,2.8,30,100,mL,알룰로스,알룰로스:0,,11,https://s3.zerofinder.co.kr/public/products/original/0M16T5E25A000.png,,https://zerofinder.co.kr/product/0PCNV3FZ63SW9,zerofinder
파워캡 블루아이스 제로,빙그레,간식/디저트,55670,danawa,무당류,100,0,20,0,3.7,30,120,mL,"말티톨,아세설팜칼륨,수크랄로스","말티톨:0,아세설팜칼륨:0,수크랄로스:0",,18,https://s3.zerofinder.co.kr/public/products/original/0M16SG8CF2000.png,https://s3.zerofinder.co.kr/public/nutritionfacts/0M16SHRYBP000.png,https://zerofinder.co.kr/product/0PCNV3FZ636B1,zerofinder
젤리블리 제로 피치플럼,젤리블리,간식/디저트,15750,real,무당류,6,0,8.7,0,0,40,80,g,"에리스리톨,수크랄로스,효소처리스테비아","에리스리톨:7.77,수크랄로스:0,효소처리스테비아:0",,37,https://s3.zerofinder.co.kr/public/products/original/0M16SC5JEY000.png,https://s3.zerofinder.co.kr/public/nutritionfacts/0M16S07V56000.png,https://zerofinder.co.kr/product/0PCNV3FZ62BRY,zerofinder
매실음료 제로,노브랜드,음료,980,danawa,무당류,12,1,11,0,0,50,500,mL,"에리스리톨,아세설팜칼륨,수크랄로스","에리스리톨:0,아세설팜칼륨:0,수크랄로스:0",,27,https://s3.zerofinder.co.kr/public/products/original/0M16QDNGPA000.png,https://s3.zerofinder.co.kr/public/nutritionfacts/0M16QGT3PA000.png,https://zerofinder.co.kr/product/0PCNV3FZ5WX3W,zerofinder
스키니피그 제로감귤바,서주,간식/디저트,12820,real,무당류,0,1,33,0,0,160,225,mL,"알룰로스,에리스리톨,수크랄로스,효소처리스테비아","알룰로스:22,에리스리톨:11,수크랄로스:0,효소처리스테비아:0",,9,https://s3.zerofinder.co.kr/public/products/original/0M16NYB4GJ000.png,https://s3.zerofinder.co.kr/public/nutritionfacts/0M16NZ0GQY000.png,https://zerofinder.co.kr/product/0PCNV3FZ7MV7T,zerofinder
스키니피그 제로복숭아바,서주,간식/디저트,22800,estimated,무당류,0,0,33,0,0,140,225,mL,"알룰로스,에리스리톨,수크랄로스,효소처리스테비아","알룰로스:21,에리스리톨:12,수크랄로스:0,효소처리스테비아:0",,28,https://s3.zerofinder.co.kr/public/products/original/0M16N9517Y000.png,https://s3.zerofinder.co.kr/public/nutritionfacts/0M16NB6D8Y000.png,https://zerofinder.co.kr/product/0PCNV3FZ5M480,zerofinder
브이톡 제로 레몬에이드,오케이에프음료,음료,18800,estimated,무당류,0,0,4.9,0,0,30,350,mL,에리스리톨,에리스리톨:4.9,,33,https://s3.zerofinder.co.kr/public/products/original/0M16MCQNJA000.png,https://s3.zerofinder.co.kr/public/nutritionfacts/0M16ME05SY000.png,https://zerofinder.co.kr/product/0PCNV3FZ5K1CD,zerofinder
제로 블루레몬향,탑씨,음료,14880,real,무당류,0,0,0,0,0,7,100,mL,"D-소비톨액,수크랄로스,아세설팜칼륨","D-소비톨액:0,수크랄로스:0,아세설팜칼륨:0",,58,https://s3.zerofinder.co.kr/public/products/original/0M1651XN4K800.png,https://s3.zerofinder.co.kr/public/nutritionfacts/0M1653CEEF800.png,https://zerofinder.co.kr/product/0PCNV3FZ59N6G,zerofinder
올데이프룻 제로 청매실,서울우유,음료,26120,danawa,무당류,8,0,6,0,0,10,250,mL,에리스리톨,에리스리톨:2.5,,24,https://s3.zerofinder.co.kr/public/products/original/0M164BKH6V800.png,https://s3.zerofinder.co.kr/public/nutritionfacts/0M164CEJM7800.png,https://zerofinder.co.kr/product/0PCNV3FZ55WSZ,zerofinder
젤리블리 애플망고 제로,MDS,간식/디저트,13750,real,무당류,3,0,9.7,0,0,40,60,g,"에리스리톨,효소처리스테비아,수크랄로스","에리스리톨:8.85,효소처리스테비아:0,수크랄로스:0",,44,https://s3.zerofinder.co.kr/public/products/original/0M160ZVAXQ800.png,https://s3.zerofinder.co.kr/public/nutritionfacts/0M1610GRRK800.png,https://zerofinder.co.kr/product/0PCNV3FZ52FMR,zerofinder
무설탕 민트 캔디,페피,간식/디저트,34000,danawa,무당류,165,0,69,0,0,0,70,g,"D-소비톨액,아스파탐,아세설팜칼륨","D-소비톨액:0,아스파탐:0,아세설팜칼륨:0",,56,https://s3.zerofinder.co.kr/public/products/original/0M1604K9Y3800.png,https://s3.zerofinder.co.kr/public/nutritionfacts/0M160F0N7V800.png,https://zerofinder.co.kr/product/0PCNV3FZ4ZQPV,zerofinder
제로 아이스티 샤인&라임,던킨도너츠,음료,25500,estimated,무당류,0,0,1,0,0,5,500,mL,"자일리톨,수크랄로스","자일리톨:0,수크랄로스:0",,5,https://s3.zerofinder.co.kr/public/products/original/0M15YXP24Q800.png,https://s3.zerofinder.co.kr/public/nutritionfacts/0M15YY4KGB800.png,https://zerofinder.co.kr/product/0PCNV3FZ4WEXM,zerofinder
제로톡젤리 애플망고맛,건영제과,간식/디저트,6150,real,무당류,0,0,1,0,0,15,40,g,"수크랄로스,아세설팜칼륨,효소처리스테비아,에리스리톨","수크랄로스:0,아세설팜칼륨:0,효소처리스테비아:0,에리스리톨:0",,47,https://s3.zerofinder.co.kr/public/products/original/0M15TNXSP3G00.png,https://s3.zerofinder.co.kr/public/nutritionfacts/0M15TQGNWBG00.png,https://zerofinder.co.kr/product/0PCNV3FZ4TMDX,zerofinder
블렌딩티 망고피치 제로,이디야,음료,14500,real,무당류,5,1,6.2,0,0,35,250,mL,"수크랄로스,에리스리톨","수크랄로스:0,에리스리톨:5",,57,https://s3.zerofinder.co.kr/public/products/original/0M15SXP2VFG00.png,https://s3.zerofinder.co.kr/public/nutritionfacts/0M15SY2SWVG00.png,https://zerofinder.co.kr/product/0PCNV3FZ4T8XQ,zerofinder
젤리블리 제로슈거 애플샤인 젤리,엠디에스코리아4공장,간식/디저트,6940,real,무당류,0,0,9,0,0,40,60,g,"효소처리스테비아,수크랄로스,에리스리톨","효소처리스테비아:0,수크랄로스:0,에리스리톨:8.51",,40,https://s3.zerofinder.co.kr/public/products/original/0M15SFCGN7G00.png,https://s3.zerofinder.co.kr/public/nutritionfacts/0M15SGAGWBG00.png,https://zerofinder.co.kr/product/0PCNV3FZ4S4DC,zerofinder
제로 시트러스 유자 젤리,롯데,간식/디저트,37730,danawa,무당류,30,0,10,1,0,10,14,g,"아세설팜칼륨,수크랄로스","아세설팜칼륨:0,수크랄로스:0",,47,https://s3.zerofinder.co.kr/public/products/original/0M15MGJQFB000.png,https://s3.zerofinder.co.kr/public/nutritionfacts/0M15MEXH5Q000.png,https://zerofinder.co.kr/product/0PCNV3FZ4Q7NP,zerofinder
제로슈거 보성녹차베이스,아크바,음료,27100,estimated,저당류,6.9,0.2,1.4,0.3,0,4,40,mL,수크랄로스,수크랄로스:0,,14,https://s3.zerofinder.co.kr/public/products/original/0M0HZRTZ7YR00.png,https://s3.zerofinder.co.kr/public/nutritionfacts/0M0HZT9RTAR00.png,https://zerofinder.co.kr/product/0PCNV3FZ4GQRK,zerofinder
제로 스파클링,이온더핏,음료,18600,estimated,무당류,0,0,1.8,0,0,36,100,mL,"에리스리톨,수크랄로스,아라비아검,D-소비톨액,아세설팜칼륨","에리스리톨:9,수크랄로스:0,아라비아검:0,D-소비톨액:0,아세설팜칼륨:0",,43,https://s3.zerofinder.co.kr/public/products/original/0M0HY15PNYR00.png,,https://zerofinder.co.kr/product/0PCNV3FZ477H8,zerofinder
LIGHT JOY 저칼로리 오리엔탈 드레싱,오뚜기,조미료/소스,17200,danawa,저당류,31,4.2,5.4,1.4,0.4,970,100,g,스테비올 배당체,스테비올 배당체:0,,48,https://s3.zerofinder.co.kr/public/products/original/0M0HT7NZVER00.png,https://s3.zerofinder.co.kr/public/nutritionfacts/0M0HT9ZB82R00.png,https://zerofinder.co.kr/product/0M0HTMHTPTR00,zerofinder
저칼로리 오리엔탈 드레싱,곰곰,조미료/소스,12420,danawa,저당류,38,4,24.5,2,1,1600,100,g,알룰로스,알룰로스:19.5,,21,https://s3.zerofinder.co.kr/public/products/original/0M0HSXHP0ER00.png,https://s3.zerofinder.co.kr/public/nutritionfacts/0M0HSXRJPJR00.png,https://zerofinder.co.kr/product/0M0HSQJTH2R00,zerofinder
제로 스윗 아메리카노,탐사,음료,14310,real,,3,0.0,0.53,0.18,0.0,11.0,100,mL,"수크랄로스,아세설팜칼륨,스테비올 배당체","수크랄로스:0,아세설팜칼륨:0,스테비올 배당체:0",,36,https://s3.zerofinder.co.kr/public/products/original/0M0HFCGMYER00.png,https://s3.zerofinder.co.kr/public/nutritionfacts/0M0HFCWNTAR00.png,https://zerofinder.co.kr/product/0M0HFYFMP2R00,zerofinder
제로슈가 청포도캔디,simplus,간식/디저트,14000,estimated,무당류,240,0,99,0,0,10,100,g,말티톨,말티톨:98.2,,59,https://s3.zerofinder.co.kr/public/products/original/0M0HDC1X1PR00.png,https://s3.zerofinder.co.kr/public/nutritionfacts/0M0HDFW196R00.png,https://zerofinder.co.kr/product/0PCNV3FZ3P7H5,zerofinder
제로 초코 롤케이크, 케익모아,간식/디저트,11200,estimated,무당류,640,0.9,75,14,43,330,205,g,"에리스리톨,D-소비톨액,D-말티톨","에리스리톨:15,D-소비톨액:0,D-말티톨:0",,45,https://s3.zerofinder.co.kr/public/products/original/0M0HBPX9FER00.png,https://s3.zerofinder.co.kr/public/nutritionfacts/0M0HBQS2XYR00.png,https://zerofinder.co.kr/product/0PCNV3FZ3KNH4,zerofinder
제로 칼로리 알룰로스,백설,기타,34200,danawa,무당류,3.2,0.3,69.1,,,,100,g,알룰로스,알룰로스:68.3,,22,https://s3.zerofinder.co.kr/public/products/original/0M0HAPGDPER00.png,https://s3.zerofinder.co.kr/public/nutritionfacts/0M0HARN1XYR00.png,https://zerofinder.co.kr/product/0M0HBBMF2AR00,zerofinder
저당 떡볶이양념,비비드키친,조미료/소스,17200,estimated,저당류,55,2.3,26,5,1.5,2310,100,g,"알룰로스,수크랄로스","알룰로스:20.2,수크랄로스:0",,45,https://s3.zerofinder.co.kr/public/products/original/0M0H6ETGGAR00.png,https://s3.zerofinder.co.kr/public/nutritionfacts/0M0H69VKZPR00.png,https://zerofinder.co.kr/product/0PCNV3FZ31BJC,zerofinder
비타글루 제로 에이드, 코스팜,음료,31500,estimated,무당류,0,0,2.4,0,0,0,2.5,g,"에리스리톨,수크랄로스","에리스리톨:1.18,수크랄로스:0",,15,https://s3.zerofinder.co.kr/public/products/original/0M0H4277DPR00.png,https://s3.zerofinder.co.kr/public/nutritionfacts/0M0H3QNMHPR00.png,https://zerofinder.co.kr/product/0PCNV3FZ2X9C9,zerofinder
토닉워터 얼그레이홍차 제로칼로리,하이트진로,음료,7460,real,저당류,22.8,5.4,29,0,0,140,600,mL,"효소처리스테비아,알룰로스,수크랄로스,아세설팜칼륨,사카린","효소처리스테비아:0,알룰로스:14,수크랄로스:0,아세설팜칼륨:0,사카린:0",,52,https://s3.zerofinder.co.kr/public/products/original/0M0H2NH30PR00.png,https://s3.zerofinder.co.kr/public/nutritionfacts/0M0H2XDFT6R00.png,https://zerofinder.co.kr/product/0PCNV3FZ2PGJR,zerofinder
제로 에이드 레몬 맛,이디야,음료,20680,danawa,무당류,0,0,45,0,0,150,1000,mL,"에리스리톨,수크랄로스","에리스리톨:44,수크랄로스:0",,50,https://s3.zerofinder.co.kr/public/products/original/0M0H1GQJWER00.png,https://s3.zerofinder.co.kr/public/nutritionfacts/0M0H1R4E1TR00.png,https://zerofinder.co.kr/product/0PCNV3FZ2THBX,zerofinder
아이스팝 딸기,제로윗,간식/디저트,5700,real,무당류,35,0,20,0,0,65,120,mL,"에리스리톨,알룰로스,효소처리스테비아,아세설팜칼륨,수크랄로스","에리스리톨:2,알룰로스:2,효소처리스테비아:0,아세설팜칼륨:0,수크랄로스:0",,32,https://s3.zerofinder.co.kr/public/products/original/0M0H08YW6JR00.png,https://s3.zerofinder.co.kr/public/nutritionfacts/0M0H091QKYR00.png,https://zerofinder.co.kr/product/0PCNV3FZ2SR5A,zerofinder
당제로 통곡물 시리얼,씨알로,주식/면류,25650,danawa,무당류,150,0,25,2,0.6,5,30,g,"알룰로스,효소처리스테비아","알룰로스:0,효소처리스테비아:0",,12,https://s3.zerofinder.co.kr/public/products/original/0M0GYGKKBYR00.png,https://s3.zerofinder.co.kr/public/nutritionfacts/0M0GYK38Q6R00.png,https://zerofinder.co.kr/product/0PCNV3FZ2MD1K,zerofinder
제로 레몬라임 아이스티,복음자리,음료,12100,real,무당류,2,0,21,0,0,180,100,g,"에리스리톨,알룰로스,수크랄로스,아세설팜칼륨","에리스리톨:11.3,알룰로스:9.6,수크랄로스:0,아세설팜칼륨:0",,9,https://s3.zerofinder.co.kr/public/products/original/0M0GXXC94AR00.png,https://s3.zerofinder.co.kr/public/nutritionfacts/0M0GXZG486R00.png,https://zerofinder.co.kr/product/0PCNV3FZ2GWRY,zerofinder
제로톡젤리복숭아맛,건영제과,간식/디저트,6280,real,무당류,0,0,1,0,0,15,40,g,"수크랄로스,아세설팜칼륨,에리스리톨","수크랄로스:0,아세설팜칼륨:0,에리스리톨:0",,49,https://s3.zerofinder.co.kr/public/products/original/0M0GWRZFDTR00.png,https://s3.zerofinder.co.kr/public/nutritionfacts/0M0GWSM952R00.png,https://zerofinder.co.kr/product/0PCNV3FZ2FVT3,zerofinder
스파클링제로슈가 피치,OKF,음료,8200,real,무당류,0,0,0,0,0,0,350,mL,"수크랄로스,아스파탐,아세설팜칼륨","수크랄로스:0,아스파탐:0,아세설팜칼륨:0",,14,https://s3.zerofinder.co.kr/public/products/original/0M0G6AQDVJR00.png,https://s3.zerofinder.co.kr/public/nutritionfacts/0M0G6BZTHYR00.png,https://zerofinder.co.kr/product/0PCNV3FZ2EZX1,zerofinder
요거트 파우더 제로,오붐,유제품,20570,danawa,무당류,12,0,96,0,0,14,100,g,에리스리톨,에리스리톨:91,,58,https://s3.zerofinder.co.kr/public/products/original/0M0G4KAQ9JR00.png,https://s3.zerofinder.co.kr/public/nutritionfacts/0M0G4N8F36R00.png,https://zerofinder.co.kr/product/0PCNV3FZ22HMX,zerofinder
더말린 제로 애플망고,자연은,음료,44070,danawa,무당류,1,0,9.7,0,0,25,500,mL,"에리스리톨,수크랄로스,아세설팜칼륨","에리스리톨:9,수크랄로스:0,아세설팜칼륨:0",,40,https://s3.zerofinder.co.kr/public/products/original/0M0G2PMDH2R00.png,https://s3.zerofinder.co.kr/public/nutritionfacts/0M0G30V5PAR00.png,https://zerofinder.co.kr/product/0PCNV3FZ213Q0,zerofinder
제로 슈가 아이스티 복숭아,립톤,음료,20890,danawa,,45,0.0,98.0,0.0,0.0,25.0,5,g,"에리스리톨,아스파탐,아세설팜칼륨","에리스리톨:4.5,아스파탐:0,아세설팜칼륨:0",,13,https://s3.zerofinder.co.kr/public/products/original/0M07WAG8ZA400.png,https://s3.zerofinder.co.kr/public/nutritionfacts/0M07WBV1WP400.png,https://zerofinder.co.kr/product/0M07WZ54H2400,zerofinder
제로 스윗 복숭아 아이스티,탐사,음료,13110,danawa,,0,0.0,0.06,0.0,0.0,1.0,100,mL,에리스리톨,에리스리톨:0.49,,28,https://s3.zerofinder.co.kr/public/products/original/0M07H3DRZA400.png,https://s3.zerofinder.co.kr/public/nutritionfacts/0M07H4P1K6400.png,https://zerofinder.co.kr/product/0M07H9AA2P400,zerofinder
아이스티 제로 복숭아,동원보성홍차,음료,20100,danawa,,1,0.0,1.8,0.0,0.0,5.0,500,mL,수크랄로스,수크랄로스:0,,55,https://s3.zerofinder.co.kr/public/products/original/0M07FQ7GRP400.png,https://s3.zerofinder.co.kr/public/nutritionfacts/0M07FVGTY2400.png,https://zerofinder.co.kr/product/0M07GAN0WP400,zerofinder
감미루트 제로 식혜,엔에이치씨바이오텍,음료,31300,estimated,무당류,0,0,2,0,0,0,100,mL,알룰로스,알룰로스:1.7,,7,https://s3.zerofinder.co.kr/public/products/original/0M07D1WENE400.png,https://s3.zerofinder.co.kr/public/nutritionfacts/0M07D290KA400.png,https://zerofinder.co.kr/product/0PCNV3FZ25XGY,zerofinder
픽스타치오 제로바,삼우냉동,간식/디저트,23000,estimated,무당류,95,0,17,2,8,12,80,mL,"수크랄로스,에리스리톨,알룰로스","수크랄로스:0,에리스리톨:6,알룰로스:4",,18,https://s3.zerofinder.co.kr/public/products/original/0M07369C1Z400.png,https://s3.zerofinder.co.kr/public/nutritionfacts/0M0731NMM7400.png,https://zerofinder.co.kr/product/0PCNV3FZ20314,zerofinder
유자 아이스티 제로,맥널티커피,음료,26000,estimated,무당류,0,0,12.5,0,0,50,500,g,에리스리톨,에리스리톨:12.5,,47,https://s3.zerofinder.co.kr/public/products/original/0M072DPF8Z400.png,https://s3.zerofinder.co.kr/public/nutritionfacts/0M071KPRHB400.png,https://zerofinder.co.kr/product/0PCNV3FZ1T6Z9,zerofinder
곤약젤리 오렌지 제로,자임,간식/디저트,990,danawa,무당류,4,0,9,0,0,45,140,g,에리스리톨,에리스리톨:8,,54,https://s3.zerofinder.co.kr/public/products/original/0M06XTT923400.png,https://s3.zerofinder.co.kr/public/nutritionfacts/0M06XQYXXV400.png,https://zerofinder.co.kr/product/0PCNV3FZ1EJP6,zerofinder
곤약젤리 사과 제로,자임,간식/디저트,44280,danawa,무당류,9,0,14,0,0,57,50,g,에리스리톨,에리스리톨:11,,60,https://s3.zerofinder.co.kr/public/products/original/0M06VWP12EC00.png,https://s3.zerofinder.co.kr/public/nutritionfacts/0M06WQJKM7400.png,https://zerofinder.co.kr/product/0PCNV3FZ18GRY,zerofinder
제로슈가 오트밀쿠키,엔에프에스 갈매지점,간식/디저트,16100,estimated,무당류,455,0,68,8,21.33,271,100,g,,,,44,https://s3.zerofinder.co.kr/public/products/original/0KYXH1N0XGM00.png,,https://zerofinder.co.kr/product/0PCNV3FZ18GG3,zerofinder
호랑이생강청 제로,자연농장,음료,27300,estimated,,34,7.12,8.24,0.09,0.06,12,100,g,알룰로스,알룰로스:0,,20,https://s3.zerofinder.co.kr/public/products/original/0KYDNSNQ2G400.png,,https://zerofinder.co.kr/product/0PCNV3FZ32C1K,zerofinder
과수원 청포도 제로슈가,남양,음료,20700,danawa,저당류,12,0.7,6.2,0,0,50,100,mL,"수크랄로스,아세설팜칼륨,에리스리톨","수크랄로스:0,아세설팜칼륨:0,에리스리톨:3.2",,56,https://s3.zerofinder.co.kr/public/products/original/0KYDN98C48400.png,,https://zerofinder.co.kr/product/0PCNV3FZ4HMGT,zerofinder
과수원 오렌지 제로슈가,남양,음료,26220,danawa,무당류,2,0,3,0,0,30,100,mL,"수크랄로스,아세설팜칼륨,에리스리톨","수크랄로스:0,아세설팜칼륨:0,에리스리톨:2.6",,31,https://s3.zerofinder.co.kr/public/products/original/0KYDMRHCN8400.png,,https://zerofinder.co.kr/product/0PCNV3FZ4J0B0,zerofinder
탑씨 제로 복숭아향,일화,음료,14100,estimated,무당류,0,0,0,0,0,1,100,mL,"수크랄로스,아세설팜칼륨,알룰로스,D-소비톨액,아라비아검","수크랄로스:0,아세설팜칼륨:0,알룰로스:0,D-소비톨액:0,아라비아검:0",,52,https://s3.zerofinder.co.kr/public/products/original/0KYDM4X9DR400.png,,https://zerofinder.co.kr/product/0PCNV3FZ2FH00,zerofinder
스파클링제로버블 알로에맛,블링부스터x위글위글,음료,30500,estimated,무당류,0,0,0,0,0,3,100,mL,"아스파탐,수크랄로스,아세설팜칼륨","아스파탐:0,수크랄로스:0,아세설팜칼륨:0",,55,https://s3.zerofinder.co.kr/public/products/original/0KYDHGX95G400.png,,https://zerofinder.co.kr/product/0PCNV3FZJZ1BS,zerofinder
스파클링제로버블 레몬맛,블링부스터x위글위글,음료,30600,estimated,무당류,0,0,0,0,0,1,100,mL,"아스파탐,수크랄로스,아세설팜칼륨","아스파탐:0,수크랄로스:0,아세설팜칼륨:0",,56,https://s3.zerofinder.co.kr/public/products/original/0KYDH12N2W400.png,,https://zerofinder.co.kr/product/0PCNV3FZKVVE1,zerofinder
스파클링제로버블 애플망고맛,블링부스터x위글위글,음료,25800,estimated,무당류,2,0,0.56,0,0,1,100,mL,"아스파탐,수크랄로스,아세설팜칼륨","아스파탐:0,수크랄로스:0,아세설팜칼륨:0",,52,https://s3.zerofinder.co.kr/public/products/original/0KYD4KMT6M400.png,,https://zerofinder.co.kr/product/0PCNV3FZJB7P5,zerofinder
스파클링제로버블 수박맛,블링부스터x위글위글,음료,28400,estimated,무당류,0,0,0,0,0,1,100,mL,"아스파탐,수크랄로스,아세설팜칼륨","아스파탐:0,수크랄로스:0,아세설팜칼륨:0",,22,https://s3.zerofinder.co.kr/public/products/original/0KYD47EP9M400.png,,https://zerofinder.co.kr/product/0PCNV3FZK6PPB,zerofinder
미에로화이바 제로슈가,현대약품,음료,16500,estimated,무당류,11,0,3.89,0,0,11,100,mL,"수크랄로스,아세설팜칼륨,스테비올 배당체","수크랄로스:0,아세설팜칼륨:0,스테비올 배당체:0",,49,https://s3.zerofinder.co.kr/public/products/original/0KYD3JXACG400.png,,https://zerofinder.co.kr/product/0PCNV3FZ7DKGP,zerofinder
애사비 제로 스파클링,썬키스트,음료,26600,danawa,무당류,1,0,3.71,0,0,13,100,mL,"수크랄로스,아세설팜칼륨,에리스리톨","수크랄로스:0,아세설팜칼륨:0,에리스리톨:10.5",,60,https://s3.zerofinder.co.kr/public/products/original/0KYD31VYX0400.png,,https://zerofinder.co.kr/product/0PCNV3FZFAXPK,zerofinder
제로 오렌지 소다,썬키스트,음료,17610,danawa,무당류,0,0,2.25,0,0,13,100,mL,"수크랄로스,아세설팜칼륨,알룰로스,D-소비톨액,아라비아검,감초추출물","수크랄로스:0,아세설팜칼륨:0,알룰로스:8,D-소비톨액:0,아라비아검:0,감초추출물:0",,35,https://s3.zerofinder.co.kr/public/products/original/0KYD25HPMC400.png,,https://zerofinder.co.kr/product/0PCNV3FZ89992,zerofinder
제로 자두자몽 소다,썬키스트,음료,28910,danawa,무당류,0,0,2.5,0,0,13,100,g,"수크랄로스,아세설팜칼륨,에리스리톨,알룰로스,아라비아검","수크랄로스:0,아세설팜칼륨:0,에리스리톨:2.63,알룰로스:8,아라비아검:0",,57,https://s3.zerofinder.co.kr/public/products/original/0KYCYYC0P8400.png,,https://zerofinder.co.kr/product/0PCNV3FZ85W59,zerofinder
제로 자몽 소다,썬키스트,음료,28910,danawa,무당류,1,0,2.54,0,0,14,100,mL,"수크랄로스,아세설팜칼륨,알룰로스,D-소비톨액,아라비아검","수크랄로스:0,아세설팜칼륨:0,알룰로스:8,D-소비톨액:0,아라비아검:0",,27,https://s3.zerofinder.co.kr/public/products/original/0KYCXYPEB4400.png,,https://zerofinder.co.kr/product/0PCNV3FZ4QR3B,zerofinder
스파클링제로자두,오케이에프,음료,19200,estimated,무당류,1,0,1.68,0.08,0.02,0,100,mL,"아스파탐,수크랄로스,아세설팜칼륨","아스파탐:0,수크랄로스:0,아세설팜칼륨:0",,55,https://s3.zerofinder.co.kr/public/products/original/0KY6YMV5D7W00.png,,https://zerofinder.co.kr/product/0PCNV3FZ4521Y,zerofinder
코코제로 리치,슈가로로,음료,29500,estimated,무당류,2,0.29,4.12,0,0,10,100,mL,"수크랄로스,아세설팜칼륨,에리스리톨,D-소비톨액,아라비아검","수크랄로스:0,아세설팜칼륨:0,에리스리톨:12,D-소비톨액:0,아라비아검:0",,19,https://s3.zerofinder.co.kr/public/products/original/0KY6XSQA4KW00.png,,https://zerofinder.co.kr/product/0PCNV3FZ4YSWV,zerofinder
코코제로 망고,슈가로로,음료,14000,estimated,무당류,1,0,3.82,0,0,12,100,g,"수크랄로스,아세설팜칼륨,에리스리톨,D-소비톨액,아라비아검","수크랄로스:0,아세설팜칼륨:0,에리스리톨:12,D-소비톨액:0,아라비아검:0",,17,https://s3.zerofinder.co.kr/public/products/original/0KY6X4GTVBW00.png,,https://zerofinder.co.kr/product/0PCNV3FZ6YS64,zerofinder
코코제로 복숭아,슈가로로,음료,20900,estimated,무당류,1,0,3.82,0,0,12,100,g,"수크랄로스,아세설팜칼륨,에리스리톨,D-소비톨액,아라비아검","수크랄로스:0,아세설팜칼륨:0,에리스리톨:12,D-소비톨액:0,아라비아검:0",,22,https://s3.zerofinder.co.kr/public/products/original/0KY6WM5KQBW00.png,,https://zerofinder.co.kr/product/0PCNV3FZA84M3,zerofinder
코코제로 요구르트,슈가로로,음료,29400,estimated,무당류,0,0,3.53,0,0,12,100,g,"수크랄로스,아세설팜칼륨,에리스리톨,D-소비톨액,아라비아검","수크랄로스:0,아세설팜칼륨:0,에리스리톨:12,D-소비톨액:0,아라비아검:0",,54,https://s3.zerofinder.co.kr/public/products/original/0KY6W0JEJQW00.png,,https://zerofinder.co.kr/product/0PCNV3FZBSPE1,zerofinder
코코제로 포도,슈가로로,음료,26400,real,무당류,4,0.29,4.41,0,0,12,100,mL,"수크랄로스,아세설팜칼륨,에리스리톨","수크랄로스:0,아세설팜칼륨:0,에리스리톨:12",,22,https://s3.zerofinder.co.kr/public/products/original/0KY6VJPQ0ZW00.png,,https://zerofinder.co.kr/product/0PCNV3FZ4RJ47,zerofinder
메론소다 제로,슈가로로,음료,20000,estimated,무당류,2,0,2.8,0,0,1,100,mL,"수크랄로스,아세설팜칼륨,에리스리톨,스테비올 배당체","수크랄로스:0,아세설팜칼륨:0,에리스리톨:6,스테비올 배당체:0",,37,https://s3.zerofinder.co.kr/public/products/original/0KY6VBR52BW00.png,,https://zerofinder.co.kr/product/0PCNV3FZ481G2,zerofinder
구름소다 제로,슈가로로,음료,20900,estimated,무당류,0,0,0.4,0,0,12,100,mL,"수크랄로스,아세설팜칼륨,에리스리톨,효소처리스테비아","수크랄로스:0,아세설팜칼륨:0,에리스리톨:1,효소처리스테비아:0",,58,https://s3.zerofinder.co.kr/public/products/original/0KY6TVRJC7W00.png,,https://zerofinder.co.kr/product/0PCNV3FZ4NY12,zerofinder
쥬시쿨 제로 파인애플,빙그레,음료,27480,danawa,무당류,4,0,2,0,0,55,100,mL,아스파탐,아스파탐:0,,6,https://s3.zerofinder.co.kr/public/products/original/0KY6TAWT1KW00.png,,https://zerofinder.co.kr/product/0PCNV3FZ3DM0A,zerofinder
생귤탱귤 제로 감귤,빙그레,간식/디저트,36600,danawa,무당류,0,0,15.72,0,0,14,100,mL,"수크랄로스,에리스리톨,알룰로스","수크랄로스:0,에리스리톨:0,알룰로스:9",,21,https://s3.zerofinder.co.kr/public/products/original/0KY6RJVFHZW00.png,,https://zerofinder.co.kr/product/0PCNV3FZ3RRBZ,zerofinder
더위사냥 제로 디카페인커피,빙그레,간식/디저트,27750,danawa,무당류,54,0,18.57,0.36,1.64,39,100,mL,"수크랄로스,아세설팜칼륨,에리스리톨,말티톨","수크랄로스:0,아세설팜칼륨:0,에리스리톨:3.5,말티톨:18",,21,https://s3.zerofinder.co.kr/public/products/original/0KY6R4DFB3W00.png,,https://zerofinder.co.kr/product/0PCNV3FZ8PDDE,zerofinder
당이 제로당 천도복숭아&자두,매일유업 광주공장,음료,14300,estimated,무당류,3,0,2.4,0,0.32,20,100,mL,"수크랄로스,아세설팜칼륨,에리스리톨,효소처리스테비아","수크랄로스:0,아세설팜칼륨:0,에리스리톨:0,효소처리스테비아:0",,43,https://s3.zerofinder.co.kr/public/products/original/0KY6QRT21BW00.png,,https://zerofinder.co.kr/product/0PCNV3FZ842G1,zerofinder
당이 제로당 유산균음료,매일유업 광주공장,음료,21500,estimated,무당류,3,0,5.6,0,0,44,100,mL,"수크랄로스,에리스리톨","수크랄로스:0,에리스리톨:0",,51,https://s3.zerofinder.co.kr/public/products/original/0KY6GW00S7W00.png,,https://zerofinder.co.kr/product/0PCNV3FZ46KP8,zerofinder
당이 제로당 청포도,매일유업,음료,27900,estimated,무당류,6,0,3.2,0,0.32,24,100,mL,"수크랄로스,아세설팜칼륨,에리스리톨,효소처리스테비아","수크랄로스:0,아세설팜칼륨:0,에리스리톨:0,효소처리스테비아:0",,32,https://s3.zerofinder.co.kr/public/products/original/0KY6GEFKN7W00.png,,https://zerofinder.co.kr/product/0PCNV3FZ2STJV,zerofinder
미닛메이드 레몬에이드 제로,해태에이치티비,음료,24700,estimated,무당류,1,0,0.34,0,0,40,100,g,"수크랄로스,아세설팜칼륨,아라비아검","수크랄로스:0,아세설팜칼륨:0,아라비아검:0",,37,https://s3.zerofinder.co.kr/public/products/original/0KY6F14407W00.png,,https://zerofinder.co.kr/product/0PCNV3FZ921S2,zerofinder
폴라포 스포츠 제로,해태아이스크림,간식/디저트,36270,danawa,무당류,2,0,9.17,0,0,29,100,mL,"수크랄로스,아세설팜칼륨,에리스리톨,알룰로스","수크랄로스:0,아세설팜칼륨:0,에리스리톨:3.2,알룰로스:7.3",,41,https://s3.zerofinder.co.kr/public/products/original/0KY6EF804FW00.png,,https://zerofinder.co.kr/product/0PCNV3FZ2HAC1,zerofinder
클룹 애사비소다 매실 제로,클룹,음료,48900,danawa,무당류,3,0,0.55,0.06,0.05,9,100,mL,"수크랄로스,아세설팜칼륨,알룰로스","수크랄로스:0,아세설팜칼륨:0,알룰로스:2.5",,7,https://s3.zerofinder.co.kr/public/products/original/0KY6C49W9KW00.png,,https://zerofinder.co.kr/product/0PCNV3FZBDQ94,zerofinder
클룹 애사비소다 화이트발사믹 제로,클룹,음료,82200,danawa,무당류,2,0,3,0,0,60,100,mL,"수크랄로스,아세설팜칼륨,알룰로스","수크랄로스:0,아세설팜칼륨:0,알룰로스:2.5",,5,https://s3.zerofinder.co.kr/public/products/original/0KY6BSEJSBW00.png,,https://zerofinder.co.kr/product/0PCNV3FZD8Y5V,zerofinder
클룹 애사비소다 타트체리 제로,클룹,음료,33500,danawa,무당류,2,0,3.6,0,0,10,100,mL,"수크랄로스,아세설팜칼륨,알룰로스","수크랄로스:0,아세설팜칼륨:0,알룰로스:2.5",,56,https://s3.zerofinder.co.kr/public/products/original/0KY6AR6SH7W00.png,,https://zerofinder.co.kr/product/0PCNV3FZFNR7A,zerofinder
클룹 스프린트 에너지 오렌지임팩트 제로,클룹,음료,44960,danawa,무당류,4,0,0.8,0.2,0,12,100,mL,"수크랄로스,아세설팜칼륨","수크랄로스:0,아세설팜칼륨:0",,51,https://s3.zerofinder.co.kr/public/products/original/0KY6A0KHXFW00.png,,https://zerofinder.co.kr/product/0PCNV3FZGZHCN,zerofinder
클룹 스프린트 에너지 시트러스버스트 제로,클룹,음료,39870,danawa,무당류,4,0,0.8,0.2,0,11,100,mL,"수크랄로스,아세설팜칼륨","수크랄로스:0,아세설팜칼륨:0",,52,https://s3.zerofinder.co.kr/public/products/original/0KY69M9YYFW00.png,,https://zerofinder.co.kr/product/0PCNV3FZJ58W4,zerofinder
클룹 유자레몬사이다 제로,클룹,음료,25800,estimated,무당류,3,0,0.57,0.01,0.04,6,100,mL,"수크랄로스,아세설팜칼륨,알룰로스","수크랄로스:0,아세설팜칼륨:0,알룰로스:2.5",,28,https://s3.zerofinder.co.kr/public/products/original/0KY68M4QRBW00.png,,https://zerofinder.co.kr/product/0PCNV3FZ8VNJG,zerofinder
클룹 제로소다 소다맛,오케이에프음료 ,음료,21500,estimated,무당류,1,0,3.2,0,0,6,100,mL,"수크랄로스,아세설팜칼륨,에리스리톨","수크랄로스:0,아세설팜칼륨:0,에리스리톨:7.5",,47,https://s3.zerofinder.co.kr/public/products/original/0KY68775MKW00.png,,https://zerofinder.co.kr/product/0PCNV3FZ5DHXY,zerofinder
클룹 푸룬 화이바 제로,동원시스템즈 횡성공장,음료,30400,estimated,무당류,61,0,23.34,0,0,6,100,mL,"수크랄로스,아세설팜칼륨,D-소비톨액","수크랄로스:0,아세설팜칼륨:0,D-소비톨액:0",,44,https://s3.zerofinder.co.kr/public/products/original/0KY65JANGVW00.png,,https://zerofinder.co.kr/product/0PCNV3FZ40BRA,zerofinder
클룹 제로소다 청사과,오케이에프음료,음료,19300,estimated,무당류,1,0,3.2,0,0,8,100,mL,"수크랄로스,아세설팜칼륨,에리스리톨","수크랄로스:0,아세설팜칼륨:0,에리스리톨:7.5",,59,https://s3.zerofinder.co.kr/public/products/original/0KY64YFEY7W00.png,,https://zerofinder.co.kr/product/0PCNV3FZ75BJ1,zerofinder
클룹 제로소다 포도,오케이에프음료 ,음료,15900,estimated,무당류,1,0,3.2,0,0,6,100,g,"수크랄로스,아세설팜칼륨,에리스리톨","수크랄로스:0,아세설팜칼륨:0,에리스리톨:7.5",,24,https://s3.zerofinder.co.kr/public/products/original/0KY64BB1QBW00.png,,https://zerofinder.co.kr/product/0PCNV3FZ2JRAY,zerofinder
티즐 제로 피치우롱티,웅진,음료,16000,danawa,무당류,1,0,1.34,0,0,5,100,mL,"수크랄로스,아세설팜칼륨,에리스리톨,스테비올 배당체","수크랄로스:0,아세설팜칼륨:0,에리스리톨:5,스테비올 배당체:0",,47,https://s3.zerofinder.co.kr/public/products/original/0KX6GFSWV0800.png,,https://zerofinder.co.kr/product/0PCNV3FZ66QMV,zerofinder
티즐 제로 딸기루이보스,웅진,음료,20520,danawa,무당류,1,0,1.76,0,0,5,100,g,"수크랄로스,아세설팜칼륨,에리스리톨,스테비올 배당체","수크랄로스:0,아세설팜칼륨:0,에리스리톨:7.5,스테비올 배당체:0",,30,https://s3.zerofinder.co.kr/public/products/original/0KX6GC5FMG800.png,,https://zerofinder.co.kr/product/0PCNV3FZ4APEH,zerofinder
티즐 제로 유자그린티,웅진,음료,30000,danawa,무당류,1,0,1.32,0,0,5,100,mL,"수크랄로스,아세설팜칼륨,에리스리톨,스테비올 배당체","수크랄로스:0,아세설팜칼륨:0,에리스리톨:7.5,스테비올 배당체:0",,40,https://s3.zerofinder.co.kr/public/products/original/0KX6FAY96C800.png,,https://zerofinder.co.kr/product/0PCNV3FZ66598,zerofinder
코코뿌요 제로 애플망고,뿌요,음료,26410,danawa,무당류,1,0,2.76,0.03,0.02,10,100,mL,"수크랄로스,에리스리톨,D-소비톨액,아라비아검,스테비올 배당체","수크랄로스:0,에리스리톨:7.5,D-소비톨액:0,아라비아검:0,스테비올 배당체:0",,31,https://s3.zerofinder.co.kr/public/products/original/0KX6ETZ1ZM800.png,,https://zerofinder.co.kr/product/0PCNV3FZ5NT2V,zerofinder
코코뿌요 제로 복숭아,뿌요,음료,12700,danawa,무당류,3,0,3.38,0.08,0.01,10,100,mL,"수크랄로스,에리스리톨,D-소비톨액,아라비아검,스테비올 배당체","수크랄로스:0,에리스리톨:7.5,D-소비톨액:0,아라비아검:0,스테비올 배당체:0",,29,https://s3.zerofinder.co.kr/public/products/original/0KX6DY013R800.png,,https://zerofinder.co.kr/product/0PCNV3FZ3DM6N,zerofinder
콤부차 제로 라임맛,야쿠르트,음료,36220,danawa,무당류,1,0,0.68,0.04,0.02,1,100,mL,"수크랄로스,아세설팜칼륨,알룰로스","수크랄로스:0,아세설팜칼륨:0,알룰로스:1.7",,16,https://s3.zerofinder.co.kr/public/products/original/0KX6D6M10W800.png,,https://zerofinder.co.kr/product/0PCNV3FZBGWBD,zerofinder
콤부차 제로 야쿠르트맛,야쿠르트,음료,36220,danawa,무당류,2,0,0.81,0.03,0.04,4,100,mL,"수크랄로스,아세설팜칼륨,알룰로스,D-소비톨액,아라비아검","수크랄로스:0,아세설팜칼륨:0,알룰로스:1.7,D-소비톨액:0,아라비아검:0",,24,https://s3.zerofinder.co.kr/public/products/original/0KX6CK7P2M800.png,,https://zerofinder.co.kr/product/0PCNV3FZ1J9T2,zerofinder
제로까베르네소비뇽,하이드로오아시스,음료,21000,estimated,,42,9.35,10.2,0.15,0.04,4,100,mL,자일리톨,자일리톨:0,,58,https://s3.zerofinder.co.kr/public/products/original/0KX6BV47E8800.png,,https://zerofinder.co.kr/product/0PCNV3FZ0Y8SE,zerofinder
제로슈가오렌지캔디,홈플러스,간식/디저트,10500,estimated,무당류,240,0,99,0,0.3,10,100,g,말티톨,말티톨:0,,23,https://s3.zerofinder.co.kr/public/products/original/0KX6B59ZH4800.png,,https://zerofinder.co.kr/product/0PCNV3FZ138WT,zerofinder
제로 문경 오미자 아이스티,스위트컵,음료,36900,danawa,무당류,3.4,0,10,0,0,10,100,g,"수크랄로스,에리스리톨,효소처리스테비아","수크랄로스:0,에리스리톨:0,효소처리스테비아:0",,55,https://s3.zerofinder.co.kr/public/products/original/0KX6A8ZFSW800.png,,https://zerofinder.co.kr/product/0PCNV3FZ1ED1E,zerofinder
피치 얼그레이 제로,할리스,음료,54630,danawa,무당류,1,0.01,1.28,0.05,0,5,100,mL,"수크랄로스,아세설팜칼륨,에리스리톨","수크랄로스:0,아세설팜칼륨:0,에리스리톨:6",,46,https://s3.zerofinder.co.kr/public/products/original/0KX69EERKR800.png,,https://zerofinder.co.kr/product/0PCNV3FZ0ZGS6,zerofinder
제로 말차 크림 모나카,롯데웰푸드,간식/디저트,19200,danawa,,145,0,29,1,4.8,65,,,"수크랄로스,말티톨,알룰로스,D-말티톨","수크랄로스:0,말티톨:0,알룰로스:3.7,D-말티톨:0",,33,https://s3.zerofinder.co.kr/public/products/original/0KWSFA9NZ4800.png,,https://zerofinder.co.kr/product/0PCNV3FZ703GV,zerofinder
게토레이제로,롯데칠성음료,음료,21700,estimated,무당류,0,0,0,0,0,49,100,mL,"수크랄로스,아세설팜칼륨","수크랄로스:0,아세설팜칼륨:0",,18,https://s3.zerofinder.co.kr/public/products/original/0KWSF2GJ5M800.png,,https://zerofinder.co.kr/product/0PCZ4B7GJ7C2K,zerofinder
펩시제로슈거모히토향,롯데칠성음료,음료,22900,estimated,무당류,0,0.01,0.08,0.02,0,25,100,mL,"아스파탐,수크랄로스,아세설팜칼륨","아스파탐:0,수크랄로스:0,아세설팜칼륨:0",,55,https://s3.zerofinder.co.kr/public/products/original/0KWSEPF600800.png,,https://zerofinder.co.kr/product/0PCZ4B7GHX6SF,zerofinder
펩시제로슈거라임향제로카페인,롯데칠성음료,음료,30000,estimated,무당류,0,0,0,0,0,17,100,mL,"아스파탐,수크랄로스,아세설팜칼륨","아스파탐:0,수크랄로스:0,아세설팜칼륨:0",,55,https://s3.zerofinder.co.kr/public/products/original/0KWSEDCJQM800.png,,https://zerofinder.co.kr/product/0PCZ4B7GGMP5W,zerofinder
펩시제로슈거파인애플향,롯데칠성음료,음료,27000,estimated,무당류,0,0,0,0,0,17,100,mL,"아스파탐,수크랄로스,아세설팜칼륨","아스파탐:0,수크랄로스:0,아세설팜칼륨:0",,47,https://s3.zerofinder.co.kr/public/products/original/0KWSDXEVWM800.png,,https://zerofinder.co.kr/product/0PCZ4B7GG7184,zerofinder
칠성사이다제로,롯데칠성음료,음료,17040,real,무당류,0,0,6,0,0,12,100,mL,"수크랄로스,에리스리톨,알룰로스,스테비올 배당체","수크랄로스:0,에리스리톨:0,알룰로스:0,스테비올 배당체:0",,10,https://s3.zerofinder.co.kr/public/products/original/0KWSD9H8ZW800.png,,https://zerofinder.co.kr/product/0PCZ4B7GJ6BJW,zerofinder
탐스제로멜론향,롯데칠성음료,음료,18800,estimated,무당류,1,0.03,2.33,0,0,7,100,g,"에리스리톨,알룰로스","에리스리톨:0,알룰로스:4.5",,47,https://s3.zerofinder.co.kr/public/products/original/0KWSD01NXR800.png,,https://zerofinder.co.kr/product/0PCZ4B7GHDR4B,zerofinder
나랑드사이다 제로 파인애플,오케이에프음료 ,음료,25100,estimated,무당류,0,0,0.02,0,0,24,100,mL,"수크랄로스,아세설팜칼륨,알룰로스","수크랄로스:0,아세설팜칼륨:0,알룰로스:1",,26,https://s3.zerofinder.co.kr/public/products/original/0KWSCGTWC0800.png,,https://zerofinder.co.kr/product/0PCNV3FZ90GHR,zerofinder
나랑드사이다 제로 그린애플,오케이에프음료,음료,15300,estimated,무당류,1,0,0.41,0,0,20,100,mL,"수크랄로스,아세설팜칼륨,알룰로스","수크랄로스:0,아세설팜칼륨:0,알룰로스:0.51",,53,https://s3.zerofinder.co.kr/public/products/original/0KWSC2J3XM800.png,,https://zerofinder.co.kr/product/0PCNV3FZ8TBH6,zerofinder
웰치 제로 체리스트로베리맛,대구경북능금농협음료가공공장,음료,23500,danawa,무당류,0,0,2.25,0,0,0,100,g,"수크랄로스,아세설팜칼륨,알룰로스","수크랄로스:0,아세설팜칼륨:0,알룰로스:8",,24,https://s3.zerofinder.co.kr/public/products/original/0KWSBKRDYW800.png,,https://zerofinder.co.kr/product/0PCNV3FZ885P7,zerofinder
웰치 제로 샤인머스캣맛,농심,음료,19280,danawa,무당류,0,0,2.17,0,0,0,100,g,"수크랄로스,아세설팜칼륨,알룰로스","수크랄로스:0,아세설팜칼륨:0,알룰로스:0",,17,https://s3.zerofinder.co.kr/public/products/original/0KWS91RCN8800.png,,https://zerofinder.co.kr/product/0PCNV3FZ2T0ZQ,zerofinder
웰치 제로 오렌지맛,농심,음료,4200,danawa,무당류,0,0,2.25,0,0,0,100,mL,"수크랄로스,아세설팜칼륨,알룰로스,아라비아검","수크랄로스:0,아세설팜칼륨:0,알룰로스:8,아라비아검:0",,7,https://s3.zerofinder.co.kr/public/products/original/0KWS8J0R7R800.png,,https://zerofinder.co.kr/product/0PCNV3FZ1N4CP,zerofinder
칠성사이다제로블루라임,롯데칠성음료,음료,18100,estimated,무당류,0,0,6,0,0,7,100,mL,"수크랄로스,아세설팜칼륨,알룰로스","수크랄로스:0,아세설팜칼륨:0,알룰로스:6",,35,https://s3.zerofinder.co.kr/public/products/original/0KWS7WS8B8800.png,,https://zerofinder.co.kr/product/0PCNV3FZ5B5PS,zerofinder
제로 아이스 쿠키&크림,롯데웰푸드,간식/디저트,21580,danawa,무당류,117,0,21,1,6,85,100,g,"말티톨,D-말티톨","말티톨:0,D-말티톨:0",,54,https://s3.zerofinder.co.kr/public/products/original/0KWS7KRC88800.png,,https://zerofinder.co.kr/product/0PCNV3FZ57KA3,zerofinder
제로 아이스 딥초콜릿,롯데웰푸드,간식/디저트,32940,danawa,무당류,130,0,20,2,7,70,100,g,"말티톨,D-말티톨","말티톨:0,D-말티톨:0",,31,https://s3.zerofinder.co.kr/public/products/original/0KWS774ZEM800.png,,https://zerofinder.co.kr/product/0PCNV3FZ1YMW0,zerofinder
제로 초콜릿칩 쿠키,롯데제과,간식/디저트,18980,danawa,무당류,470,0,60,9,26,440,100,g,"수크랄로스,아세설팜칼륨,에리스리톨,소르비톨,D-말티톨","수크랄로스:0,아세설팜칼륨:0,에리스리톨:0,소르비톨:0,D-말티톨:0",,41,https://s3.zerofinder.co.kr/public/products/original/0KWS6MVAZC800.png,,https://zerofinder.co.kr/product/0PCNV3FZ1FR8T,zerofinder
마운틴듀제로슈거블루,롯데칠성음료,음료,17200,estimated,무당류,0,0,0.01,0.01,0,5,100,mL,"아스파탐,수크랄로스,아라비아검","아스파탐:0,수크랄로스:0,아라비아검:0",,49,https://s3.zerofinder.co.kr/public/products/original/0KWS692QE8800.png,,https://zerofinder.co.kr/product/0PCZ4B7GKDMK3,zerofinder
당제로 초콜릿바,제로윗,간식/디저트,15800,estimated,무당류,155,0,24,2,11.77,25,85,mL,"에리스리톨,알룰로스","에리스리톨:0,알룰로스:0",,30,https://s3.zerofinder.co.kr/public/products/original/0KWNJ9532C800.png,,https://zerofinder.co.kr/product/0PCNV3FZ40HXT,zerofinder
제로루틴 알파CD 3200,코스팜,기타,23000,estimated,무당류,13,0,3,0.03,0,3.57,3.5,g,,,,46,https://s3.zerofinder.co.kr/public/products/original/0KWNHFQPWC800.png,,https://zerofinder.co.kr/product/0PCNV3FZ0MT38,zerofinder
당제로 초콜릿,제로윗,간식/디저트,20100,estimated,무당류,155,0,24,2,18,25,85,mL,"에리스리톨,알룰로스,D-말티톨","에리스리톨:2,알룰로스:1,D-말티톨:0",,53,https://s3.zerofinder.co.kr/public/products/original/0KWNHETADC800.png,,https://zerofinder.co.kr/product/0PCNV3FZ3VKE6,zerofinder
컨디션 제로 스파클링,튤립인터내셔널,음료,72810,danawa,무당류,10,0,2,0,0,45,100,mL,수크랄로스,수크랄로스:0,,11,https://s3.zerofinder.co.kr/public/products/original/0KWNGMJB0R800.png,,https://zerofinder.co.kr/product/0PCNV3FZ0JATR,zerofinder
제로윗 아이스팝 배,서주,간식/디저트,21300,estimated,무당류,37,0,19.17,0,0,50,100,mL,"수크랄로스,아세설팜칼륨,에리스리톨,알룰로스","수크랄로스:0,아세설팜칼륨:0,에리스리톨:0,알룰로스:0",,19,https://s3.zerofinder.co.kr/public/products/original/0KWNG23BHR800.png,,https://zerofinder.co.kr/product/0PCNV3FZ1WMS6,zerofinder
위생천 스파클링 제로,광동제약,음료,16630,danawa,무당류,0,0,2,0,0,10,75,g,"수크랄로스,아세설팜칼륨,알룰로스","수크랄로스:0,아세설팜칼륨:0,알룰로스:2",,49,https://s3.zerofinder.co.kr/public/products/original/0KWNFYH9C4800.png,,https://zerofinder.co.kr/product/0PCNV3FZ0F1RS,zerofinder
떠먹는 제로 티라미수,던킨,간식/디저트,17700,estimated,무당류,235,0,34.84,5.16,14.19,97,100,g,,,,8,https://s3.zerofinder.co.kr/public/products/original/0KWNF6QTVC800.png,,https://zerofinder.co.kr/product/0PCNV3FZ0MMHH,zerofinder
곤약젤리 청포도 제로,자임에프앤비,간식/디저트,18300,estimated,무당류,2,0,7.9,0,0,34,100,g,에리스리톨,에리스리톨:7.86,,59,https://s3.zerofinder.co.kr/public/products/original/0KWNENGQYG800.png,,https://zerofinder.co.kr/product/0PCNV3FZ0VW0G,zerofinder
제로재 무설탕 생강청,자연농장,음료,15800,estimated,저당류,34,1,7,0,1,10,100,g,알룰로스,알룰로스:0,,13,https://s3.zerofinder.co.kr/public/products/original/0KWNE94ZZC800.png,,https://zerofinder.co.kr/product/0PCNV3FZ14958,zerofinder
최겸의 제로또띠아,제로베이커리,간식/디저트,21700,estimated,저당류,324,1.64,43.64,3.64,21.09,364,100,g,,,,47,https://s3.zerofinder.co.kr/public/products/original/0KWNCPNDWW800.png,,https://zerofinder.co.kr/product/0PCNV3FZ1YY55,zerofinder
제로 연양갱 꿀고구마,롯데,간식/디저트,17900,estimated,무당류,95,0,34,1.4,0,0,50,g,"수크랄로스,아세설팜칼륨,D-말티톨","수크랄로스:0,아세설팜칼륨:0,D-말티톨:0",,40,https://s3.zerofinder.co.kr/public/products/original/0KWNC8HCAM800.png,,https://zerofinder.co.kr/product/0PCNV3FZ0EDYB,zerofinder
제로 에이드 청포도,동원시스템즈,음료,24500,estimated,무당류,0,0,4.4,0,0,8,100,mL,에리스리톨,에리스리톨:4.4,,53,https://s3.zerofinder.co.kr/public/products/original/0KWNB3YNA0800.png,,https://zerofinder.co.kr/product/0PCNV3FZ027FC,zerofinder
왕포도알 제로슈가,서주,간식/디저트,22900,estimated,무당류,40,0,20,0,0,50,120,mL,"수크랄로스,아세설팜칼륨,에리스리톨,말티톨,효소처리스테비아","수크랄로스:0,아세설팜칼륨:0,에리스리톨:0,말티톨:0,효소처리스테비아:0",,44,https://s3.zerofinder.co.kr/public/products/original/0KWNAAYKNM800.png,,https://zerofinder.co.kr/product/0PCNV3FYZYFS9,zerofinder
흑삼진액제로,휴럼,건강기능식품,43650,danawa,무당류,0,0,0.83,0.21,0,1.875,50,mL,,,,37,https://s3.zerofinder.co.kr/public/products/original/0KWN9WKJV8800.png,,https://zerofinder.co.kr/product/0PCNV3FYZXAD6,zerofinder
파리콜라제로,LA LIMONADERIE DE PARIS,음료,21400,estimated,무당류,0,0,0,0,0,4,330,mL,"수크랄로스,아세설팜칼륨","수크랄로스:0,아세설팜칼륨:0",,40,https://s3.zerofinder.co.kr/public/products/original/0KWN8ZWGSR800.png,,https://zerofinder.co.kr/product/0PCNV3FYZT5BM,zerofinder
제로오렌지탄산,OKF,음료,21700,estimated,무당류,0,0,1.6,0,0,1,100,mL,,,,15,https://s3.zerofinder.co.kr/public/products/original/0KWN8H2E08800.png,,https://zerofinder.co.kr/product/0PCNV3FYZNX7Q,zerofinder
제로톡젤리믹스,건영제과,간식/디저트,20900,estimated,무당류,0,0,1,0,0,15,40,g,"수크랄로스,아세설팜칼륨,에리스리톨,효소처리스테비아","수크랄로스:0,아세설팜칼륨:0,에리스리톨:0,효소처리스테비아:0",,35,https://s3.zerofinder.co.kr/public/products/original/0KWN7Z41MW800.png,,https://zerofinder.co.kr/product/0PCNV3FYZMGJ3,zerofinder
드림카카오제로,롯데웰푸드,간식/디저트,16800,estimated,,153,2,18,3,10,10,32,g,D-말티톨,D-말티톨:13,,53,https://s3.zerofinder.co.kr/public/products/original/0KWN7B97E8800.png,,https://zerofinder.co.kr/product/0PCNV3FYZD74Y,zerofinder
당제로 바닐라,제로윗,간식/디저트,13900,estimated,무당류,100,0,18,1,6,10,100,mL,"에리스리톨,알룰로스","에리스리톨:0,알룰로스:0",,45,https://s3.zerofinder.co.kr/public/products/original/0KWN6AWW2W800.png,,https://zerofinder.co.kr/product/0PCNV3FZ0X2CD,zerofinder
에버데이 제로 에너지,일화,음료,19440,danawa,무당류,1,0,0.22,0.06,0.01,13,100,g,"수크랄로스,아세설팜칼륨,D-소비톨액,아라비아검","수크랄로스:0,아세설팜칼륨:0,D-소비톨액:0,아라비아검:0",,54,https://s3.zerofinder.co.kr/public/products/original/0KWN5VQ1K0800.png,,https://zerofinder.co.kr/product/0PCNV3FZ0YD37,zerofinder
에버데이 제로 비타민,일화,음료,19440,danawa,무당류,1,0,0.23,0.06,0.03,19,100,g,,,,45,https://s3.zerofinder.co.kr/public/products/original/0KWN4R2WD4800.png,,https://zerofinder.co.kr/product/0PCNV3FZ19KKQ,zerofinder
에버데이 제로 릴렉스,일화,음료,19440,danawa,무당류,1,0,0.06,0.08,0.01,4,100,g,"수크랄로스,아세설팜칼륨","수크랄로스:0,아세설팜칼륨:0",,33,https://s3.zerofinder.co.kr/public/products/original/0KWN4EA6J0800.png,,https://zerofinder.co.kr/product/0PCNV3FZ088SV,zerofinder
제로 티라미수,케익드라마,간식/디저트,27700,danawa,무당류,270,0,35,5,17,70,100,g,,,,23,https://s3.zerofinder.co.kr/public/products/original/0KWN3NDEHC800.png,,https://zerofinder.co.kr/product/0PCNV3FYYZ471,zerofinder
제로베이스 자몽,베버시티,음료,17900,estimated,저당류,5,1,55,0,0,20,100,g,"수크랄로스,알룰로스,D-소비톨액,효소처리스테비아,아라비아검","수크랄로스:0,알룰로스:0,D-소비톨액:0,효소처리스테비아:0,아라비아검:0",,26,https://s3.zerofinder.co.kr/public/products/original/0KWN3GAGSR800.png,,https://zerofinder.co.kr/product/0PCNV3FYZA54H,zerofinder
제로베이스 레몬,베버시티,음료,19400,estimated,무당류,7,0,55,0,0,20,100,g,"수크랄로스,알룰로스,D-소비톨액,효소처리스테비아,아라비아검","수크랄로스:0,알룰로스:53,D-소비톨액:0,효소처리스테비아:0,아라비아검:0",,39,https://s3.zerofinder.co.kr/public/products/original/0KWN34N9QG800.png,,https://zerofinder.co.kr/product/0PCNV3FYYZV6J,zerofinder
아이스티제로 자몽,오케이에프음료 ,음료,15100,estimated,무당류,10,0,14,0,0,10,500,g,"수크랄로스,에리스리톨","수크랄로스:0,에리스리톨:12.5",,14,https://s3.zerofinder.co.kr/public/products/original/0KWN0Z83D8800.png,,https://zerofinder.co.kr/product/0PCNV3FYYJTSE,zerofinder
곤약젤리 복숭아 제로,자임에프앤비,간식/디저트,13700,estimated,무당류,2,0,7.5,0,0,38,100,g,"수크랄로스,에리스리톨","수크랄로스:0,에리스리톨:7.14",,49,https://s3.zerofinder.co.kr/public/products/original/0KWMZSF4R0800.png,,https://zerofinder.co.kr/product/0PCNV3FZ1XHTZ,zerofinder
메나브레아 제로,BIRRA MENABREA S.P.A.,음료,16400,estimated,저당류,15,0.5,3.3,0.5,0,10,100,mL,,,,18,https://s3.zerofinder.co.kr/public/products/original/0KWMZG0B2G800.png,,https://zerofinder.co.kr/product/0PCNV3FYY9X9R,zerofinder
제로당현미쑥인절미,만풍농업회사,간식/디저트,11300,estimated,무당류,202,0.3,43.16,5.08,1.04,224,100,g,말티톨,말티톨:0,,31,https://s3.zerofinder.co.kr/public/products/original/0KWMWNRC9R800.png,,https://zerofinder.co.kr/product/0PCNV3FZ02QPP,zerofinder
탐스제로사과,롯데칠성음료,음료,19600,estimated,저당류,3,0.53,2.46,0.01,0.02,7,100,mL,"수크랄로스,에리스리톨,알룰로스,스테비올 배당체","수크랄로스:0,에리스리톨:0,알룰로스:0,스테비올 배당체:0",,34,https://s3.zerofinder.co.kr/public/products/original/0KWMPT7NZGM00.png,,https://zerofinder.co.kr/product/0PCZ4B7GGY0NJ,zerofinder
립톤제로복숭아아이스티,롯데칠성음료,음료,14460,real,무당류,2,0,0.51,0.04,0.02,13,100,g,"아세설팜칼륨,수크랄로스","아세설팜칼륨:0,수크랄로스:0",,31,https://s3.zerofinder.co.kr/public/products/original/0KWMP1S4SRM00.png,,https://zerofinder.co.kr/product/0PCNV3FZ5QT0Y,zerofinder
칠성사이다제로오렌지,롯데칠성음료,음료,14700,estimated,무당류,1,0.18,1.89,0.01,0,2,100,mL,"수크랄로스,에리스리톨,알룰로스","수크랄로스:0,에리스리톨:0,알룰로스:0",,58,https://s3.zerofinder.co.kr/public/products/original/0KWMNHM90CM00.png,,https://zerofinder.co.kr/product/0PCNV3FZ5TKGS,zerofinder
탐스제로파인애플,롯데칠성음료,음료,21300,estimated,,2,0.25,2.42,0,0,9,,,"수크랄로스,에리스리톨,알룰로스,D-소비톨액","수크랄로스:0,에리스리톨:1,알룰로스:6,D-소비톨액:0",,54,https://s3.zerofinder.co.kr/public/products/original/0KWMMYGXC8M00.png,,https://zerofinder.co.kr/product/0PCZ4B7GKBB60,zerofinder
제로 플레인 요거트,롯데웰푸드,유제품,15600,estimated,,60,0,5,4.6,3.1,20,,,아세설팜칼륨,아세설팜칼륨:0,,49,https://s3.zerofinder.co.kr/public/products/original/0KWMMHBBS4M00.png,,https://zerofinder.co.kr/product/0PCNV3FZ25SSW,zerofinder
피로제로,보고신약,음료,14000,estimated,,80,16,16,4,0,8,100,mL,효소처리스테비아,효소처리스테비아:0,,53,https://s3.zerofinder.co.kr/public/products/original/0KWMKXWSJ0M00.png,,https://zerofinder.co.kr/product/0PCNV3FYV8YRM,zerofinder
요플레 제로 초코링,빙그레 광주공장,유제품,15500,estimated,무당류,105,0,11,6.5,4.1,69.6,120,g,"알룰로스,효소처리스테비아,D-말티톨","알룰로스:0,효소처리스테비아:0,D-말티톨:0",,35,https://s3.zerofinder.co.kr/public/products/original/0KWMKPWK3MM00.png,,https://zerofinder.co.kr/product/0PCNV3FZ1M3BG,zerofinder
코카·콜라 제로제로,코카콜라음료,음료,20340,danawa,무당류,0,0,0,0,0,6,100,mL,"수크랄로스,아세설팜칼륨","수크랄로스:0,아세설팜칼륨:0",,27,https://s3.zerofinder.co.kr/public/products/original/0KWMKJQC6CM00.png,,https://zerofinder.co.kr/product/0PCNV3FZ0A0EQ,zerofinder
펩시제로슈거라임향,롯데칠성음료,음료,19100,estimated,무당류,0,0,0,0,0,27,100,mL,"아스파탐,수크랄로스,아세설팜칼륨","아스파탐:0,수크랄로스:0,아세설팜칼륨:0",,29,https://s3.zerofinder.co.kr/public/products/original/0KWMKARY0CM00.png,,https://zerofinder.co.kr/product/0PCNV3FZ0DYH5,zerofinder
HOT6 THE KING 제로,롯데칠성음료,음료,29200,estimated,무당류,3,0,2.52,0.1,0,37,100,mL,"수크랄로스,아세설팜칼륨,에리스리톨","수크랄로스:0,아세설팜칼륨:0,에리스리톨:0",,58,https://s3.zerofinder.co.kr/public/products/original/0KWMK4E5YMM00.png,,https://zerofinder.co.kr/product/0PCNV3FYYKZ9W,zerofinder
"7days 제로 곤약젤리, 복숭아맛",자임에프앤비,간식/디저트,20700,estimated,무당류,2,0,7.6,0,0,36,100,g,에리스리톨,에리스리톨:7.06,,56,https://s3.zerofinder.co.kr/public/products/original/0KWMJRF2XRM00.png,,https://zerofinder.co.kr/product/0PCNV3FZ86EWT,zerofinder
클룹 제로소다 레몬,오케이에프음료,음료,24600,estimated,무당류,0,0,3.2,0,0,4,100,g,"수크랄로스,아세설팜칼륨,에리스리톨,효소처리스테비아","수크랄로스:0,아세설팜칼륨:0,에리스리톨:3,효소처리스테비아:0",,19,https://s3.zerofinder.co.kr/public/products/original/0KWMJ771ZMM00.png,,https://zerofinder.co.kr/product/0PCNV3FZ18QVC,zerofinder
제로넛츠 아몬드,씨앤지,간식/디저트,17300,estimated,무당류,535,0,45.16,12.78,38.91,38,100,g,D-말티톨,D-말티톨:28,,22,https://s3.zerofinder.co.kr/public/products/original/0KWMGNKSHCM00.png,,https://zerofinder.co.kr/product/0PCNV3FYYMWDC,zerofinder
저먼 제로 부어스트,외갓집,육가공품,42940,danawa,무당류,314,0.75,6,14,26,525,1000,g,,,,6,https://s3.zerofinder.co.kr/public/products/original/0KWMGEFF3WM00.png,,https://zerofinder.co.kr/product/0PCNV3FYZYQR8,zerofinder
제로와플(코코넛),제로베이커리,간식/디저트,15900,estimated,저당류,252,2.08,31.25,4.17,18.75,750,100,g,에리스리톨,에리스리톨:12,,47,https://s3.zerofinder.co.kr/public/products/original/0KWMFYWKEMM00.png,,https://zerofinder.co.kr/product/0PCNV3FYZX4HB,zerofinder
제로 카카오 케이크,롯데제과,간식/디저트,5900,danawa,무당류,455,0,48,9,29,350,100,g,"수크랄로스,아세설팜칼륨,D-말티톨","수크랄로스:0,아세설팜칼륨:0,D-말티톨:0",,30,https://s3.zerofinder.co.kr/public/products/original/0KWMAB8BA5400.png,,https://zerofinder.co.kr/product/0PCNV3FZ2AT2Q,zerofinder
마스터토닉워터제로,롯데칠성음료,음료,26800,estimated,무당류,0,0,0,0,0,2,100,mL,,,,58,https://s3.zerofinder.co.kr/public/products/original/0KWM9RCRP9400.png,,https://zerofinder.co.kr/product/0PCNV3FZ1QFYP,zerofinder
클라우드 논알콜릭(구 클라우드 클리어 제로),롯데칠성음료,음료,31500,estimated,무당류,9,0,2,0,0,6,100,mL,,,,39,https://s3.zerofinder.co.kr/public/products/original/0KWM8RJ1G1400.png,,https://zerofinder.co.kr/product/0PCNV3FZ0NMGC,zerofinder
칠성사이다제로라임,롯데칠성음료,음료,14100,estimated,무당류,1,0.03,2.09,0,0,4,100,mL,"수크랄로스,에리스리톨,알룰로스","수크랄로스:0,에리스리톨:1,알룰로스:6",,30,https://s3.zerofinder.co.kr/public/products/original/0KWM7YJTMX400.png,,https://zerofinder.co.kr/product/0PCNV3FZ0G4YC,zerofinder
제로 밀크 모나카,롯데웰푸드,간식/디저트,18790,danawa,무당류,116,0,22.14,1.43,4.29,57,100,mL,"수크랄로스,말티톨,D-말티톨","수크랄로스:0,말티톨:0,D-말티톨:0",,47,https://s3.zerofinder.co.kr/public/products/original/0KWM745FV6R00.png,,https://zerofinder.co.kr/product/0PCNV3FYYVKAS,zerofinder
Project H 제로마들렌 얼그레이,삼립,간식/디저트,10800,estimated,,310,0.0,24.14,6.9,20.69,310.0,29,g,"말티톨,D-말티톨","말티톨:0,D-말티톨:0",,46,https://s3.zerofinder.co.kr/public/products/original/0KWM4V4C3TR00.png,,https://zerofinder.co.kr/product/0KWM52MK2PR00,zerofinder
Project H 제로마들렌 말차,삼립,기타,27300,estimated,,362,0.0,24.14,6.9,27.59,328.0,29,g,"말티톨,D-말티톨","말티톨:0,D-말티톨:0",,60,https://s3.zerofinder.co.kr/public/products/original/0KWM3XJN0JR00.png,,https://zerofinder.co.kr/product/0KWM4FYB9ER00,zerofinder
Project H 제로마들렌 오렌지&코코넛,삼립,간식/디저트,16900,estimated,,368,0.28,24.14,6.21,27.72,298.0,29,g,"말티톨,D-말티톨","말티톨:0,D-말티톨:0",,8,https://s3.zerofinder.co.kr/public/products/original/0KWM2D9SVC800.png,,https://zerofinder.co.kr/product/0KWM3JJF5G800,zerofinder
Project H 제로마들렌 초코,삼립,간식/디저트,14100,estimated,무당류,110,0,14,2,12.4,80,29,g,"말티톨,D-말티톨","말티톨:0,D-말티톨:0",,25,https://s3.zerofinder.co.kr/public/products/original/0KWM0HE6QER00.png,,https://zerofinder.co.kr/product/0PCNV3FYXGQZF,zerofinder
카페라떼 시럽 WITH 알룰로스,몽크슈,간식/디저트,50400,danawa,무당류,4,0,13.02,0,0,0,100,g,알룰로스,알룰로스:12.85,,25,https://s3.zerofinder.co.kr/public/products/original/0KWKYNK2X2R00.png,,https://zerofinder.co.kr/product/0PCNV3FYXFF3G,zerofinder
제로슈가 소불고기,푸드랩플러스,육가공품,17800,estimated,무당류,155,0,8,15,7,390,100,g,"에리스리톨,알룰로스","에리스리톨:0,알룰로스:0",,29,https://s3.zerofinder.co.kr/public/products/original/0KWKXPCP3TR00.png,,https://zerofinder.co.kr/product/0PCNV3FYWREJK,zerofinder
맥심 모카골드 제로슈거 커피,동서식품,유제품,12000,estimated,무당류,30,0,9,0,2,25,12,g,"에리스리톨,폴리글리시톨액","에리스리톨:4,폴리글리시톨액:0",,58,https://s3.zerofinder.co.kr/public/products/original/0KWKWDHWVER00.png,,https://zerofinder.co.kr/product/0PCNV3FYWEC1A,zerofinder
티즐 제로 자몽블랙티,웅진,음료,10500,danawa,무당류,0,0,1.08,0,0,5,100,mL,,,,58,https://s3.zerofinder.co.kr/public/products/original/0KWKVC0G12R00.png,,https://zerofinder.co.kr/product/0PCNV3FYW9V7R,zerofinder
제로콘누들 마라,킬로리,주식/면류,16600,estimated,무당류,285,0,71,7,1.9,1070,107,g,"에리스리톨,효소처리스테비아","에리스리톨:1,효소처리스테비아:0",,6,https://s3.zerofinder.co.kr/public/products/original/0KWKTE6MQJR00.png,,https://zerofinder.co.kr/product/0PCNV3FYW70WB,zerofinder
자연은 더 말린 제로 유자,웅진,음료,12100,danawa,무당류,0,0,1.96,0,0.06,5,100,g,"수크랄로스,아세설팜칼륨,에리스리톨","수크랄로스:0,아세설팜칼륨:0,에리스리톨:1.8",,8,https://s3.zerofinder.co.kr/public/products/original/0KWKSM8Y2PR00.png,,https://zerofinder.co.kr/product/0PCNV3FYTMPR1,zerofinder
제로스위트,델라페,음료,21900,danawa,무당류,4,0,0.8,0.2,0,12,100,g,"수크랄로스,아세설팜칼륨","수크랄로스:0,아세설팜칼륨:0",,27,https://s3.zerofinder.co.kr/public/products/original/0KWKR1DXTER00.png,,https://zerofinder.co.kr/product/0PCNV3FYXKQ1K,zerofinder
제로 바나나파운드,제로베이커리,간식/디저트,13600,estimated,저당류,304,5,27.67,6.67,20,543,100,g,,,,9,https://s3.zerofinder.co.kr/public/products/original/0KWKQC7QM2R00.png,,https://zerofinder.co.kr/product/0PCNV3FYYWP0C,zerofinder
비다 제로 스파클링 드링크 솔티 리치향,KIANJOOCANPACKSDN.BHD,음료,27800,estimated,무당류,0,0,0,0,0,166,325,mL,"에리스리톨,아세설팜칼륨,수크랄로스","에리스리톨:0,아세설팜칼륨:0,수크랄로스:0",,46,https://s3.zerofinder.co.kr/public/products/original/0KWKBQC68AR00.png,,https://zerofinder.co.kr/product/0PCNV3FZJ9XWK,zerofinder
양반 유자 제로, 동천수 상주공장,음료,14300,estimated,저당류,3,0.59,1.18,0,0,15,100,mL,"수크랄로스,아세설팜칼륨,알룰로스","수크랄로스:0,아세설팜칼륨:0,알룰로스:2",,6,https://s3.zerofinder.co.kr/public/products/original/0KWJ79P28JR00.png,,https://zerofinder.co.kr/product/0PCNV3FYZ166X,zerofinder
롯데시네마 제로팝콘,제이앤이 아산공장,간식/디저트,23700,estimated,무당류,456,0,80.03,4.45,13.08,312,100,g,D-말티톨,D-말티톨:0,,17,https://s3.zerofinder.co.kr/public/products/original/0KWJ6W5SWPR00.png,,https://zerofinder.co.kr/product/0PCNV3FZ0N0AS,zerofinder
제로쌀스콘 카카오,제로베이커리,간식/디저트,22200,estimated,저당류,433,1.67,56.67,6.67,26.67,350,100,g,,,,44,https://s3.zerofinder.co.kr/public/products/original/0KWJ65MD4YR00.png,,https://zerofinder.co.kr/product/0PCZ4B7GJZGT6,zerofinder
제로브라우니샌드,제로베이커리,간식/디저트,12600,estimated,저당류,395,2.5,30,7.75,36,370,100,g,에리스리톨,에리스리톨:0,,13,https://s3.zerofinder.co.kr/public/products/original/0KWJ5Q7ZW6R00.png,,https://zerofinder.co.kr/product/0PCNV3FYYDAEF,zerofinder
코카-콜라 제로 체리,코카콜라음료,음료,25270,danawa,무당류,0,0,0,0,0,6,100,mL,"수크랄로스,아세설팜칼륨","수크랄로스:0,아세설팜칼륨:0",,12,https://s3.zerofinder.co.kr/public/products/original/0KWJ4AT59YR00.png,,https://zerofinder.co.kr/product/0PCZ4B7GGFK98,zerofinder
코카-콜라 제로 레몬,코카콜라음료,음료,43400,danawa,무당류,0,0,0,0,0,6,100,mL,"수크랄로스,아세설팜칼륨","수크랄로스:0,아세설팜칼륨:0",,18,https://s3.zerofinder.co.kr/public/products/original/0KWJ2SK79ER00.png,,https://zerofinder.co.kr/product/0PCNV3FZ1AKT3,zerofinder
부르르 밀크소다 제로 망고파인애플,일화,음료,31070,danawa,무당류,3,0.4,1.36,0.2,0,4,100,mL,"수크랄로스,아세설팜칼륨,알룰로스","수크랄로스:0,아세설팜칼륨:0,알룰로스:2",,21,https://s3.zerofinder.co.kr/public/products/original/0KWJ2D08AAR00.png,,https://zerofinder.co.kr/product/0PCNV3FZF69GQ,zerofinder
부르르 제로사이다 자두,일화초정공장,음료,50650,danawa,무당류,0,0,0,0,0,3,100,mL,"수크랄로스,아세설팜칼륨,알룰로스","수크랄로스:0,아세설팜칼륨:0,알룰로스:1",,15,https://s3.zerofinder.co.kr/public/products/original/0KWJ1NABP6R00.png,,https://zerofinder.co.kr/product/0PCNV3FZ4F1PG,zerofinder
부르르 제로콜라 수박,일화초정공장,음료,15510,danawa,무당류,1,0,0.14,0,0,2,100,mL,"수크랄로스,아세설팜칼륨,알룰로스","수크랄로스:0,아세설팜칼륨:0,알룰로스:0",,52,https://s3.zerofinder.co.kr/public/products/original/0KWJ16MK8ER00.png,,https://zerofinder.co.kr/product/0PCNV3FZ31RN4,zerofinder
부르르 제로콜라 체리,일화초정공장,음료,34060,danawa,,50,13,13,0,0,5,100,g,"수크랄로스,아세설팜칼륨,알룰로스","수크랄로스:0,아세설팜칼륨:0,알룰로스:0",,54,https://s3.zerofinder.co.kr/public/products/original/0KWHZDPFT2R00.png,,https://zerofinder.co.kr/product/0PCNV3FZ10V26,zerofinder
제로 쿠키 티라미수콘,롯데웰푸드  천안공장,간식/디저트,21900,estimated,무당류,123,0,20.63,2,6.25,81,100,mL,"수크랄로스,말티톨,D-말티톨","수크랄로스:0,말티톨:0,D-말티톨:0",,24,https://s3.zerofinder.co.kr/public/products/original/0KWHYNJQTJR00.png,,https://zerofinder.co.kr/product/0PCNV3FZ1638G,zerofinder
부르르 제로콜라 레몬,일화초정공장,음료,50650,danawa,무당류,0,0,0.11,0,0,10,100,g,"수크랄로스,아세설팜칼륨,알룰로스","수크랄로스:0,아세설팜칼륨:0,알룰로스:0",,6,https://s3.zerofinder.co.kr/public/products/original/0KWHY7MD9YR00.png,,https://zerofinder.co.kr/product/0PCNV3FZ0TS1Y,zerofinder
양반 매실 제로, 동천수 상주공장,음료,30500,estimated,저당류,3,0.59,1.18,0,0,12,100,mL,"수크랄로스,아세설팜칼륨,알룰로스","수크랄로스:0,아세설팜칼륨:0,알룰로스:0",,41,https://s3.zerofinder.co.kr/public/products/original/0KWHWJY3PTR00.png,,https://zerofinder.co.kr/product/0PCNV3FYZH0J2,zerofinder
자연은 알로에 제로,웅진식품,음료,10020,danawa,무당류,1,0.4,1.84,0,0,9,100,g,"수크랄로스,아세설팜칼륨,에리스리톨","수크랄로스:0,아세설팜칼륨:0,에리스리톨:7.5",,29,https://s3.zerofinder.co.kr/public/products/original/0KWHT7ZCEJR00.png,,https://zerofinder.co.kr/product/0PCNV3FZ06Y0M,zerofinder
제로 브라우니,제로베이커리,간식/디저트,48500,danawa,저당류,365,1.82,34.55,9.09,30.91,451,100,g,에리스리톨,에리스리톨:0,,50,https://s3.zerofinder.co.kr/public/products/original/0KWHSJYBJER00.png,,https://zerofinder.co.kr/product/0PCNV3FYYETG1,zerofinder
피크닉 청포도 제로,매일유업,음료,17010,danawa,,3,0.5,3.5,0,0,25,,,"수크랄로스,아세설팜칼륨,에리스리톨,효소처리스테비아","수크랄로스:0,아세설팜칼륨:0,에리스리톨:5.4,효소처리스테비아:0",,42,https://s3.zerofinder.co.kr/public/products/original/0KWHQN68PPR00.png,,https://zerofinder.co.kr/product/0PCNV3FZ3VSH7,zerofinder
피크닉 사과 제로,매일유업,음료,17010,danawa,,3,0.5,3.5,0,0,25,,,"수크랄로스,아세설팜칼륨,에리스리톨,효소처리스테비아","수크랄로스:0,아세설팜칼륨:0,에리스리톨:0,효소처리스테비아:0",,45,https://s3.zerofinder.co.kr/public/products/original/0KWHQ0YP3ER00.png,,https://zerofinder.co.kr/product/0PCNV3FYYVZ8P,zerofinder
제로마일드초콜릿,롯데,간식/디저트,24370,danawa,무당류,510,0,50,7,38,30,100,g,D-말티톨,D-말티톨:0,,49,https://s3.zerofinder.co.kr/public/products/original/0KWHPMVEV6R00.png,,https://zerofinder.co.kr/product/0PCNV3FYXMATZ,zerofinder
참치듬뿍 제로쌈장,농업회사법인이삭뜰,조미료/소스,17200,estimated,저당류,187,2.43,25.87,12.13,3.85,1715,100,g,알룰로스,알룰로스:23,,59,https://s3.zerofinder.co.kr/public/products/original/0KWHNR5CRTR00.png,,https://zerofinder.co.kr/product/0PCNV3FZ06S2H,zerofinder
코카콜라 제로 한류,코카콜라음료,음료,26100,estimated,무당류,0,0,0,0,0,6,100,g,"수크랄로스,아세설팜칼륨","수크랄로스:0,아세설팜칼륨:0",,56,https://s3.zerofinder.co.kr/public/products/original/0KWHN8JWXJR00.png,,https://zerofinder.co.kr/product/0PCNV3FZ277WN,zerofinder
아샷추 복숭아제로,오늘좋은,음료,15800,estimated,무당류,5,0,0.94,0.16,0,14,100,mL,"수크랄로스,아세설팜칼륨","수크랄로스:0,아세설팜칼륨:0",,41,https://s3.zerofinder.co.kr/public/products/original/0KWBDS54CT000.png,,https://zerofinder.co.kr/product/0PCNV3FYYAWC2,zerofinder
제로 에이드 수박,이디야,음료,20680,danawa,무당류,0,0,4.4,0,0,9,100,mL,"수크랄로스,에리스리톨","수크랄로스:0,에리스리톨:4.4",,27,https://s3.zerofinder.co.kr/public/products/original/0KWBATFJEA000.png,,https://zerofinder.co.kr/product/0PCNV3FYYTPYT,zerofinder
에버데이 제로,일화,음료,19440,danawa,무당류,1,0,0.25,0.04,0.01,31,100,g,"수크랄로스,아세설팜칼륨,알룰로스,D-소비톨액,아라비아검","수크랄로스:0,아세설팜칼륨:0,알룰로스:0,D-소비톨액:0,아라비아검:0",,47,https://s3.zerofinder.co.kr/public/products/original/0KWBA3BSA2000.png,,https://zerofinder.co.kr/product/0PCNV3FYXJPWR,zerofinder
하이볼향시럽제로 핑크자몽,오늘의일상,간식/디저트,15600,estimated,무당류,10,0,2.33,0,0,0,100,g,"에리스리톨,알룰로스,효소처리스테비아","에리스리톨:3,알룰로스:5.53,효소처리스테비아:0",,37,https://s3.zerofinder.co.kr/public/products/original/0KWB8T6YVE000.png,,https://zerofinder.co.kr/product/0PCNV3FZHPM3S,zerofinder
제로스콘 단호박,제로베이커리,간식/디저트,19500,estimated,저당류,393,1.67,21.67,11.67,30,383,100,g,알룰로스,알룰로스:6.67,,5,https://s3.zerofinder.co.kr/public/products/original/0KWB7GBC8E000.png,,https://zerofinder.co.kr/product/0PCNV3FYY6X7V,zerofinder
쿨피스 제로 파인애플,동원,음료,19900,danawa,무당류,4,0,1.3,0,0,48,100,mL,"수크랄로스,아세설팜칼륨,알룰로스,D-소비톨액,아라비아검","수크랄로스:0,아세설팜칼륨:0,알룰로스:0.35,D-소비톨액:0,아라비아검:0",,57,https://s3.zerofinder.co.kr/public/products/original/0KWAY7PCKA000.png,,https://zerofinder.co.kr/product/0PCNV3FZ32PCY,zerofinder
제로 에이드 레몬,동원,음료,23584,danawa,무당류,0,0,1,0,0.12,21,100,mL,"수크랄로스,알룰로스,D-소비톨액,아라비아검","수크랄로스:0,알룰로스:0.4,D-소비톨액:0,아라비아검:0",,32,https://s3.zerofinder.co.kr/public/products/original/0KWAXQT87J000.png,,https://zerofinder.co.kr/product/0PCNV3FYY1PP8,zerofinder
알로에베라킹 제로,오케이에프음료 ,음료,31100,estimated,무당류,1,0,1.8,0,0,6,100,mL,수크랄로스,수크랄로스:0,,45,https://s3.zerofinder.co.kr/public/products/original/0KWAX1M7FY000.png,,https://zerofinder.co.kr/product/0PCNV3FYY6GCG,zerofinder
슈가로로 미니 코코제로 요구르트,희창,음료,29900,estimated,무당류,15,0,3.7,0.05,0.05,12,100,mL,"수크랄로스,아세설팜칼륨,에리스리톨,D-소비톨액,아라비아검","수크랄로스:0,아세설팜칼륨:0,에리스리톨:3.44,D-소비톨액:0,아라비아검:0",,34,https://s3.zerofinder.co.kr/public/products/original/0KWAWVWGRT000.png,,https://zerofinder.co.kr/product/0PCNV3FZEV30X,zerofinder
실론티복숭아제로,롯데칠성음료,음료,26500,estimated,무당류,1,0,1.24,0,0,1,100,g,"수크랄로스,아세설팜칼륨,알룰로스","수크랄로스:0,아세설팜칼륨:0,알룰로스:1.4",,32,https://s3.zerofinder.co.kr/public/products/original/0KWAW0GR7J000.png,,https://zerofinder.co.kr/product/0PCNV3FYXZM89,zerofinder
포도봉봉 제로,해태,음료,22770,danawa,무당류,1,0,0.21,0,0,21,100,mL,"수크랄로스,아세설팜칼륨,알룰로스","수크랄로스:0,아세설팜칼륨:0,알룰로스:0.82",,38,https://s3.zerofinder.co.kr/public/products/original/0KWAVQGDZP000.png,,https://zerofinder.co.kr/product/0PCNV3FYXX8WT,zerofinder
가나디 레몬녹차제로,삼양패키징 광혜원,음료,31200,estimated,무당류,0,0,1.02,0.01,0.01,8,100,mL,"수크랄로스,아세설팜칼륨,에리스리톨","수크랄로스:0,아세설팜칼륨:0,에리스리톨:1",,22,https://s3.zerofinder.co.kr/public/products/original/0KWAVBQ662000.png,,https://zerofinder.co.kr/product/0PCNV3FZ0WXBS,zerofinder
청귤 그린티 제로,할리스,음료,63500,danawa,,0,11.8,0,0,0,1.15,100,mL,"수크랄로스,D-소비톨액,아라비아검","수크랄로스:0,D-소비톨액:0,아라비아검:0",,39,https://s3.zerofinder.co.kr/public/products/original/0KWATBGD5E000.png,,https://zerofinder.co.kr/product/0PCNV3FZ5RHNZ,zerofinder
제로 쿠앤크 샌드,롯데,간식/디저트,17500,danawa,무당류,464,0,67.71,4.17,25,406,100,g,"수크랄로스,아세설팜칼륨,D-말티톨","수크랄로스:0,아세설팜칼륨:0,D-말티톨:15",,34,https://s3.zerofinder.co.kr/public/products/original/0KWAS2DK8E000.png,,https://zerofinder.co.kr/product/0PCNV3FYXRJEZ,zerofinder
제로톡젤리딸기맛,건영제과,간식/디저트,16500,estimated,무당류,10,0,2.5,0,0,38,100,g,"수크랄로스,아세설팜칼륨,효소처리스테비아","수크랄로스:0,아세설팜칼륨:0,효소처리스테비아:0",,51,https://s3.zerofinder.co.kr/public/products/original/0KWARCY7D2000.png,,https://zerofinder.co.kr/product/0PCNV3FYX6YRG,zerofinder
제로후르츠젤리,롯데,간식/디저트,30610,danawa,무당류,338,0.03,77.3,6.61,0.23,20,100,g,"수크랄로스,아세설팜칼륨,말티톨","수크랄로스:0,아세설팜칼륨:0,말티톨:57.69",,25,https://s3.zerofinder.co.kr/public/products/original/0KWAQWEF22000.png,,https://zerofinder.co.kr/product/0PCNV3FYXJJR5,zerofinder
야쿠르트 1971 제로,한국야쿠르트,음료,36300,danawa,무당류,1,0,5.26,0,0,24,100,mL,"수크랄로스,아세설팜칼륨,에리스리톨","수크랄로스:0,아세설팜칼륨:0,에리스리톨:5.1",,58,https://s3.zerofinder.co.kr/public/products/original/0KWAQBABS2000.png,,https://zerofinder.co.kr/product/0PCNV3FYXGW6R,zerofinder
발왕산막걸리제로,일화,음료,30600,estimated,,37,8.57,9.14,0.14,0,4,100,mL,,,,22,https://s3.zerofinder.co.kr/public/products/original/0KWAQ0PACE000.png,,https://zerofinder.co.kr/product/0PCNV3FYX94SS,zerofinder
유자몽 블랙티 제로,할리스,음료,9010,danawa,무당류,1,0,1.29,0.05,0.01,4,100,mL,"수크랄로스,아세설팜칼륨,에리스리톨","수크랄로스:0,아세설팜칼륨:0,에리스리톨:1.2",,20,https://s3.zerofinder.co.kr/public/products/original/0KWAP27TKY000.png,,https://zerofinder.co.kr/product/0PCNV3FZBS337,zerofinder
제로설탕 카페시럽,희창,음료,27300,estimated,무당류,0,0,21,0,0,5,100,g,"수크랄로스,아세설팜칼륨,에리스리톨,효소처리스테비아","수크랄로스:0,아세설팜칼륨:0,에리스리톨:21,효소처리스테비아:0",,41,https://s3.zerofinder.co.kr/public/products/original/0KWAMSYDSJ000.png,,https://zerofinder.co.kr/product/0PCNV3FYX1PJJ,zerofinder
오렌지향 제로탄산,썬키스트,음료,24700,estimated,무당류,7,0,3.6,0,0,0,100,mL,"수크랄로스,아세설팜칼륨,알룰로스,D-소비톨액,아라비아검","수크랄로스:0,아세설팜칼륨:0,알룰로스:2.25,D-소비톨액:0,아라비아검:0",,29,https://s3.zerofinder.co.kr/public/products/original/0KWAKXC6C2000.png,,https://zerofinder.co.kr/product/0PCNV3FYXCCMT,zerofinder
제로젤리 사워베어,마이노멀,간식/디저트,15200,estimated,무당류,124,0,80.95,7.14,0,57,100,g,"에리스리톨,알룰로스,효소처리스테비아","에리스리톨:0,알룰로스:0,효소처리스테비아:0",,36,https://s3.zerofinder.co.kr/public/products/original/0KWAJ4ADBP000.png,,https://zerofinder.co.kr/product/0PCNV3FYXDYP5,zerofinder
쿨피스 제로 복숭아,동원,음료,23900,danawa,무당류,2,0,0.87,0,0,48,100,mL,"수크랄로스,아세설팜칼륨,알룰로스,D-소비톨액,아라비아검","수크랄로스:0,아세설팜칼륨:0,알룰로스:0.8,D-소비톨액:0,아라비아검:0",,16,https://s3.zerofinder.co.kr/public/products/original/0KW6CFYM5AG00.png,,https://zerofinder.co.kr/product/0PCNV3FZ0PDNP,zerofinder
삼육두유 제로슈거,삼육식품,유제품,14500,estimated,무당류,42,0.47,2.63,2.11,3.16,89,100,g,"알룰로스,효소처리스테비아,아라비아검","알룰로스:2.5,효소처리스테비아:0,아라비아검:0",,27,https://s3.zerofinder.co.kr/public/products/original/0KW6C1WBFEG00.png,,https://zerofinder.co.kr/product/0PCNV3FYZF5QF,zerofinder
탐스제로레몬향,롯데칠성음료,음료,28100,estimated,무당류,2,0,2.5,0,0,15,100,mL,"수크랄로스,아세설팜칼륨,에리스리톨,알룰로스,D-소비톨액,아라비아검","수크랄로스:0,아세설팜칼륨:0,에리스리톨:1,알룰로스:6,D-소비톨액:0,아라비아검:0",,26,https://s3.zerofinder.co.kr/public/products/original/0KW6B940JAG00.png,,https://zerofinder.co.kr/product/0PCNV3FYYVQ43,zerofinder
쿨피스 제로 자두,동원,음료,19900,danawa,무당류,2,0,0.87,0,0,35,100,mL,"수크랄로스,아세설팜칼륨,알룰로스,D-소비톨액,아라비아검","수크랄로스:0,아세설팜칼륨:0,알룰로스:0.8,D-소비톨액:0,아라비아검:0",,43,https://s3.zerofinder.co.kr/public/products/original/0KW6AJX4MPG00.png,,https://zerofinder.co.kr/product/0PCNV3FYZGFG7,zerofinder
탐스제로사과키위향,롯데칠성음료,음료,26400,estimated,무당류,2,0,2,0,0,7,100,mL,"수크랄로스,아세설팜칼륨,알룰로스,D-소비톨액,아라비아검","수크랄로스:0,아세설팜칼륨:0,알룰로스:0,D-소비톨액:0,아라비아검:0",,22,https://s3.zerofinder.co.kr/public/products/original/0KW5X7SMDPG00.png,,https://zerofinder.co.kr/product/0PCNV3FZ06ZD7,zerofinder
닥터 페퍼 제로, 동천수 상주공장,음료,23700,estimated,무당류,0,0,0,0,0,12,100,mL,"수크랄로스,아세설팜칼륨","수크랄로스:0,아세설팜칼륨:0",,38,https://s3.zerofinder.co.kr/public/products/original/0KW5W93VYTG00.png,,https://zerofinder.co.kr/product/0PCNV3FYYDJJX,zerofinder
아르기닌 제로 6000,네이처텍,음료,30900,estimated,무당류,225,0,15,35,4.5,0,100,g,"수크랄로스,효소처리스테비아","수크랄로스:0,효소처리스테비아:0",,10,https://s3.zerofinder.co.kr/public/products/original/0KW5W311B6G00.png,,https://zerofinder.co.kr/product/0PCNV3FYYS9MH,zerofinder
환타 제로 포도향, 동천수 상주공장,음료,18000,estimated,무당류,0,0,0,0,0,7,100,mL,"수크랄로스,아세설팜칼륨","수크랄로스:0,아세설팜칼륨:0",,31,https://s3.zerofinder.co.kr/public/products/original/0KW5V69B52G00.png,,https://zerofinder.co.kr/product/0PCNV3FYWNE5Z,zerofinder
메가비타3000 제로,보고신약 논산공장,음료,22500,estimated,무당류,4,0,1,0,0,240,100,mL,"효소처리스테비아,아라비아검","효소처리스테비아:0,아라비아검:0",,53,https://s3.zerofinder.co.kr/public/products/original/0KW1EAY3F6G00.png,,https://zerofinder.co.kr/product/0PCNV3FYXHEQ9,zerofinder
탐사제로사이다,오케이에프음료,음료,18000,estimated,무당류,0,0,0,0,0,2,100,mL,"수크랄로스,아세설팜칼륨","수크랄로스:0,아세설팜칼륨:0",,35,https://s3.zerofinder.co.kr/public/products/original/0KW1DWNKQYG00.png,,https://zerofinder.co.kr/product/0PCNV3FYZE953,zerofinder
제로청포도탄산,오케이에프음료 ,음료,25400,estimated,무당류,0,0,1.6,0,0,1,100,mL,"아스파탐,수크랄로스,아세설팜칼륨","아스파탐:0,수크랄로스:0,아세설팜칼륨:0",,36,https://s3.zerofinder.co.kr/public/products/original/0KW1DB2D12W00.png,,https://zerofinder.co.kr/product/0PCNV3FYX2HBA,zerofinder
제로슈가 알룰로스, 비에스바이오,간식/디저트,16700,estimated,무당류,0,0,18.4,0,0,0,100,g,알룰로스,알룰로스:0,,6,https://s3.zerofinder.co.kr/public/products/original/0KW1BV30GTW00.png,,https://zerofinder.co.kr/product/0PCNV3FYX548D,zerofinder
제로블랙티 복숭아,퓨어플러스,음료,15300,estimated,무당류,1,0,0.2,0,0,7,100,mL,"수크랄로스,효소처리스테비아","수크랄로스:0,효소처리스테비아:0",,19,https://s3.zerofinder.co.kr/public/products/original/0KW1B3PNPAW00.png,,https://zerofinder.co.kr/product/0PCNV3FYWYQ00,zerofinder
부르르제로콜라,일화,음료,34450,danawa,무당류,0,0,0,0,0,0,100,mL,"수크랄로스,아세설팜칼륨","수크랄로스:0,아세설팜칼륨:0",,20,https://s3.zerofinder.co.kr/public/products/original/0KW1AKES6YW00.png,,https://zerofinder.co.kr/product/0PCNV3FYWW6K9,zerofinder
제로앙버터스콘,제로베이커리,간식/디저트,14700,estimated,저당류,461,2.35,29.41,10.59,40,222,100,g,에리스리톨,에리스리톨:11.76,,42,https://s3.zerofinder.co.kr/public/products/original/0KW1A904SAW00.png,,https://zerofinder.co.kr/product/0PCNV3FYX93CZ,zerofinder
양반 오미자 제로, 동천수 상주공장,음료,20300,estimated,저당류,3,0.77,0.88,0,0,7,100,mL,"수크랄로스,아세설팜칼륨,알룰로스","수크랄로스:0,아세설팜칼륨:0,알룰로스:0.11",,40,https://s3.zerofinder.co.kr/public/products/original/0KW19GXZ0TW00.png,,https://zerofinder.co.kr/product/0PCNV3FYWTV7F,zerofinder
제로 카카오파운드,제로베이커리,간식/디저트,17900,estimated,,297,8.33,23.33,6.67,22.67,333,100,g,,,,32,https://s3.zerofinder.co.kr/public/products/original/0KW18X2T1TW00.png,,https://zerofinder.co.kr/product/0PCNV3FYWT5AW,zerofinder
초정 토닉워터 제로,일화초정공장,음료,31800,estimated,무당류,2,0,0.4,0,0,8,100,mL,"수크랄로스,아세설팜칼륨","수크랄로스:0,아세설팜칼륨:0",,40,https://s3.zerofinder.co.kr/public/products/original/0KW18K2PWAW00.png,,https://zerofinder.co.kr/product/0PCNV3FYX2YYJ,zerofinder
제로블랙티 레몬맛,퓨어플러스,음료,19600,estimated,무당류,1,0,0.2,0,0,8,100,mL,"수크랄로스,효소처리스테비아","수크랄로스:0,효소처리스테비아:0",,49,https://s3.zerofinder.co.kr/public/products/original/0KW17JNEBYW00.png,,https://zerofinder.co.kr/product/0PCNV3FYWS02E,zerofinder
제로젤리 제로베어,마이노멀,간식/디저트,16800,estimated,무당류,118,0,78.95,7.89,0,0,100,g,"알룰로스,효소처리스테비아","알룰로스:39.47,효소처리스테비아:0",,24,https://s3.zerofinder.co.kr/public/products/original/0KW167WQ3PW00.png,,https://zerofinder.co.kr/product/0PCNV3FYWRY8P,zerofinder
제로 슈거 말차,대상다이브스 이천공장,음료,18200,estimated,무당류,45,0,96,3,0.6,5,100,g,"수크랄로스,아세설팜칼륨,에리스리톨","수크랄로스:0,아세설팜칼륨:0,에리스리톨:89.29",,12,https://s3.zerofinder.co.kr/public/products/original/0KW14N34M6W00.png,,https://zerofinder.co.kr/product/0PCNV3FYWQHJS,zerofinder
포도 제로바,라라스윗,간식/디저트,20500,estimated,무당류,0,0,9,0,0,20,70,mL,"수크랄로스,아세설팜칼륨,에리스리톨,알룰로스,효소처리스테비아","수크랄로스:0,아세설팜칼륨:0,에리스리톨:1,알룰로스:8,효소처리스테비아:0",,25,https://s3.zerofinder.co.kr/public/products/original/0KW0P9TSYYW00.png,,https://zerofinder.co.kr/product/0PCNV3FZ0FXNF,zerofinder
제로칩 어니언,마이노멀,간식/디저트,12100,estimated,저당류,285,1,36,4,14,350,55,g,,,,39,https://s3.zerofinder.co.kr/public/products/original/0KW0N2PSFEW00.png,,https://zerofinder.co.kr/product/0PCNV3FZ5A1MD,zerofinder
제로칩 솔티,마이노멀,간식/디저트,23800,estimated,무당류,285,0,36,4,14,500,55,g,,,,49,https://s3.zerofinder.co.kr/public/products/original/0KW0MMK1H6W00.png,,https://zerofinder.co.kr/product/0PCNV3FZ3AJZ9,zerofinder
자두 제로바,라라스윗,간식/디저트,13000,estimated,무당류,0,0,9,0,0,20,70,mL,"알룰로스,에리스리톨,수크랄로스,아세설팜칼륨,효소처리스테비아","알룰로스:8,에리스리톨:1,수크랄로스:0,아세설팜칼륨:0,효소처리스테비아:0",,18,https://s3.zerofinder.co.kr/public/products/original/0KW0KF9Z06W00.png,,https://zerofinder.co.kr/product/0PCNV3FZ2XM6S,zerofinder
오렌지 제로바,라라스윗,간식/디저트,20800,estimated,무당류,0,0,9,0,0,20,79,mL,"알룰로스,에리스리톨,수크랄로스,소르비톨,효소처리스테비아","알룰로스:8,에리스리톨:1,수크랄로스:0,소르비톨:0,효소처리스테비아:0",,22,https://s3.zerofinder.co.kr/public/products/original/0KW0JQCNFYW00.png,,https://zerofinder.co.kr/product/0PCNV3FZ7YGXB,zerofinder
아몬드스윗 제로슈거,라라스윗,음료,26800,estimated,무당류,30,0,7,1,2.3,100,100,mL,"에리스리톨,효소처리스테비아","에리스리톨:6,효소처리스테비아:0",,53,https://s3.zerofinder.co.kr/public/products/original/0KW0J9Y8STW00.png,,https://zerofinder.co.kr/product/0PCNV3FZAVH8Q,zerofinder
비락식혜 제로,팔도,음료,38500,danawa,무당류,2,0,4.2,0,0,2,100,mL,"수크랄로스,아세설팜칼륨,에리스리톨","수크랄로스:0,아세설팜칼륨:0,에리스리톨:9",,23,https://s3.zerofinder.co.kr/public/products/original/0KW0H52GMPW00.png,,https://zerofinder.co.kr/product/0PCNV3FYY541H,zerofinder
제로 초코파이,롯데웰푸드,간식/디저트,7500,danawa,무당류,393,0,60.71,4.64,21.43,232,100,g,"수크랄로스,D-말티톨,아라비아검","수크랄로스:0,D-말티톨:0,아라비아검:0",,58,https://s3.zerofinder.co.kr/public/products/original/0KW07H79HV800.png,,https://zerofinder.co.kr/product/0PCNV3FYWF71Q,zerofinder
제로베이스 청포도,베버시티,음료,17100,estimated,저당류,9,2,55,0,0,20,100,g,"수크랄로스,알룰로스","수크랄로스:0,알룰로스:0",,19,https://s3.zerofinder.co.kr/public/products/original/0KW076V58Q800.png,,https://zerofinder.co.kr/product/0PCNV3FYWE24P,zerofinder
진로 토닉워터 제로,건강한사람들  2사업장,음료,13900,estimated,저당류,3.47,0.87,3.23,0,0,23.3,100,mL,"수크랄로스,아세설팜칼륨,알룰로스,효소처리스테비아,사카린나트륨","수크랄로스:0,아세설팜칼륨:0,알룰로스:2.37,효소처리스테비아:0,사카린나트륨:0",,39,https://s3.zerofinder.co.kr/public/products/original/0KW064RVEK800.png,,https://zerofinder.co.kr/product/0PCNV3FYW99GZ,zerofinder
갈배사이다 제로,오케이에프음료,음료,15900,estimated,무당류,0,0,0,0,0,16,100,mL,"수크랄로스,아세설팜칼륨","수크랄로스:0,아세설팜칼륨:0",,7,https://s3.zerofinder.co.kr/public/products/original/0KW04ZV9JK800.png,,https://zerofinder.co.kr/product/0PCNV3FYWD0KG,zerofinder
일하기 시럽 제로슈가 카페시럽,그린에프엠,간식/디저트,24100,estimated,무당류,150,0,61,0,0,0,100,g,"수크랄로스,말티톨,알룰로스","수크랄로스:0,말티톨:0,알룰로스:0",,40,https://s3.zerofinder.co.kr/public/products/original/0KW03XARKF800.png,,https://zerofinder.co.kr/product/0PCNV3FYW8BEY,zerofinder
제로딸기탄산,오케이에프음료 ,음료,18900,estimated,무당류,0,0,1.6,0,0,1,100,mL,"아스파탐,수크랄로스,아세설팜칼륨,에리스리톨","아스파탐:0,수크랄로스:0,아세설팜칼륨:0,에리스리톨:0",,13,https://s3.zerofinder.co.kr/public/products/original/0KVZZRNFKF800.png,,https://zerofinder.co.kr/product/0PCNV3FYVYE9N,zerofinder
환타 제로 오렌지, 동천수 상주공장,음료,25200,estimated,무당류,0,0,0,0,0,3,100,mL,"수크랄로스,아세설팜칼륨","수크랄로스:0,아세설팜칼륨:0",,53,https://s3.zerofinder.co.kr/public/products/original/0KVZN48W7Z800.png,,https://zerofinder.co.kr/product/0PCNV3FYX24RJ,zerofinder
탱크보이 배 제로,해태아이스크림,간식/디저트,17300,estimated,무당류,0,0,11.67,0,0,62,100,mL,"수크랄로스,아세설팜칼륨,에리스리톨,알룰로스","수크랄로스:0,아세설팜칼륨:0,에리스리톨:5,알룰로스:9",,60,https://s3.zerofinder.co.kr/public/products/original/0KVZKZBHVQ800.png,,https://zerofinder.co.kr/product/0PCNV3FYY070E,zerofinder
탐스제로오렌지향,롯데칠성음료,음료,13800,estimated,무당류,2,0,2.5,0,0,15,100,mL,"수크랄로스,아세설팜칼륨,에리스리톨,알룰로스","수크랄로스:0,아세설팜칼륨:0,에리스리톨:1,알룰로스:6",,23,https://s3.zerofinder.co.kr/public/products/original/0KVZK95H33800.png,,https://zerofinder.co.kr/product/0PCNV3FYWWSMX,zerofinder
코카·콜라제로,코카콜라음료,음료,22200,estimated,무당류,0,0,0,0,0,6,100,mL,,,,33,https://s3.zerofinder.co.kr/public/products/original/0KVZK0F1CQ800.png,,https://zerofinder.co.kr/product/0PCNV3FYWEQWY,zerofinder
아침햇살 제로슈가,웅진,음료,19800,estimated,무당류,27,0.36,6.12,0.14,1.18,12,100,mL,"에리스리톨,수크랄로스","에리스리톨:2,수크랄로스:0",,8,https://s3.zerofinder.co.kr/public/products/original/0KVZJ19PBZ800.png,,https://zerofinder.co.kr/product/0PCNV3FYX8WFV,zerofinder
쥬시쿨 제로 자두,빙그레,음료,17200,danawa,무당류,4,0,2,0,0,55,100,mL,"수크랄로스,에리스리톨,효소처리스테비아","수크랄로스:0,에리스리톨:10.65,효소처리스테비아:0",,60,https://s3.zerofinder.co.kr/public/products/original/0KVZG9Z8TZ800.png,,https://zerofinder.co.kr/product/0PCNV3FYWDPRS,zerofinder
하이트제로0.00,하이트진로,음료,22300,estimated,저당류,17,2.25,3.94,0.2,0,10,100,mL,,,,57,https://s3.zerofinder.co.kr/public/products/original/0KVZFNT9PZ800.png,,https://zerofinder.co.kr/product/0PCNV3FYWCZHN,zerofinder
실론티레몬제로,롯데,음료,21490,real,무당류,2,0.02,1.67,0.05,0.03,2,100,mL,"수크랄로스,아세설팜칼륨,알룰로스","수크랄로스:0,아세설팜칼륨:0,알룰로스:7",,9,https://s3.zerofinder.co.kr/public/products/original/0KVZDF0P97800.png,,https://zerofinder.co.kr/product/0PCNV3FYW2D20,zerofinder
핫식스제로,롯데칠성음료,음료,20900,estimated,무당류,2,0.04,5.71,0.09,0,26,100,mL,"수크랄로스,아세설팜칼륨,에리스리톨,알룰로스","수크랄로스:0,아세설팜칼륨:0,에리스리톨:7.6,알룰로스:5.4",,9,https://s3.zerofinder.co.kr/public/products/original/0KVZCNJ103800.png,,https://zerofinder.co.kr/product/0PCNV3FYVWQ7R,zerofinder
솔의눈제로,롯데칠성음료,음료,24100,estimated,무당류,3,0.05,1.41,0,0,11,100,mL,"수크랄로스,아세설팜칼륨,알룰로스","수크랄로스:0,아세설팜칼륨:0,알룰로스:0.5",,48,https://s3.zerofinder.co.kr/public/products/original/0KVYK7MPK7800.png,,https://zerofinder.co.kr/product/0PCNV3FYVNBD9,zerofinder
제로스콘,제로베이커리,간식/디저트,11200,estimated,저당류,400,1.82,23.64,12.73,32.73,342,100,g,에리스리톨,에리스리톨:7.27,,14,https://s3.zerofinder.co.kr/public/products/original/0KVYJNNAQ3800.png,,https://zerofinder.co.kr/product/0PCNV3FYVNVFF,zerofinder
카스 올 제로,오비맥주광주공장,음료,28400,estimated,무당류,0,0,0,0,0,6,100,mL,효소처리스테비아,효소처리스테비아:0,,24,https://s3.zerofinder.co.kr/public/products/original/0KVYHSB97Z800.png,,https://zerofinder.co.kr/product/0PCNV3FYV2P0K,zerofinder
HOT6 더킹제로,롯데칠성음료,음료,15200,estimated,무당류,3,0,2.49,0.07,0,35,100,mL,"수크랄로스,아세설팜칼륨,에리스리톨,D-소비톨액","수크랄로스:0,아세설팜칼륨:0,에리스리톨:1.69,D-소비톨액:0",,20,https://s3.zerofinder.co.kr/public/products/original/0KVYGNDAPV800.png,,https://zerofinder.co.kr/product/0PCNV3FYTP0BT,zerofinder
제로떡볶이,아이케이푸드,간식/디저트,12100,estimated,저당류,142,1.09,27.32,4.92,1.26,1044,100,g,"수크랄로스,알룰로스","수크랄로스:0,알룰로스:10",,53,https://s3.zerofinder.co.kr/public/products/original/0KVX8530B3800.png,,https://zerofinder.co.kr/product/0PCNV3FYTMH3V,zerofinder
제로클럽젤리,에스디푸드,간식/디저트,16300,estimated,,321,55.74,73.77,6.56,0,33,100,g,,,,43,https://s3.zerofinder.co.kr/public/products/original/0KVX73PZ23800.png,,https://zerofinder.co.kr/product/0PCNV3FYTKEFC,zerofinder
샤인제로핏,부산경남우유협동조합,음료,27700,estimated,무당류,1,0,3,0,0,10,100,mL,"수크랄로스,아세설팜칼륨,에리스리톨,효소처리스테비아","수크랄로스:0,아세설팜칼륨:0,에리스리톨:2.67,효소처리스테비아:0",,29,https://s3.zerofinder.co.kr/public/products/original/0KVVWCMTHV800.png,,https://zerofinder.co.kr/product/0PCNV3FYT7HJX,zerofinder
제로 연양갱,삼성식품,간식/디저트,29390,danawa,무당류,190,0,66,2,0,10,100,g,"수크랄로스,아세설팜칼륨,말티톨","수크랄로스:0,아세설팜칼륨:0,말티톨:0",,33,https://s3.zerofinder.co.kr/public/products/original/0KVV9J5QW3800.png,,https://zerofinder.co.kr/product/0PCNV3FYSYMNZ,zerofinder
815콜라제로,일화,음료,21680,danawa,무당류,0,0,0,0,0,2,100,mL,"수크랄로스,아세설팜칼륨","수크랄로스:0,아세설팜칼륨:0",,42,https://s3.zerofinder.co.kr/public/products/original/0KVV0DX5PB800.png,,https://zerofinder.co.kr/product/0PCNV3FYSXVBT,zerofinder
스폰서 제로,"T.C.PHARMACEUTICALINDUSTRIESCO.,LTD",음료,31600,estimated,무당류,64,0,16,0,0,380,100,mL,"수크랄로스,아세설팜칼륨","수크랄로스:0,아세설팜칼륨:0",,24,https://s3.zerofinder.co.kr/public/products/original/0KVTZQKP03800.png,,https://zerofinder.co.kr/product/0PCNV3FYSPGG3,zerofinder
자두녹차제로, 퓨럽2공장,음료,24000,estimated,무당류,0,0,2.6,0,0,4,100,mL,"수크랄로스,아세설팜칼륨,에리스리톨","수크랄로스:0,아세설팜칼륨:0,에리스리톨:2.4",,8,https://s3.zerofinder.co.kr/public/products/original/0KVTZ62JPZ800.png,,https://zerofinder.co.kr/product/0PCNV3FYRPAQH,zerofinder
제로쫄면,아이케이푸드,주식/면류,16900,estimated,,251,8.65,42.58,7.11,5.82,589,100,g,"수크랄로스,알룰로스","수크랄로스:0,알룰로스:4.4",,53,https://s3.zerofinder.co.kr/public/products/original/0KVTWYBCTV800.png,,https://zerofinder.co.kr/product/0PCNV3FYRG3XW,zerofinder
마운틴듀제로슈거,롯데칠성음료,음료,18400,estimated,무당류,0,0,0.01,0.02,0,10,100,mL,"아스파탐,아세설팜칼륨,아라비아검","아스파탐:0,아세설팜칼륨:0,아라비아검:0",,10,https://s3.zerofinder.co.kr/public/products/original/0KVQ7NMBB0R00.png,,https://zerofinder.co.kr/product/0PCZ4B7GKWRW4,zerofinder
토레타! 제로,해태에이치티비,음료,16500,estimated,무당류,1,0,0.2,0,0,54,100,mL,"수크랄로스,아세설팜칼륨","수크랄로스:0,아세설팜칼륨:0",,16,https://s3.zerofinder.co.kr/public/products/original/0KVQ79WZQWR00.png,,https://zerofinder.co.kr/product/0PCZ71C283DY4,zerofinder
스프라이트 제로 Chill,오케이에프음료 ,음료,13700,estimated,무당류,0,0,0,0,0,11,100,mL,"수크랄로스,아세설팜칼륨","수크랄로스:0,아세설팜칼륨:0",,33,https://s3.zerofinder.co.kr/public/products/original/0KVQ5FHP4GR00.png,,https://zerofinder.co.kr/product/0PCZ71C287HSX,zerofinder
제로 복숭아 아이스티, 대상다이브스,간식/디저트,12440,danawa,무당류,3,0,20.6,0.18,0.09,50,100,g,"수크랄로스,에리스리톨","수크랄로스:0,에리스리톨:11.2",,35,https://s3.zerofinder.co.kr/public/products/original/0KVQ50DBT0R00.png,,https://zerofinder.co.kr/product/0PCZ71C28FD1S,zerofinder
제로 티베이스 납작복숭아,서울팩토리,음료,18900,estimated,무당류,7,0.49,36.98,0.16,0.01,112,100,g,"수크랄로스,아세설팜칼륨","수크랄로스:0,아세설팜칼륨:0",,19,https://s3.zerofinder.co.kr/public/products/original/0KVQ16WEP8R00.png,,https://zerofinder.co.kr/product/0PCZ71C28S6KX,zerofinder
파워에이드 제로 라임향,해태에이치티비,음료,18900,estimated,무당류,1,0,0.3,0,0,58,100,mL,"수크랄로스,아세설팜칼륨","수크랄로스:0,아세설팜칼륨:0",,23,https://s3.zerofinder.co.kr/public/products/original/0KVPZ6S7WCR00.png,,https://zerofinder.co.kr/product/0PCZ71C292RF7,zerofinder
썬키스트 제로 복숭아레몬 소다,건강한사람들  2사업장,음료,26400,estimated,무당류,0,0,2.67,0,0,13,100,mL,"수크랄로스,아세설팜칼륨,알룰로스,D-소비톨액","수크랄로스:0,아세설팜칼륨:0,알룰로스:2.63,D-소비톨액:0",,34,https://s3.zerofinder.co.kr/public/products/original/0KVPXC04BWR00.png,,https://zerofinder.co.kr/product/0PCZ71C297MFB,zerofinder
환타 제로 파인애플향,코카콜라음료,음료,24900,danawa,무당류,0,0,0,0,0,8,100,mL,"수크랄로스,아세설팜칼륨","수크랄로스:0,아세설팜칼륨:0",,19,https://s3.zerofinder.co.kr/public/products/original/0KVPWZ64SMR00.png,,https://zerofinder.co.kr/product/0PCZ71C29BPV3,zerofinder
환타 제로 상큼 피치,대경사과원예농협음료가공공장,음료,30400,estimated,무당류,1,0,0.26,0,0,18,100,mL,"수크랄로스,아세설팜칼륨","수크랄로스:0,아세설팜칼륨:0",,55,https://s3.zerofinder.co.kr/public/products/original/0KVPWR7F2RR00.png,,https://zerofinder.co.kr/product/0PCZ71C29CK7N,zerofinder
클룹 제로소다 복숭아,오케이에프음료,음료,48150,danawa,무당류,1,0,3.2,0,0,6,100,mL,"수크랄로스,아세설팜칼륨,에리스리톨","수크랄로스:0,아세설팜칼륨:0,에리스리톨:1.5",,42,https://s3.zerofinder.co.kr/public/products/original/0KVPVJDYAMR00.png,,https://zerofinder.co.kr/product/0PCZ71C29EEM1,zerofinder
웰치 제로 그레이프맛,보해양조,음료,25700,estimated,무당류,0,0,2.25,0,0,0,100,mL,알룰로스,알룰로스:2.25,,17,https://s3.zerofinder.co.kr/public/products/original/0KVPTGK4H4R00.png,,https://zerofinder.co.kr/product/0PCZ71C29GZRT,zerofinder
초코헬스 제로넛츠,립사이팅,간식/디저트,16400,estimated,무당류,580,0,48,12,40,20,100,g,"스테비아,D-말티톨","스테비아:0,D-말티톨:27.6",,39,https://s3.zerofinder.co.kr/public/products/original/0KVPSK34SRR00.png,,https://zerofinder.co.kr/product/0PCZ71C29QJE1,zerofinder
스프라이트 제로,튤립인터내셔널,음료,17700,estimated,무당류,0,0,0,0,0,3,100,mL,"수크랄로스,아세설팜칼륨","수크랄로스:0,아세설팜칼륨:0",,14,https://s3.zerofinder.co.kr/public/products/original/0KVPS9H014R00.png,,https://zerofinder.co.kr/product/0PCZ71C29YRMR,zerofinder
닥터케어 당코치 제로,종근당건강,건강기능식품,57900,estimated,무당류,50,0,5,6,1.05,120,100,mL,"수크랄로스,아세설팜칼륨","수크랄로스:0,아세설팜칼륨:0",,57,https://s3.zerofinder.co.kr/public/products/original/0KVPRRNZGCR00.png,,https://zerofinder.co.kr/product/0PCZ71C2A3A67,zerofinder
후레쉬 알로에 제로슈가,웅진식품,음료,16200,estimated,무당류,2,0,2.4,0,0,10,100,mL,에리스리톨,에리스리톨:1.5,,8,https://s3.zerofinder.co.kr/public/products/original/0KVPRHPZ58R00.png,,https://zerofinder.co.kr/product/0PCZ71C2A5VJD,zerofinder
제로블리 오렌지,엠디에스코리아4공장,간식/디저트,12800,estimated,무당류,8,0,16.67,0,0,75,100,g,"수크랄로스,에리스리톨,효소처리스테비아","수크랄로스:0,에리스리톨:13,효소처리스테비아:0",,24,https://s3.zerofinder.co.kr/public/products/original/0KVPQQ858XM00.png,,https://zerofinder.co.kr/product/0PCZ71C2AKT1K,zerofinder
클룹 스프린트 에너지 애플블라스트 제로,오케이에프음료,음료,39870,danawa,무당류,4,0,0.8,0.4,0,14,100,mL,"수크랄로스,아세설팜칼륨,에리스리톨","수크랄로스:0,아세설팜칼륨:0,에리스리톨:1.25",,57,https://s3.zerofinder.co.kr/public/products/original/0KVPQFXJNSM00.png,,https://zerofinder.co.kr/product/0PCZ71C2FRE3S,zerofinder
피에르 제로 시그니처 에퍼베슨트 샤르도네,LESJARDINSDEL'ORBRIE,기타,30600,estimated,,60,15,15,0,0,60,100,mL,,,,23,https://s3.zerofinder.co.kr/public/products/original/0KVP8GGJDCW00.png,,https://zerofinder.co.kr/product/0PCZ71C2CFXBM,zerofinder
바르닭 제로당 소스품은 닭가슴살 탄두리맛, 에스엘푸드,육가공품,19500,estimated,무당류,149,0.33,5.37,18,6.22,607,100,g,효소처리스테비아,효소처리스테비아:0,,34,https://s3.zerofinder.co.kr/public/products/original/0KVP32JJNF800.png,,https://zerofinder.co.kr/product/0PCZ71C2C65A6,zerofinder
바르닭 제로당 소스품은 닭가슴살 바질맛,바르닭,육가공품,23500,estimated,무당류,148,0,5.4,17.72,6.14,470,100,g,효소처리스테비아,효소처리스테비아:0,,49,https://s3.zerofinder.co.kr/public/products/original/0KVP2YQGSB800.png,,https://zerofinder.co.kr/product/0PCZ71C2CGKZZ,zerofinder
꼬기다 닭가슴살 제로 화이트어니언맛,미가온푸드,육가공품,18900,estimated,무당류,140,0.37,4.48,17.92,5.59,343,100,g,알룰로스,알룰로스:5,,22,https://s3.zerofinder.co.kr/public/products/original/0KVP2W3YHQ800.png,,https://zerofinder.co.kr/product/0PCZ71C2D37VP,zerofinder
꼬기다 닭가슴살 제로 하이라이스맛,미가온푸드,육가공품,20500,estimated,무당류,104,0.24,3.77,17.81,1.98,326,100,g,에리스리톨,에리스리톨:4.2,,36,https://s3.zerofinder.co.kr/public/products/original/0KVP2RBBVZ800.png,,https://zerofinder.co.kr/product/0PCZ71C2FPWHV,zerofinder
꼬기다 닭가슴살 제로 참숯바베큐맛,미가온푸드,육가공품,19400,estimated,무당류,117,0.23,5.65,20.56,1.4,301,100,g,에리스리톨,에리스리톨:0,,43,https://s3.zerofinder.co.kr/public/products/original/0KVP2NEJHQ800.png,,https://zerofinder.co.kr/product/0PCZ71C2DPB8N,zerofinder
바르닭 제로당 소스품은 닭가슴살 닭갈비맛, 에스엘푸드,육가공품,12900,estimated,무당류,158,0,7.17,18.01,6.39,647,100,g,효소처리스테비아,효소처리스테비아:0,,32,https://s3.zerofinder.co.kr/public/products/original/0KVP2D7WJZ800.png,,https://zerofinder.co.kr/product/0PCZ71C2DVXT1,zerofinder
르쎄떼 제로슈가 피치 블랙티 파우더,아름터,기타,34400,estimated,무당류,30,0,97,0,0.5,30,100,g,"수크랄로스,에리스리톨,효소처리스테비아","수크랄로스:0,에리스리톨:90.31,효소처리스테비아:0",,43,https://s3.zerofinder.co.kr/public/products/original/0KVNYQY287800.png,,https://zerofinder.co.kr/product/0PCZ71C2EW9K5,zerofinder
디보션 식물성 제로 콜레스테롤 왕교자 찐새우맛,엄지식품,즉석식품,23800,estimated,저당류,140,1.19,20.95,6.19,3.57,295,100,g,,,,10,https://s3.zerofinder.co.kr/public/products/original/0KVNY9Y8EV800.png,,https://zerofinder.co.kr/product/0PCNV3FZGJ3FS,zerofinder
설탕대신 알룰로스를 사용하여 만든 제로슈가 소불고기,푸드랩플러스,육가공품,16000,estimated,무당류,154,0.3,11.1,13.3,6.3,386,100,g,,,,48,https://s3.zerofinder.co.kr/public/products/original/0KVNY6JGRZ800.png,,https://zerofinder.co.kr/product/0PCNV3FZKSRVA,zerofinder
바르닭 제로당 소스품은 닭가슴살 블랙페퍼맛,에스엘푸드,육가공품,26000,estimated,무당류,160,0,8.71,17.57,6.14,543,100,g,효소처리스테비아,효소처리스테비아:0,,41,https://s3.zerofinder.co.kr/public/products/original/0KVNXMCA33800.png,,https://zerofinder.co.kr/product/0PCZ71C2EHB2Q,zerofinder
제로슈가 안동식 찜닭,한강식품,육가공품,10387,danawa,무당류,219,0,10.15,12.04,14.48,437,100,g,,,,6,https://s3.zerofinder.co.kr/public/products/original/0KVNX8YA2V800.png,,https://zerofinder.co.kr/product/0PCNV3FZ2CPY6,zerofinder
제로당 소스퐁닭 버터커리, 와이앤비푸드,육가공품,28600,estimated,무당류,95,0,4,17,1.4,470,100,g,,,,48,https://s3.zerofinder.co.kr/public/products/original/0KVNWY32DZ800.png,,https://zerofinder.co.kr/product/0PCNV3FZ862Z1,zerofinder
"7days 제로 곤약젤리, 자두맛",자임에프앤비,간식/디저트,4290,real,무당류,3,0,7.6,0,0,37,100,g,에리스리톨,에리스리톨:6.87,,57,https://s3.zerofinder.co.kr/public/products/original/0KVNRK4GTQG00.png,https://s3.zerofinder.co.kr/public/nutritionfacts/0KYX39QN6TW00.png,https://zerofinder.co.kr/product/0PCNV3FZAFC4E,zerofinder
모구모구 나타데코코 제로슈가 트로피칼딜라이트 플래버 드링크,SAPPE PUBLIC COMPANY LIMITED,음료,18500,estimated,무당류,8,0,2,0,0,85,100,mL,,,,7,https://s3.zerofinder.co.kr/public/products/original/0KVNRCXZWZG00.png,,https://zerofinder.co.kr/product/0PCNV3FZK3X4M,zerofinder
알파CD제로컷,비오팜,기타,16200,danawa,저당류,371,4.56,92.25,0.33,0.1,5,100,g,효소처리스테비아,효소처리스테비아:0,,16,https://s3.zerofinder.co.kr/public/products/original/0KVNR66C0VW00.png,,https://zerofinder.co.kr/product/0PCZ71C2ARS08,zerofinder
제로 티베이스 캐모마일 사과향,서울팩토리,음료,21700,estimated,무당류,5,0.24,40.01,0.09,0.01,64,100,g,"수크랄로스,아세설팜칼륨,알룰로스,D-소비톨액","수크랄로스:0,아세설팜칼륨:0,알룰로스:39,D-소비톨액:0",,22,https://s3.zerofinder.co.kr/public/products/original/0KVNQ0VM2VW00.png,,https://zerofinder.co.kr/product/0PCZ71C2BATYT,zerofinder
클룹 애사비소다 오리지널 제로,보해양조 장성공장,음료,16900,estimated,무당류,3,0,0.64,0.1,0,10,100,mL,알룰로스,알룰로스:2.5,,42,https://s3.zerofinder.co.kr/public/products/original/0KVNPP58SQW00.png,,https://zerofinder.co.kr/product/0PCZ71C2BEAR9,zerofinder
클룹 스프린트 에너지 레몬부스트 제로,오케이에프음료,음료,39870,danawa,무당류,4,0,0.8,0.4,0,14,100,mL,"수크랄로스,아세설팜칼륨","수크랄로스:0,아세설팜칼륨:0",,57,https://s3.zerofinder.co.kr/public/products/original/0KVNPAFW0VW00.png,,https://zerofinder.co.kr/product/0PCZ71C2C0NTH,zerofinder
닥터 페퍼 제로 스트로베리크림향,동아에코팩,음료,22600,estimated,무당류,0,0,0,0,0,8,100,mL,"수크랄로스,아세설팜칼륨","수크랄로스:0,아세설팜칼륨:0",,10,https://s3.zerofinder.co.kr/public/products/original/0KVNNZCXAQW00.png,,https://zerofinder.co.kr/product/0PCZ71C2CTBB6,zerofinder
클룹 애사비소다 레몬비니거 제로,보해양조 장성공장,음료,22200,estimated,무당류,3,0,0.61,0.09,0.02,11,100,mL,알룰로스,알룰로스:5,,31,https://s3.zerofinder.co.kr/public/products/original/0KVNNAE8ZZW00.png,,https://zerofinder.co.kr/product/0PCZ71C2DE4S4,zerofinder
클룹 스프린트 에너지 사우어베리 제로,오케이에프음료,음료,39870,danawa,무당류,4,0,0.8,0.4,0,14,100,mL,"수크랄로스,아세설팜칼륨","수크랄로스:0,아세설팜칼륨:0",,47,https://s3.zerofinder.co.kr/public/products/original/0KVNKRXP0QW00.png,,https://zerofinder.co.kr/product/0PCZ71C2F4BN3,zerofinder
"7days 제로 곤약젤리, 청포도맛",자임에프앤비,간식/디저트,11900,estimated,무당류,2,0,7.5,0,0,39,100,g,에리스리톨,에리스리톨:6.87,,15,https://s3.zerofinder.co.kr/public/products/original/0KVNB57JNKG00.png,,https://zerofinder.co.kr/product/0PCNV3FZAFX4D,zerofinder
제로 티베이스 납작복숭아 망고향,서울팩토리,음료,19600,estimated,무당류,9,0.46,38,0.13,0.01,84,100,g,"수크랄로스,아세설팜칼륨,알룰로스","수크랄로스:0,아세설팜칼륨:0,알룰로스:36",,49,https://s3.zerofinder.co.kr/public/products/original/0KTRCSPSY3C00.png,,https://zerofinder.co.kr/product/0PCZ71C2EM2PB,zerofinder
[클룹] 제로소다 레몬 (250mL X 24개),,음료,15900,real,무당류,1,0.0,3.2,0.0,0.0,4.0,,,,,,20,https://product-image.kurly.com/product/image/745bf987-1e92-490d-a8f6-a28636546d5e.jpg,,https://www.kurly.com/goods/1001508825,kurly
[팔도] 비락식혜 제로 1.5L,,음료,3880,real,무당류,2,0.0,4.2,0.0,0.0,2.0,,,,,,20,https://product-image.kurly.com/product/image/146096fc-9fec-4245-b380-4a39dca4412c.jpg,,https://www.kurly.com/goods/1001032081,kurly
[펩시] 제로 콜라 라임향 (500mL X 6개),,음료,8040,real,무당류,0,0.0,0.0,0.0,0.0,10.0,,,,,"- 우유, 메밀, 땅콩, 대두, 밀, 복숭아, 토마토, 아황산류, 호두, 잣을 사용한 제품과 같은 시설에서 제조",20,https://product-image.kurly.com/product/image/0e1f0c3d-96bc-4308-a8b8-8abc80b18b53.jpg,,https://www.kurly.com/goods/5122588,kurly
[코카콜라] 환타 제로 파인애플 350mL*6입,,음료,5870,real,무당류,0,0.0,0.0,0.0,0.0,8.0,,,,,"* 이 제품은 우유, 메밀, 땅콩, 대두, 밀, 복숭아, 토마토를 사용한 제품과 같은 제조시설에서 제조하고 있습니다. ",20,https://product-image.kurly.com/product/image/d695926a-570f-48ed-85dc-dd3bd623f879.jpg,,https://www.kurly.com/goods/1000198854,kurly
[웰치스] 제로 그레이프맛 (355mL X 6개),,음료,6180,real,무당류,0,0.0,2.25,0.0,0.0,0.0,,,,,"* 우유, 밀, 메밀, 대두, 복숭아, 토마토 혼입가능",20,https://product-image.kurly.com/product/image/d13f8652-6288-4827-a936-5a28c7edaae9.jpg,,https://www.kurly.com/goods/1000107718,kurly
[오리온] 마이구미 포도 제로 슈거 번들팩,,간식/디저트,2980,real,무당류,230,0.0,74.08,5.56,0.0,28.0,,,"폴리덱스트로스,아세설팜칼륨,수크랄로스,말티톨",,- 돼지고기 함유,20,https://product-image.kurly.com/product/image/f62b5939-f9e7-416f-922b-384ef2c752be.jpg,,https://www.kurly.com/goods/1001170992,kurly
[코카콜라] 스프라이트 제로 칠 아이스 블라스트 (350mL X 6개),,음료,6580,real,무당류,0,0.0,0.0,0.0,0.0,3.0,,,,,,20,https://product-image.kurly.com/product/image/62494b26-6bc7-4434-aa22-1775459a1279.jpg,,https://www.kurly.com/goods/1001453730,kurly
[롯데칠성] 립톤 아이스티 제로 복숭아 (355mL X 24개),,음료,14000,real,무당류,2,0.0,0.51,0.04,0.02,13.0,,,"스테비올 배당체,아세설팜칼륨,수크랄로스",,"*복숭아, 밀 함유",20,https://product-image.kurly.com/product/image/c7aae423-8a92-4d1d-8430-f87edda7c32f.jpg,,https://www.kurly.com/goods/1001454014,kurly
[서정쿠킹] 느린 식혜 제로 1L,,음료,6600,real,무당류,2,0.0,0.36,0.14,0.05,3.0,,,,,,20,https://product-image.kurly.com/product/image/b48a20ed-1bc8-4eb7-b4ba-39f08d17c4ff.jpg,,https://www.kurly.com/goods/1001847034,kurly
[카프리썬] 제로 오렌지 (200mL X 10개),,음료,6380,real,무당류,2,0.5,0.5,0.0,0.0,0.0,,,,,,20,https://product-image.kurly.com/product/image/f7059d4d-0dda-4355-8bdc-bc6aa04a4940.png,,https://www.kurly.com/goods/1002082657,kurly
[롯데칠성] 칠성사이다 제로 1.5L,,음료,2930,real,무당류,0,0.0,1.69,0.0,0.0,3.0,,,,,"- 우유, 메밀, 땅콩, 대두, 밀, 복숭아, 토마토, 아황산류, 호두, 잣을 사용한 제품과 같은 시설에서 제조",20,https://product-image.kurly.com/product/image/b9a749bf-0fdf-4b23-a17c-11694234a7b4.jpg,,https://www.kurly.com/goods/1000902939,kurly
[클룹] 제로소다 포도 (250mL X 6개),,음료,5300,real,무당류,7,0.0,1.63,0.02,0.03,5.0,,,,,,20,https://product-image.kurly.com/product/image/4c1a379e-6198-4699-8a85-6fa261da9aef.jpg,,https://www.kurly.com/goods/1001508817,kurly
[매일] 아몬드 브리즈 초콜릿 제로슈거 (190mL X 24개),,음료,19350,real,무첨가당,21,0.0,1.26,0.79,1.74,53.0,,,"스테비올 배당체,알룰로스",,"- 본 제품은 우유, 대두, 땅콩, 밀, 계란, 토마토, 복숭아, 호두, 닭고기를 사용한 제품과 같은 제조시설에서 제조하고 있습니다.",20,https://product-image.kurly.com/product/image/b44364c1-a3f1-4575-9bb6-38df57460287.jpg,,https://www.kurly.com/goods/5125879,kurly
[롯데칠성] 립톤 복숭아 스파클링 제로슈가 355mL*6개,,음료,4100,real,무당류,0,0.0,0.0,0.0,0.0,13.0,,,,,,20,https://product-image.kurly.com/product/image/e9312fde-aa65-48bd-ad7d-e8414de0994a.png,,https://www.kurly.com/goods/1002158354,kurly
[마이노멀] 저당 제로젤리 3종 (택1),,간식/디저트,13750,real,무당류,118,0.0,78.95,7.89,0.0,0.0,,,"효소처리스테비아,말토덱스트린,나한과추출분말,스테비아",,,20,https://product-image.kurly.com/product/image/e7ea7df9-0707-486f-8839-cad1473cb981.jpg,,https://www.kurly.com/goods/1001099482,kurly
[펩시] 제로 콜라 라임향 무라벨 (300mL X 20입),,음료,19130,real,무당류,0,0.0,0.0,0.0,0.0,10.0,,,,,"- 우유, 메밀, 땅콩, 대두, 밀, 복숭아, 토마토, 아황산류, 호두, 잣을 사용한 제품과 같은 시설에서 제조",20,https://product-image.kurly.com/product/image/c4859612-74b9-4228-ae51-c436699651cb.jpg,,https://www.kurly.com/goods/5120994,kurly
[롯데] 제로 크런치 초코볼 140g,,간식/디저트,6300,real,무당류,500,0.0,57.14,7.14,34.29,36.0,,,,,"- 밀, 우유, 대두 함유
- 땅콩, 돼지고기 혼입 가능
",20,https://product-image.kurly.com/product/image/25c98355-6e75-4ed0-91c5-0d9549bd2008.jpg,,https://www.kurly.com/goods/1000341535,kurly
[클룹] 제로소다 청사과 (250mL X 6개),,음료,5300,real,무당류,7,0.0,1.64,0.01,0.03,8.0,,,,,,20,https://product-image.kurly.com/product/image/eec16ca1-b191-4471-a2b7-ca097669dde8.jpg,,https://www.kurly.com/goods/1001508815,kurly
[롯데칠성] 히야 제로 복숭아 200mL*24개입,,음료,10350,real,무당류,2,0.1,1.53,0.02,0.0,22.0,,,,,,20,https://product-image.kurly.com/product/image/35b26b3a-a80f-43cd-a0fc-3c2c25f69c31.jpg,,https://www.kurly.com/goods/1002325290,kurly
[Project H] 제로슈가 프로틴 도넛 더블초코 (45g X 3개입),,간식/디저트,8900,real,무당류,411,0.31,35.56,15.56,26.67,511.0,,,,,"- 알류(달걀), 우유, 밀, 대두, 땅콩 함유
- 이 제품은 돼지고기, 복숭아, 오징어, 아황산류, 토마토, 호두를 사용한 제품과 같은 제조시설에서 생산하였습니다. ",20,https://product-image.kurly.com/product/image/8ccfdf90-b1ed-4061-8564-8c6ccfb381cc.jpg,,https://www.kurly.com/goods/1000561941,kurly
[초코헬스] 제로넛츠 저당 아몬드 초콜릿 2종 (택1),,간식/디저트,8500,real,무당류,535,0.0,45.16,12.78,38.91,38.0,,,,,- 대두 함유,20,https://product-image.kurly.com/product/image/3e67b1ee-853e-4763-8672-3975fe2e8873.jpg,,https://www.kurly.com/goods/1001173961,kurly
[일화] 천연사이다 1.5L 2종,,음료,1980,real,,0,0.0,0.4,0.0,0.0,2.0,,,"아세설팜칼륨,수크랄로스,알룰로스",,,20,https://product-image.kurly.com/product/image/1fd0aaf3-475f-4218-a9c4-869fd2e3d3db.jpg,,https://www.kurly.com/goods/1002001902,kurly
게토레이 제로 1.5L,,음료,3200,real,무당류,0,0.0,0.0,0.0,0.0,49.0,,,,,"- 우유, 메밀, 땅콩, 대두, 밀, 복숭아, 토마토, 아황산류, 호두, 잣을 사용한 제품과 같은 제조시설에서 제조",20,https://product-image.kurly.com/product/image/4b8fe2d1-8ed0-47e2-b497-e9c0b45fec7b.jpg,,https://www.kurly.com/goods/1000903010,kurly
코카콜라 제로 1.5L,,음료,2980,real,무당류,0,0.0,0.0,0.0,0.0,6.0,,,,,,20,https://img-cf.kurly.com/shop/data/goods/1605085804516l0.jpg,,https://www.kurly.com/goods/5061931,kurly
[빙그레] 더위사냥 저당 디카페인 커피 (140mL X 6개),,음료,6000,real,저당류,19,0.0,2.0,1.5,0.4,0.0,,,,,- 우유 함유,20,https://product-image.kurly.com/product/image/5b777f81-f15c-4036-b9ef-0bdca4386886.jpg,,https://www.kurly.com/goods/1002115051,kurly
[코카콜라] 환타 제로 포도 350mL*6입,,음료,5870,real,무당류,0,0.0,0.0,0.0,0.0,7.0,,,,,"* 이 제품은 우유, 메밀, 땅콩, 대두, 밀, 복숭아, 토마토를 사용한 제품과 같은 제조시설에서 제조하고 있습니다. ",20,https://product-image.kurly.com/product/image/968ffbb6-fb19-4f15-a7bb-eb8b4b571a76.jpg,,https://www.kurly.com/goods/1000153859,kurly
나랑드 사이다 (245mL X 6개),,음료,4480,real,,0,0.0,0.02,0.0,0.0,24.0,,,,,"- 이 제품은 우유, 대두, 복숭아, 토마토를 사용한 제품과 같은 제조시설에서 제조하고 있습니다.",20,https://img-cf.kurly.com/shop/data/goods/1652945921149l0.jpg,,https://www.kurly.com/goods/5134170,kurly
[일화] 부르르 제로사이다 (250mL X 6개),,음료,2750,real,무당류,0,0.0,0.0,0.0,0.0,3.0,,,,,"- 우유, 대두, 복숭아, 밀, 아황산류를 사용한 제품과 같은 제조시설에서 제조",20,https://product-image.kurly.com/product/image/a3eba39f-6e88-4d3a-b023-782442be66d5.jpg,,https://www.kurly.com/goods/1000535279,kurly
[롯데칠성] 2%부족할때 제로(ZERO) 복숭아 (350mL X 20개),,음료,17080,real,무당류,3,0.46,2.69,0.03,0.0,18.0,,,,,* 복숭아 함유,20,https://product-image.kurly.com/product/image/3417ccc1-437e-4b49-a55d-b58676bccaed.jpg,,https://www.kurly.com/goods/1001454010,kurly
코카콜라 제로 라벨프리 (370mL X 6개),,음료,8500,real,무당류,0,0.0,0.0,0.0,0.0,6.0,,,,,"* 이 제품은 우유, 메밀, 땅콩, 대두, 밀, 복숭아, 토마토를 사용한 제품과 같은 제조시설에서 제조하고 있습니다.",20,https://product-image.kurly.com/product/image/6ff4ef61-dd6c-48d7-8408-23b85773cff2.jpg,,https://www.kurly.com/goods/1000153943,kurly
[롯데칠성] 핫식스 더킹 제로 (355mL X 24개),,음료,20200,real,무당류,3,0.0,2.39,0.0,0.0,34.0,,,,,,20,https://product-image.kurly.com/product/image/299783f9-ec27-4091-bc20-838974fac2a1.jpg,,https://www.kurly.com/goods/1002028684,kurly
[코카콜라] 토레타 제로 무라벨 (340mL X 20개),,음료,16040,real,무당류,1,0.0,0.2,0.0,0.0,54.0,,,,,,20,https://product-image.kurly.com/product/image/e54ab902-0b50-4723-848c-c08a84bae8b7.png,,https://www.kurly.com/goods/1002081986,kurly
[부샤드] 벨지안 초콜릿 6종,,간식/디저트,7980,real,,556,50.0,51.0,7.0,36.0,82.0,,,,,"- 밀크: 우유 함유
- 카라멜 씨솔트: 우유 함유
- 다크80%로우슈가: 우유 함유 ",20,https://product-image.kurly.com/product/image/0a658e41-7933-4984-996d-8e05acd42ccc.jpg,,https://www.kurly.com/goods/1000086608,kurly
[롯데칠성] 히야 제로 사과 200mL*24개입,,음료,10350,real,무당류,2,0.13,1.35,0.02,0.01,22.0,,,,,,20,https://product-image.kurly.com/product/image/a2dcea20-7d85-4c25-8898-fd97c928ea55.jpg,,https://www.kurly.com/goods/1002325292,kurly
[롯데칠성] 칠성사이다 제로유자 500mL*6개,,음료,7900,real,무당류,0,0.0,2.0,0.0,0.0,4.0,,,,,,20,https://product-image.kurly.com/product/image/89d42133-b192-455e-8c0a-ae89c55a4c4d.png,,https://www.kurly.com/goods/1002158356,kurly
[라라스윗] 스틱바 아이스크림 (70mL X 6개) (택1),,간식/디저트,6320,real,,0,0.0,12.86,0.0,0.0,29.0,,,"효소처리스테비아,아세설팜칼륨,수크랄로스,에리스리톨,스테비아",,,20,https://product-image.kurly.com/product/image/9e5ea38b-4f39-44b7-9672-b93acd5316d4.jpg,,https://www.kurly.com/goods/1001319821,kurly
[라라스윗] 저당 생요거트바 3종 (70mL X 6개),,간식/디저트,6900,real,저당류,114,4.29,24.29,1.43,5.0,43.0,,,,,- 우유 함유,20,https://product-image.kurly.com/product/image/166aa960-f1ea-41dc-b04e-2a86c5178f8c.jpg,,https://www.kurly.com/goods/1002152721,kurly
[페를레디솔레] 레몬 스파클링 500mL*6개입,,음료,5980,real,,4,0.12,4.0,0.0,0.0,0.0,,,,,,20,https://product-image.kurly.com/product/image/652733cd-d127-4279-be71-59050b94020d.jpg,,https://www.kurly.com/goods/1002373359,kurly
[일화] 맥콜 1.5L 2종,,음료,1980,real,,50,12.0,12.0,0.0,0.0,10.0,,,,,,20,https://product-image.kurly.com/product/image/f12dac6b-58a4-4283-b86a-8bccaf9556c5.jpg,,https://www.kurly.com/goods/1002001905,kurly
[썬키스트] 애사비 제로 스파클링 레몬 (500mL X 6개),,음료,6280,real,무당류,2,0.0,3.8,0.0,0.0,13.0,,,,,,20,https://product-image.kurly.com/product/image/070aa229-d57a-45a4-b09f-23ed40028257.jpg,,https://www.kurly.com/goods/1001959413,kurly
[페를레디솔레] 블루베리 스파클링 500mL*6개입,,음료,5980,real,,1,0.0,1.05,0.07,0.01,8.0,,,,,,20,https://product-image.kurly.com/product/image/36d39e79-9b32-4fc9-bb57-a5ac96a98019.jpg,,https://www.kurly.com/goods/1002373361,kurly
[잇츠베러] 제로슈가 쿠키 4종 (택1),,간식/디저트,2800,real,무당류,442,0.5,67.25,14.25,15.25,448.0,,,"효소처리스테비아,말토덱스트린,수크랄로스,D-말티톨,스테비아,말티톨",,"- 밀, 대두 함유
* 땅콩, 메밀, 복숭아, 잣, 호두, 토마토, 아황산류 혼입 가능",20,https://product-image.kurly.com/product/image/c49e0f5b-ec07-4b92-885d-3024b7fdcb45.jpg,,https://www.kurly.com/goods/1000608510,kurly
[클룹] 애사비 제로소다 레몬비니거 (500mL X 6개),,음료,9900,real,무당류,1,0.0,1.2,0.0,0.0,11.0,,,"아세설팜칼륨,수크랄로스,알룰로스",,,20,https://product-image.kurly.com/product/image/df85e975-2c7d-4616-883e-e5d8553f753c.jpg,,https://www.kurly.com/goods/1001508811,kurly
[제로브레드] 저당 식빵 3종,,간식/디저트,6500,real,무당류,261,2.09,45.61,9.07,4.74,453.0,,,,,"- 밀, 우유 함유
- 이 제품은 알류(달걀), 대두, 쇠고기, 돼지고기, 복숭아, 호두, 오징어, 아황산류, 토마토, 땅콩을 사용한 제품과 같은 제조시설에서 생산하고 있습니다.",20,https://product-image.kurly.com/product/image/6927350e-3666-43ab-b2ee-820853225b97.jpg,,https://www.kurly.com/goods/1001773650,kurly
[제로브레드] 저당 호밀 식빵 2cm 500g,,간식/디저트,6900,real,무당류,263,2.18,46.39,8.84,4.66,402.0,,,,,"- 밀, 우유 함유
- 이 제품은 알류(달걀), 대두, 쇠고기, 돼지고기, 복숭아, 호두, 오징어, 아황산류, 토마토, 땅콩을 사용한 제품과 같은 제조시설에서 생산하고 있습니다.",20,https://product-image.kurly.com/product/image/b2d67a64-b6cb-4861-b9be-bebcfd96beb1.jpg,,https://www.kurly.com/goods/1001482775,kurly
[제로브레드] 저당 속편한 우유 식빵 2cm 480g,,간식/디저트,6900,real,무당류,249,1.67,45.82,9.34,3.15,403.0,,,,,"- 밀, 우유 함유
- 이 제품은 알류(달걀), 대두, 쇠고기, 돼지고기, 복숭아, 호두, 오징어, 아황산류, 토마토, 땅콩을 사용한 제품과 같은 제조시설에서 생산하고 있습니다.",20,https://product-image.kurly.com/product/image/081c6e84-45d7-4ac8-b901-4504dbb7037c.jpg,,https://www.kurly.com/goods/1001482773,kurly
[맥심] 모카골드 제로슈가 커피믹스 2종 (택1),,음료,5780,real,무당류,153,0.0,66.0,15.0,0.0,217.0,,,,,"당알코올 함유 제품으로 과량 섭취 시 설사를 일으킬 수 있습니다. 
우유함유",20,https://product-image.kurly.com/product/image/e148fe64-f53f-4dd5-bad6-6b85309e82d5.jpg,,https://www.kurly.com/goods/1001105458,kurly
[제로브레드] 저당 플레인 식빵 1.5cm 500g,,간식/디저트,6500,real,무당류,261,2.09,45.61,9.07,4.74,453.0,,,,,"- 밀, 우유 함유
- 이 제품은 알류(달걀), 대두, 쇠고기, 돼지고기, 복숭아, 호두, 오징어, 아황산류, 토마토, 땅콩을 사용한 제품과 같은 제조시설에서 생산하고 있습니다.",20,https://product-image.kurly.com/product/image/4d68bc3b-de56-4386-9f46-7a1cbce27ab0.jpg,,https://www.kurly.com/goods/1001482771,kurly
[담터] 대용량 제로 슈가 아이스티 자몽 허니 블랙티 (13g X 30개),,음료,12250,real,무당류,0,0.1,1.5,0.0,0.0,20.0,,,,,,20,https://product-image.kurly.com/product/image/049a07ff-44f2-42ee-ab72-6c12973d6f98.png,,https://www.kurly.com/goods/1002104403,kurly
[제로베이커리] 키토 파운드 케이크 2종(2개입) (택1),,간식/디저트,9000,real,무당류,297,8.33,23.33,6.67,22.67,333.0,,,,,"- 우유, 달걀 함유
- 이 제품은 땅콩, 토마토, 이산화황, 오징어, 잣, 호두를 사용하는 제품과 같은 시설에서 제조되었습니다.",20,https://product-image.kurly.com/product/image/a043f2f3-f20b-4464-b2f9-3fe21dd73e91.jpg,,https://www.kurly.com/goods/1001151854,kurly
[Project H] 제로 레몬 파운드 케이크 285g,,간식/디저트,15900,real,무당류,369,0.0,53.58,5.48,22.62,242.0,,,,,"* 알류(달걀), 우유, 대두, 밀 함유
본 제품은 돼지곡, 땅콩, 복숭아, 호두, 아황산류를 사용한 제품과 같은 제조시설에서 제조하고 있습니다.",20,https://product-image.kurly.com/product/image/89070f27-3d34-4a4c-a251-ded6a2e8e5b0.jpg,,https://www.kurly.com/goods/1000830374,kurly
[Project H] 제로 롤케이크 2종 215g (택1),,간식/디저트,15900,real,무당류,219,0.9,16.1,9.4,13.0,105.0,,,,,"알류(달걀), 대두, 밀 함유
*본 제품은 돼지고기, 땅콩, 복숭아, 아황산류, 호두를 사용한 제품과 같은 제조시설에서 제조하고 있습니다.",20,https://product-image.kurly.com/product/image/dd0051dd-b9fe-46ea-b7bf-d2054e73d989.jpg,,https://www.kurly.com/goods/1000830377,kurly
[제로브레드] 저당 프로틴 통밀 베이글 (110g X 3개입),,간식/디저트,7840,real,무당류,252,3.5,37.18,13.85,5.28,398.0,,,,,"- 밀, 우유, 대두 함유
- 이 제품은 알류(달걀), 쇠고기, 돼지고기, 복숭아, 호두, 오징어, 아황산류, 토마토, 땅콩을 사용한 제품과 같은 제조시설에서 생산하고 있습니다.",20,https://product-image.kurly.com/product/image/dd67a1cd-bf7e-457f-9cce-25a1731e8ec5.jpg,,https://www.kurly.com/goods/1002033896,kurly
[코카콜라] 몬스터 에너지 2종 (355mL X 6개),,음료,11970,real,,47,11.55,12.39,0.0,0.0,67.0,,,,,"* 이 제품은 우유, 대두, 복숭아, 토마토, 메밀, 땅콩, 밀, 아황산류를 사용한 제품과 같은 제조시설에서 제조하고 있습니다. ",20,https://product-image.kurly.com/product/image/b9a53135-aac6-4e89-be33-b6fc6c774611.jpg,,https://www.kurly.com/goods/1000198456,kurly
[제로브레드] 저당 폭신한 우유 베이글 (110g X 3개입),,간식/디저트,8820,real,무당류,279,3.55,45.91,10.36,5.96,356.0,,,,,,20,https://product-image.kurly.com/product/image/51226562-70a8-49ad-90aa-6a016e53c686.jpg,,https://www.kurly.com/goods/1002033892,kurly
[제로브레드] 저당 바질 어니언 베이글 (110g X 3개입),,간식/디저트,9450,real,무당류,282,1.02,49.82,10.11,4.72,415.0,,,,,"- 밀, 우유, 대두 함유
- 이 제품은 알류(달걀), 쇠고기, 돼지고기, 복숭아, 호두, 오징어, 아황산류, 토마토, 땅콩을 사용한 제품과 같은 제조시설에서 생산하고 있습니다.",20,https://product-image.kurly.com/product/image/e4179e82-1948-4017-9112-10e1e11e1f8d.jpg,,https://www.kurly.com/goods/1002033898,kurly
나랑드 사이다 (500mL X 24개) 3종 (택1),,음료,16950,real,,0,0.0,0.0,0.0,0.0,18.0,,,,,"*알류, 우유, 메밀, 땅콩, 대두, 밀, 복숭아, 토마토, 아황산류, 호두, 잣 혼입가능.",20,https://product-image.kurly.com/product/image/9f96ea4e-95dc-4230-90f2-6557d4972049.jpg,,https://www.kurly.com/goods/1000378835,kurly
[Perle di sole] 포지타노 오렌지&레몬 캔디 (슈가프리),,간식/디저트,9500,real,무첨가당,391,66.8,97.6,0.0,0.1,305.0,,,,,,20,https://img-cf.kurly.com/shop/data/goods/1545268307228l0.jpg,,https://www.kurly.com/goods/5032153,kurly
[골라담기][코카콜라] 몬스터 에너지 355mL 3종,,음료,1730,real,,42,9.86,10.14,0.28,0.03,19.0,,,,,*복숭아 함유(망고로코),20,https://product-image.kurly.com/product/image/a5b8e279-3e1f-4486-8f53-0e85d0fdd0c8.jpg,,https://www.kurly.com/goods/1001453746,kurly
[슈가로로] 스파클링 복숭아 (350mL X 24개),,음료,19900,real,,0,0.0,0.46,0.0,0.0,7.0,,,"스테비올 배당체,아세설팜칼륨,수크랄로스,에리스리톨",,*복숭아 함유,20,https://product-image.kurly.com/product/image/379ea89c-7a29-46bc-9059-3031174c3db5.jpg,,https://www.kurly.com/goods/1001535198,kurly
[슈가로로] 스파클링 레몬 (350mL X 24개),,음료,19980,real,,0,0.0,3.57,0.0,0.0,11.0,,,"스테비올 배당체,아세설팜칼륨,수크랄로스,에리스리톨",,,20,https://product-image.kurly.com/product/image/e698ced9-d51a-4713-9e16-404fcf7f4db2.jpg,,https://www.kurly.com/goods/1001535196,kurly
게토레이 레몬 1.5L,,음료,3480,real,,28,7.0,7.0,0.0,0.0,50.0,,,,,"- 이 제품은 우유, 메밀, 땅콩, 대두, 밀, 복숭아, 토마토, 아황산류, 호두, 잣을 사용한 제품과 같은 제조시설에서 제조하고 있습니다.",20,https://img-cf.kurly.com/shop/data/goods/1654765679727l0.jpg,,https://www.kurly.com/goods/5136989,kurly
포카리스웨트 (240mL X 6개),,음료,6580,real,,11,2.4,2.6,0.0,0.0,54.0,,,,,"- 우유, 대두, 복숭아, 토마토를 사용한 제품과 같은 제조시설에서 제조",20,https://img-cf.kurly.com/shop/data/goods/164791194331l0.jpg,,https://www.kurly.com/goods/5121005,kurly
미에로화이바 1.2L,,음료,2500,real,,37,7.14,10.0,0.0,0.0,16.0,,,폴리덱스트로스,,"- 이 제품은 우유, 메밀, 땅콩, 대두, 알류, 게, 밀, 복숭아, 토마토, 아황산류, 호두, 잣을 사용한 제품과 같은 제조시설에서 제조",20,https://product-image.kurly.com/product/image/3ea374fc-014a-493e-bd14-2a25619f91d0.jpg,,https://www.kurly.com/goods/1000819908,kurly
[슈가로로] 스파클링 사과 (350mL X 24개),,음료,19900,real,,0,0.0,0.37,0.0,0.0,6.0,,,"스테비올 배당체,아세설팜칼륨,수크랄로스,에리스리톨",,,20,https://product-image.kurly.com/product/image/b554e336-2929-495c-bdc1-90f8d72c0de1.jpg,,https://www.kurly.com/goods/1001535194,kurly
[슈가로로] 애사비 스파클링 파인애플 (350mL X 24개),,음료,24900,real,,50,11.0,12.2,0.4,0.0,10.0,,,,,,20,https://product-image.kurly.com/product/image/97cf9fa3-c371-401e-8216-65c7c4bc2618.jpg,,https://www.kurly.com/goods/1001535204,kurly
[슈가로로] 애사비 스파클링 사과 (350mL X 24개),,음료,24900,real,,2,0.0,2.57,0.0,0.0,7.0,,,,,,20,https://product-image.kurly.com/product/image/2df1aa9c-b731-466c-86c0-3ac73ee7d8dd.jpg,,https://www.kurly.com/goods/1001535202,kurly
[프로넛] 무설탕 자일리톨 캔디 6종 버라이어티팩 180g,,간식/디저트,16800,real,무첨가당,240,0.0,100.0,0.0,0.0,0.0,,,자일리톨,,- 복숭아향 : 복숭아 함유 ,20,https://product-image.kurly.com/product/image/c8db6522-6778-4d67-a807-6da1ef08259c.jpg,,https://www.kurly.com/goods/1002017202,kurly
[슈가로로] 애사비 에이드 사과 (410mL X 6개),,음료,8900,real,,3,0.16,2.67,0.08,0.02,8.0,,,,,,20,https://product-image.kurly.com/product/image/ca088bf3-60f9-4a46-bed5-c6b8e6760a1d.jpg,,https://www.kurly.com/goods/1001535206,kurly
[마이노멀] 저당 아이스바 2종 (70mL X 6개) (택1),,간식/디저트,9600,real,저당류,36,1.43,21.43,0.0,0.0,50.0,,,"효소처리스테비아,말토덱스트린,아라비아검,스테비아",,"* 우유,밀,달걀,대두,땅콩,호두,메밀,복숭아,토마토,돼지고기 혼입 가능 ",20,https://product-image.kurly.com/product/image/d1b9057f-9738-4e50-86b6-fee23f97fb19.jpg,,https://www.kurly.com/goods/1001440628,kurly
게토레이 레몬 (600mL X 6개),,음료,10370,real,,28,7.0,7.0,0.0,0.0,50.0,,,,,"* 이 제품은 난류, 우유, 메밀, 땅콩, 대두, 밀, 복숭아, 토마토, 아황산류, 호두, 잣, 게를 사용한 제품과 같은 제조시설에서 제조하고 있습니다.",20,https://product-image.kurly.com/product/image/f196c023-d13b-4b82-ae83-3f35a197af3b.jpg,,https://www.kurly.com/goods/1000198380,kurly
미에로화이바 (350mL X 6개),,음료,8140,real,,8,0.0,2.8,0.0,0.0,20.0,,,,,"* 이 제품은 우유, 메밀, 땅콩, 대두, 알류, 게, 밀, 복숭아, 토마토, 아황산류, 호두, 잣을 사용한 제품과 같은 제조시설에서 제조하고 있습니다.",20,https://product-image.kurly.com/product/image/098c505b-e439-43d3-a0bf-1920f82820ec.jpg,,https://www.kurly.com/goods/1000153937,kurly
[롯데웰푸드] 저당 티코 밀크초코 34mL X 15개입,,음료,7200,real,저당류,212,17.65,17.65,2.94,14.71,44.0,,,,,"- 우유,대두,땅콩 함유
* 달걀,밀,복숭아,토마토,호두,돼지고기 혼입 가능 ",20,https://product-image.kurly.com/product/image/c96620cc-ab58-4e35-b00f-1be47a322970.jpg,,https://www.kurly.com/goods/1001584435,kurly
[딥앤로우] 저당 쫀득바 70mL X 6개입 2종(택1),,간식/디저트,4800,real,저당류,107,18.57,21.43,1.43,1.43,57.0,,,"아세설팜칼륨,말토덱스트린,수크랄로스,알룰로스",,"- 우유 함유
* 달걀,땅콩,대두,호두,밀,복숭아,토마토,쇠고기,오징어 혼입 가능 ",20,https://product-image.kurly.com/product/image/b16ac430-5136-4b02-aa63-2be9dbd928d8.jpg,,https://www.kurly.com/goods/1001315678,kurly
[마이노멀] 디카페인 방탄커피 (230mL X 6개),,음료,15900,real,,65,0.0,1.65,0.87,6.0,9.0,,,,,"- 우유 함유
- 난류, 메밀, 땅콩, 대두, 밀, 복숭아, 토마토, 아황산류, 호두, 게, 잣을 사용한 제품과 같은 시설에서 제조",20,https://img-cf.kurly.com/shop/data/goods/1657609465258l0.jpg,,https://www.kurly.com/goods/5153011,kurly
[켈로그] 컵시리얼 7종 (택1) ,,간식/디저트,1890,real,,400,16.57,76.0,8.86,7.14,500.0,,,,,알레르기 유발 가능 물질이 옵션별로 상이하여 제품페이지 하단 확인 부탁드립니다. ,20,https://product-image.kurly.com/product/image/7deb70f7-b93a-4c2f-8d4e-41dd1ae32edf.jpg,,https://www.kurly.com/goods/1000567944,kurly
"[프로넛] 무설탕 자일리톨 캔디 8입세트 6종, 택1",,간식/디저트,22400,real,무첨가당,243,0.0,100.0,0.0,0.0,0.0,,,자일리톨,,- 본 제품은 복숭아를 사용한 제품과 같은 제조시설에서 제조하고 있습니다. ,20,https://product-image.kurly.com/product/image/cc4bafe2-0bff-4313-9402-d629ac742898.jpg,,https://www.kurly.com/goods/1002324736,kurly
[매일] 소화가 잘되는 우유 930mL 2종(택 1),,유제품,3780,real,,68,3.2,4.8,3.2,4.0,52.0,,,,,"- 소화가 잘되는 우유 : 우유 함유
- 소화가 잘되는 우유 저지방 : 우유 함유
- (공통) 대두, 땅콩, 계란, 토마토, 복숭아, 밀을 사용한 제품과 같은 제조 시설에서 제조하였습니다.",20,https://product-image.kurly.com/product/image/58f40f48-f6fb-4dfc-9a6e-8b0482bd54ac.jpg,,https://www.kurly.com/goods/5034152,kurly
[카프리썬] 주스음료 (200mL X 10개) 7종 (택1),,음료,5990,real,,30,7.5,7.5,0.0,0.0,0.0,,,,,,20,https://product-image.kurly.com/product/image/e510b5f2-bca9-40e7-bb61-d56e42545120.jpg,,https://www.kurly.com/goods/5059704,kurly
[롯데칠성] 게토레이 런 600mL*6개,,음료,10370,real,,8,1.91,1.98,0.0,0.0,50.0,,,"아세설팜칼륨,수크랄로스",,,20,https://product-image.kurly.com/product/image/bcd4590f-539c-46f1-b258-2b9ebec9a887.png,,https://www.kurly.com/goods/1002158350,kurly
[매일] 소화가 잘되는 우유(190mL X 6팩),,유제품,5980,real,,50,4.91,7.14,1.43,1.71,51.0,,,,,"- 우유 함유
- 대두, 땅콩, 밀 계란, 토마토, 복숭아, 호두, 닭고기를 사용한 제품과 같은 제조시설에서 제조",20,https://product-image.kurly.com/product/image/260bf902-4086-4c17-8972-92358867353d.jpg,,https://www.kurly.com/goods/5104002,kurly
[퍼지락] 자일리톨 캔디 틴케이스 런던에디션 4종 (택1),,간식/디저트,4200,real,무첨가당,389,100.0,100.0,0.0,0.0,0.0,,,자일리톨,,"- 과량 섭취 시 설사를 일으킬수 있습니다. 
- 동물에게 먹이지 마세요.",20,https://product-image.kurly.com/product/image/1e933aa4-b496-466a-964f-35dddeab3bf7.jpg,,https://www.kurly.com/goods/1000794497,kurly
[스키니피그] 저당 쿠키앤크림 볼콘 아이스크림 (130mL X 4개),,간식/디저트,8330,real,저당류,135,2.31,20.0,2.31,9.23,42.0,,,,,"- 우유, 밀, 대두 함유",20,https://product-image.kurly.com/product/image/d7a4ccb4-8651-47be-90e9-dc441ed49f88.jpg,,https://www.kurly.com/goods/1001965349,kurly
코카콜라 1.5L,,음료,4010,real,,44,11.0,11.0,0.0,0.0,3.0,,,,,,20,https://product-image.kurly.com/product/image/6ec48182-1a81-4a6a-aa32-b3deb9b7a1db.jpg,,https://www.kurly.com/goods/5061928,kurly
[롯데웰푸드] 저당 엔제리너스 아이스크림 2종 (택1),,간식/디저트,1000,real,저당류,74,2.18,19.04,1.23,2.73,24.0,,,,,"- 우유 함유
* 달걀, 땅콩, 대두, 밀, 복숭아, 토마토, 호두, 돼지고기, 아황산류 혼입 가능",20,https://product-image.kurly.com/product/image/4b7e76d5-6ffe-4525-92d0-a23ea7d600cd.jpg,,https://www.kurly.com/goods/1001449244,kurly
[매일] 소화가 잘 되는 우유 미숫가루 (190mL X 6개),,유제품,6490,real,,66,6.84,8.95,2.63,2.05,47.0,,,,,"- 우유 함유
- 대두, 땅콩, 밀, 계란, 토마토, 복숭아, 호두, 닭고기를 사용한 제품과 같은 시설에서 제조",20,https://img-cf.kurly.com/shop/data/goods/1641200422656l0.jpg,,https://www.kurly.com/goods/5104003,kurly
[더건강한] 저당 소스 닭가슴살 120g 2종 (냉장),,조미료/소스,2480,real,저당류,112,1.67,5.83,19.17,1.33,625.0,,,,,"닭고기,쇠고기,대두,밀,우유 함유
- 알류,메밀,땅콩,고등어,게,새우,돼지고기,복숭아,토마토,아황산류,호두,오징어,조개류(굴,전복,홍합 포함),잣 혼입가능",20,https://product-image.kurly.com/product/image/7376ea3b-0653-420e-8436-06a564b7968f.png,,https://www.kurly.com/goods/1002101815,kurly
[클룹] 바이탈레몬 스파클링 (500mL X 6개),,음료,9900,real,,4,0.12,4.0,0.0,0.0,0.0,,,,,,20,https://product-image.kurly.com/product/image/30ba0056-322e-41be-905e-b442ccc5342a.jpg,,https://www.kurly.com/goods/1001508809,kurly
[매일] 소화가 잘되는 우유 저지방 (190mL X 6개),,유제품,5980,real,,42,3.16,3.16,3.16,2.0,37.0,,,,,- 우유 함유,20,https://product-image.kurly.com/product/image/46d0de70-2188-453b-a1cb-c5e02f324c25.jpg,,https://www.kurly.com/goods/1000926954,kurly
[매일] 소화가 잘되는 우유 단백질 930ml,,유제품,4080,real,,68,3.2,4.8,3.2,4.0,52.0,,,,,"- 우유 함유
* 대두, 달걀, 토마토, 복숭아, 밀 혼입가능",20,https://product-image.kurly.com/product/image/1eef0790-12fe-424e-acad-4b8494425301.jpg,,https://www.kurly.com/goods/1000136562,kurly
[담터] 호두 아몬드 율무차 3종 (택1),,음료,4950,real,,472,33.33,77.78,5.56,14.45,611.0,,,,,"- 호두, 땅콩, 우유, 대두 함유
- 밀, 복숭아, 메밀 혼입가능",20,https://product-image.kurly.com/product/image/08031552-a303-4431-b71f-68f1790dfe78.jpg,,https://www.kurly.com/goods/5148950,kurly
[할리스] 스테비아 커피믹스 2종 (택1),,음료,8280,real,무첨가당,256,4.2,86.0,3.2,5.2,157.0,,,스테비아,,"우유함유
에리스리톨 함유 제품으로 과량 섭취시 설사를 일으킬 수 있습니다. 
대두, 메밀, 땅콩, 밀, 호두, 복숭아를 사용한 제조시설에서 같이 제조합니다. ",20,https://product-image.kurly.com/product/image/42889cbf-6270-47f1-86a2-634ab6124c48.jpg,,https://www.kurly.com/goods/1001103686,kurly
[레디블룸] 저당 프로틴 그래놀라 3종 (택1),,간식/디저트,10900,real,저당류,341,0.0,41.78,44.73,3.81,757.0,,,,,"- 시그니처, 카페모카: 대두 함유
- 초코: 대두, 우유 함유
",20,https://product-image.kurly.com/product/image/36f10bf4-c594-4843-a74a-6f232462d290.jpg,,https://www.kurly.com/goods/1001031983,kurly
[남양] 스테비아 요구르트 (65mL X 16개),,조미료/소스,2980,real,무첨가당,12,1.54,1.54,1.15,0.0,18.0,,,스테비아,,- 우유 함유,20,https://product-image.kurly.com/product/image/bd2cd63f-7c8d-468e-b785-c4415c453f9c.jpg,,https://www.kurly.com/goods/1001476784,kurly
[롯데칠성] 오트몬드 언스위트 (190mL X 24개),,음료,15500,real,,16,0.39,1.26,0.48,1.06,64.0,,,,,,20,https://product-image.kurly.com/product/image/22168996-d2ae-41cd-a265-b64815d3a61d.jpg,,https://www.kurly.com/goods/1001454004,kurly
[마이노멀] 저당 간식 골라담기 9종 (택1),,간식/디저트,13200,real,저당류,28,3.24,11.89,0.0,0.0,22.0,,,"효소처리스테비아,나한과추출분말,알룰로스,스테비아",,,20,https://product-image.kurly.com/product/image/91d8f978-b937-4478-8717-c25e21f9b30d.png,,https://www.kurly.com/goods/1002056494,kurly
[매일] 소화가 잘 되는 우유 초콜릿 (190mL X 6개),,간식/디저트,6490,real,,79,8.42,11.05,2.63,2.68,39.0,,,,,"- 우유, 밀 함유
- 대두, 땅콩, 계란, 토마토, 복숭아, 호두, 닭고기를 사용한 제품과 같은 제조시설에서 제조",20,https://img-cf.kurly.com/shop/data/goods/1602736968188l0.jpg,,https://www.kurly.com/goods/5059016,kurly
[굽네] 저당 소스듬뿍 통살 닭가슴살 2종,,조미료/소스,2990,real,저당류,118,0.91,7.27,19.09,1.64,718.0,,,,,"- 떡볶이맛 : 대두, 밀, 쇠고기, 닭고기 함유
- 간장마늘치킨맛 : 대두, 밀, 닭고기 함유
- 이 제품은 알류, 우유, 메밀, 땅콩, 고등어, 게, 새우, 돼지고기, 복숭아, 토마토, 아황산류, 호두, 쇠고기,",20,https://product-image.kurly.com/product/image/85062bbf-9731-4870-a290-269aeb67ef9b.jpg,,https://www.kurly.com/goods/1001511388,kurly
[마땡] 저당 그래놀라 3종 (택1),,간식/디저트,13900,real,저당류,414,3.6,68.0,15.0,12.0,80.0,,,"말토덱스트린,수크랄로스,말티톨",,옵션 별 알레르기 유발 가능 원재료 상이하므로 제품 페이지 하단 확인 부탁드립니다. ,20,https://product-image.kurly.com/product/image/7abcd87c-28bd-441c-8643-dd98dd9d402d.jpg,,https://www.kurly.com/goods/1000940639,kurly
[푸드올로지] 지중해 레몬그린티 15포,,기타,24900,real,,288,24.94,95.11,0.77,0.01,143.0,,,,,*대두 함유,20,https://product-image.kurly.com/product/image/bad84605-7134-4223-a827-753274c82a94.jpg,,https://www.kurly.com/goods/1001440583,kurly
[리하베스트] 저당 통밀식빵 350g,,간식/디저트,5800,real,저당류,295,3.0,50.0,10.0,6.0,390.0,,,,,"- 밀 함유
- 땅콩, 호두, 대두, 토마토, 아황산류, 복숭아 혼입 가능",20,https://product-image.kurly.com/product/image/d38a24c1-f894-49f4-b542-170dcdb0bd1f.jpg,,https://www.kurly.com/goods/1001724972,kurly
[스키니피그] 저당 쥬시바 망고요거트 (90mL X 3개),,간식/디저트,5250,real,저당류,78,2.22,17.78,2.22,4.78,33.0,,,,,- 우유 함유,20,https://product-image.kurly.com/product/image/7c8b5acd-1a51-4cac-bacd-102c3bf3c5ba.png,,https://www.kurly.com/goods/1002089261,kurly
[메이준뉴트리] 파인애플효소 브로멜라인 업 80만 역가수치 30포,,기타,9900,real,,403,37.08,77.41,12.24,4.97,133.0,,,,,"*본 제품은 알류(가금류),우유,땅콩,대두,밀,고등어,게,새우,돼지고기,복숭아,토마토,아황산류,호두,닭고기,쇠고기,오징어,조개류(굴,전복 포함),잣을 사용한 제품과 같은 제조시설에서 제조하고 있습니다. ",20,https://product-image.kurly.com/product/image/c0ed46cd-94ed-422a-868a-7a0b79682437.jpg,,https://www.kurly.com/goods/1001363929,kurly
"[푸드올로지] 톡스올로지 클렌즈 ABC Mini 180ml 2종, 택1",,기타,4000,real,,53,9.45,12.22,0.56,0.0,89.0,,,,,"*특이체질, 알레르기 체질의 경우에는 개인에 따라 과민 반응을 나타낼 수 있으므로 원료를 확인 후 섭취 바랍니다.",20,https://product-image.kurly.com/product/image/14cb2aa6-06da-4643-96da-cc756dd27677.png,,https://www.kurly.com/goods/1002046119,kurly
[페르케노] 이탈리아 젤라또 100mL 2종,,간식/디저트,5390,real,,125,17.5,21.8,3.1,2.8,23.0,,,,,- 우유 함유,20,https://product-image.kurly.com/product/image/8de42f66-bd9c-4d55-a333-7f2f61a11574.jpg,,https://www.kurly.com/goods/1001483347,kurly
헬씨올리고팝 애플체리 (350mL X 6개),,음료,8680,real,,10,0.0,2.57,0.0,0.0,14.0,,,,,* 토마토 함유,20,https://product-image.kurly.com/product/image/2d53a9da-09e6-4288-8d79-633c9049a580.jpg,,https://www.kurly.com/goods/1002137306,kurly
[롯데웰푸드] 낱개 아이스크림 골라담기 3종,,간식/디저트,1400,real,,80,13.42,20.28,0.13,0.06,8.0,,,,,옵션 별 상이,20,https://product-image.kurly.com/product/image/082ea17d-351a-4d6e-b7c7-bafdb1a0566a.jpg,,https://www.kurly.com/goods/1001746304,kurly
[티젠] 애플 사이다 비니거 사과&배 2종,,음료,5700,real,,200,3.33,46.67,0.0,0.65,17.0,,,,,"*특이체질, 알레르기 체질의 경우에는 개인에 따라 과민 반응을 나타낼 수 있으므로 원료를 확인 후 섭취 바랍니다.",20,https://product-image.kurly.com/product/image/d68ba679-97b6-40a5-8255-fda78261b8c9.jpg,,https://www.kurly.com/goods/1001568090,kurly
[그린몬스터] 헐리우드 48시간,,기타,26000,real,,82,18.0,20.0,0.5,0.0,4.0,,,,,-복숭아 함유,20,https://product-image.kurly.com/product/image/c79892a3-907d-45f5-b57b-d00f85fc330c.jpg,,https://www.kurly.com/goods/5070009,kurly
[매일] 소화가 잘 되는 우유 바나나 (190mL X 6개),,유제품,6490,real,,76,7.89,10.53,2.11,2.84,45.0,,,,,"- 우유 함유
- 본 제품은 대두, 땅콩, 밀, 계란, 토마토, 복숭아, 호두, 닭고기를 사용한 제품과 같은 제조시설에서 제조하고 있습니다.",20,https://img-cf.kurly.com/shop/data/goods/1602736876794l0.jpg,,https://www.kurly.com/goods/5059015,kurly
[Make You Helathy] 싹싹이 클렌즈 v2 말차 10포,,기타,8900,real,,128,12.19,30.07,1.51,0.14,5.0,,,,,,20,https://product-image.kurly.com/product/image/5d3ffd16-0e1a-41e2-a099-9c9161c5e952.jpg,,https://www.kurly.com/goods/1001451731,kurly
[하림] 오!늘단백바 2종 48g 12개입,,간식/디저트,27600,real,,365,6.25,37.5,33.33,14.58,521.0,,,"말토덱스트린,폴리글리시톨액,말티톨",,"* 대두, 우유, 닭고기, 쇠고기 함유",20,https://product-image.kurly.com/product/image/f8c551f6-1fb9-4d29-96e9-3a26bc3840ed.jpg,,https://www.kurly.com/goods/1001333456,kurly
[파스퇴르] 바른목장 소화가 잘되는 우유 (200mL X 20개),,유제품,21070,real,,65,3.0,5.0,3.0,3.6,50.0,,,,,"- 우유 함유
- 대두, 밀, 계란, 토마토를 사용한 제품과 같은 시설에서 제조",20,https://img-cf.kurly.com/shop/data/goods/1652938625974l0.jpg,,https://www.kurly.com/goods/5138444,kurly
[동화약품] 부채표 배러푸룬 120ml 10입,,기타,14000,real,,80,2.44,21.2,0.17,0.01,6.0,,,"스테비올 배당체,아세설팜칼륨,말토덱스트린,D-소비톨액",,* 우유 함유,20,https://product-image.kurly.com/product/image/b4588da7-d4fb-4018-898e-940df2499eaa.jpg,,https://www.kurly.com/goods/1001397046,kurly
[비락] 올바른 소화가 잘되는 우유 (180mL X 12개),,유제품,12900,real,,64,2.22,5.56,2.78,3.33,42.0,,,,,*우유 함유,20,https://product-image.kurly.com/product/image/1ed74551-bb12-48b7-b847-6d713488717d.jpg,,https://www.kurly.com/goods/1001310094,kurly
[푸드올로지] 지중해 오일만 클렌즈 10포,,기타,24900,real,,373,59.78,90.6,3.09,0.55,340.0,,,,,"*본 제품은 알류(가금류),우유,땅콩,대두,밀,고등어,게,새우,돼지고기,복숭아,토마토,아황산류,호두,닭고기,쇠고기,오징어,조개류(굴,전복 포함),잣을 사용한 제품과 같은 제조시설에서 제조하고 있습니다. ",20,https://product-image.kurly.com/product/image/bd468b24-1bc8-4dfc-a34f-ca7b375ef792.jpg,,https://www.kurly.com/goods/1001874400,kurly
[오니스트] 트리플샤인 포도 14포,,기타,34900,real,,158,28.64,38.43,0.57,0.17,43.0,,,,,"※ 본 제품은 알류(가금류), 우유, 메밀, 땅콩, 대두, 밀, 고등어, 게, 새우, 돼지고기, 토마토, 복숭아, 아황산류, 호두, 닭고기, 쇠고기, 오징어, 조개류(굴, 전복, 홍합 포함), 잣을 사용한 제품과 같",20,https://product-image.kurly.com/product/image/b308cb3e-1f8b-4bab-abda-249f47444325.jpg,,https://www.kurly.com/goods/1000740598,kurly
[메디슨벨] 마시는 샐러드 14포,,기타,26900,real,,380,25.0,95.0,0.0,0.0,0.0,,,,,"*특이체질, 알레르기 체질의 경우에는 개인에 따라 과민 반응을 나타낼 수 있으므로 원료를 확인 후 섭취 바랍니다.",20,https://product-image.kurly.com/product/image/6233ac59-12de-49b9-ad32-eecf59d0286f.jpg,,https://www.kurly.com/goods/1001877806,kurly
[티젠] 콤부차 파인애플 50개입,,기타,17900,real,,300,0.0,80.0,0.0,0.0,3200.0,,,,,,20,https://product-image.kurly.com/product/image/3371ae1f-5992-4122-a54b-2807ba4c3074.jpg,,https://www.kurly.com/goods/1001336450,kurly
[티젠] 콤부차 피치 50개입,,기타,16900,real,,300,0.0,80.0,0.0,0.0,3200.0,,,"말토덱스트린,수크랄로스,에리스리톨",,,20,https://product-image.kurly.com/product/image/36e669eb-e851-4c10-9c2a-e013e633fe3f.jpg,,https://www.kurly.com/goods/1001336446,kurly
[슬로우글로우] 아르기닌 슈퍼 블루밍 구미 (30구미),,기타,18900,real,,243,22.8,72.89,4.26,0.12,163.0,,,,,"*특이체질, 알레르기 체질의 경우에는 개인에 따라 과민 반응을 나타낼 수 있으므로 원료를 확인 후 섭취 바랍니다.",20,https://product-image.kurly.com/product/image/4569e8b9-996b-42eb-a2a2-0f37780e4d15.jpg,,https://www.kurly.com/goods/1001483383,kurly
[동서] 애사비콤부차 파인애플망고 30개입,,기타,17480,real,,240,0.0,80.0,0.0,0.0,3400.0,,,,,"* 우유, 대두 함유",20,https://product-image.kurly.com/product/image/79df0c9f-17f1-46b3-b21e-57354fd55d5e.jpg,,https://www.kurly.com/goods/1001415106,kurly
[맥널티] 스테비아 단백질 크림라떼 (18g X 20개) 2종 (택1),,음료,5940,real,무첨가당,306,5.56,77.78,5.56,8.33,278.0,,,스테비아,,,20,https://product-image.kurly.com/product/image/d206fbb9-b4b7-4de5-8d24-51726d4cc713.jpg,,https://www.kurly.com/goods/1001352394,kurly
[슬로우글로우] 콜라겐 피치 핏치 구미 (30구미),,음료,14175,real,,293,14.17,86.44,0.51,0.14,226.0,,,,,"*대두, 복숭아 함유",20,https://product-image.kurly.com/product/image/781c2756-107e-48f1-a237-a6a8399929ae.jpg,,https://www.kurly.com/goods/1001483379,kurly
[동서] 애사비콤부차 피치패션프룻 10개입,,기타,5540,real,,240,0.0,80.0,0.0,0.0,3400.0,,,,,"* 우유, 대두, 복숭아 함유",20,https://product-image.kurly.com/product/image/5e6c0615-c9fc-4702-9918-3e5412c53cd6.jpg,,https://www.kurly.com/goods/1001415098,kurly
[동서] 애사비콤부차 레몬라임 30개입,,기타,17480,real,,240,0.0,80.0,0.0,0.0,3200.0,,,,,"* 우유, 대두 함유",20,https://product-image.kurly.com/product/image/6b92afaf-d12f-4f75-bbff-bc4906511c2d.jpg,,https://www.kurly.com/goods/1001415102,kurly
[더단백] 그래놀라 단백질 40g,,간식/디저트,10900,real,,403,7.3,49.99,35.16,6.97,185.0,,,,,"*대두, 우유 함유",20,https://product-image.kurly.com/product/image/42cc6d4d-9419-4535-91a9-390300c4668b.jpg,,https://www.kurly.com/goods/1002167878,kurly
[낫띵베럴] 드링킷 유기농 마시는 샐러드 100mL * 24개입,,기타,32900,real,,45,11.0,11.0,0.7,0.0,40.0,,,,,"*특이체질, 알레르기 체질의 경우에는 개인에 따라 과민 반응을 나타낼 수 있으므로 원료를 확인 후 섭취 바랍니다.",20,https://product-image.kurly.com/product/image/b3563405-738f-41cf-b034-49885d6502a9.jpg,,https://www.kurly.com/goods/1002104085,kurly
[GRN] 리셋브이캔디 1박스 28정,,간식/디저트,12900,real,,378,94.54,94.54,0.0,0.0,21.0,,,,,"*우유, 토마토, 복숭아, 대두 함유",20,https://product-image.kurly.com/product/image/c32f83f0-ac36-4158-a44b-1b013c534b79.jpg,,https://www.kurly.com/goods/1001397038,kurly
[프롬잇] 단백질쉐이크 7개입 2종,,건강기능식품,27790,real,,333,7.69,48.47,40.53,1.45,373.0,,,"효소처리스테비아,에리스리톨,스테비아",,"초코맛: 대두, 메밀, 밀 함유
블루베리그릭요거트맛: 대두, 쇠고기, 우유 함유",20,https://product-image.kurly.com/product/image/95be81fc-449a-46f5-89a3-1798e8151661.jpg,,https://www.kurly.com/goods/1001971399,kurly
[티젠] 애사비 소다 오리지널 (500mlX6개),,기타,11900,real,,1,0.0,0.8,0.0,0.0,12.0,,,,,,20,https://product-image.kurly.com/product/image/ae12255c-4827-451a-8730-c9c36f6cf583.jpg,,https://www.kurly.com/goods/1001894290,kurly
[SUPERRACA] 포샤인 저분자콜라겐 (30일분),,음료,18000,real,,378,15.6,28.3,66.1,0.0,102.0,,,,,"*특이체질, 알레르기 체질의 경우에는 개인에 따라 과민 반응을 나타낼 수 있으므로 원료를 확인 후 섭취 바랍니다.",20,https://product-image.kurly.com/product/image/c773759e-6e4d-46cc-9648-9e543d352713.jpg,,https://www.kurly.com/goods/1001811083,kurly
"[베러밀]프로틴 밸런스 쉐이크 45g 7개입 4종, 택1",,건강기능식품,28900,real,,420,20.0,48.0,36.0,8.8,540.0,,,,,"*특이체질, 알레르기 체질의 경우에는 개인에 따라 과민 반응을 나타낼 수 있으므로 원료를 확인 후 섭취 바랍니다.",20,https://product-image.kurly.com/product/image/eeb4cd20-9311-4e29-907c-33fae74e9228.jpg,,https://www.kurly.com/goods/1002280229,kurly
[메디웰] 감사 선물세트 2호,,음료,24700,real,,348,10.0,72.0,8.0,3.6,313.0,,,,,"*대두, 우유 함유",20,https://product-image.kurly.com/product/image/cc72849e-b778-4f4a-b9fb-a5f0ac23eada.jpg,,https://www.kurly.com/goods/1001928382,kurly
"[닥터트루] 다이어트 식사 산양유 초유 단백질 쉐이크 보충제 750g 6종, 택1",,건강기능식품,31900,real,,369,24.5,45.3,41.6,2.4,439.0,,,,,"*특이체질, 알레르기 체질의 경우에는 개인에 따라 과민 반응을 나타낼 수 있으므로 원료를 확인 후 섭취 바랍니다.",20,https://product-image.kurly.com/product/image/f16863e1-7b0d-4190-8d26-d31db7503360.jpg,,https://www.kurly.com/goods/1002181258,kurly
[빙그레] GLC 더케어 당뇨영양식 18개입,,음료,31900,real,,100,0.5,10.5,5.0,4.75,75.0,,,,,"*우유, 대두 함유",20,https://product-image.kurly.com/product/image/78f836fc-e0bc-42c6-a0e0-ff207f146592.jpg,,https://www.kurly.com/goods/1002167892,kurly
[페르케노] 이탈리아 카카오 젤라또 (100mL X 4개입),,간식/디저트,13400,real,,125,17.5,21.8,3.1,2.8,23.0,,,,,- 우유 함유,20,https://product-image.kurly.com/product/image/ac64e915-6045-4a72-9a4a-221387937119.jpg,,https://www.kurly.com/goods/1002298267,kurly
[푸드올로지] 발효 진저 크리스피,,기타,19900,real,,334,0.3,90.8,0.2,2.7,20.0,,,,,"*특이체질, 알레르기 체질의 경우에는 개인에 따라 과민 반응을 나타낼 수 있으므로 원료를 확인 후 섭취 바랍니다.",20,https://product-image.kurly.com/product/image/f4a206aa-f5b3-4fd8-9d51-ec8b843d7b88.jpg,,https://www.kurly.com/goods/1001874402,kurly
"[컨디션] 컨디션 스틱 18g x 10포 (그린애플, 자두, 망고, 컨디션) 4종 (택1)",,건강기능식품,11600,real,,117,0.32,27.77,1.53,0.01,269.0,,,"아세설팜칼륨,나한과추출분말,수크랄로스,에리스리톨,알룰로스,자일리톨",,,20,https://product-image.kurly.com/product/image/cb9f7ef0-1fc4-42ed-9625-7edc703d240f.jpg,,https://www.kurly.com/goods/1001876779,kurly
[바다원] 저당 김자반 40g*2봉,,수산가공품,4950,real,저당류,491,0.0,49.08,7.25,36.65,1143.0,,,,,"- 대두 함유
- 본 제품은 우유, 메밀, 땅콩, 밀, 고등어, 게, 새우, 복숭아, 토마토, 아황산류, 호두, 오징어, 조개류(굴, 전복, 홍합 포함), 잣을 사용한 제품과 같은 제조시설에서 제조하고 있습니다.",20,https://product-image.kurly.com/product/image/fa36c20a-fd6e-4a64-907f-8296acd493f7.jpg,,https://www.kurly.com/goods/1002121428,kurly
[딥트3일] 스트롱 플러스 (7.5일분) 15포,,기타,26010,real,,425,0.0,68.75,16.25,8.75,13.0,,,,,"*우유, 대두, 밀, 메밀 함유",20,https://product-image.kurly.com/product/image/89b8e041-ca10-4c31-a91a-8756a0db1ebd.jpg,,https://www.kurly.com/goods/1001510744,kurly
[올핏] 당제로 이지어트 애플사이다 비니거 14포,,음료,9900,real,무당류,67,0.0,18.0,0.0,0.0,0.0,,,"효소처리스테비아,말토덱스트린,알룰로스,스테비아",,,20,https://product-image.kurly.com/product/image/bdb7e54e-dcfb-4eaa-80c7-6eb17693eee0.jpg,,https://www.kurly.com/goods/1001032553,kurly
[배대감] 저당 저칼로리 알룰로스 2종 (택1),,조미료/소스,6200,real,저당류,25,2.0,72.0,0.0,0.0,5.0,,,알룰로스,,,20,https://product-image.kurly.com/product/image/fe36d574-069d-4d00-bdbf-d701cef216f9.jpg,,https://www.kurly.com/goods/1001468189,kurly
[올핏] 당제로 이지어트 파인애플사이다 비니거 14포,,음료,9900,real,무당류,3,0.0,3.71,0.0,0.0,19.0,,,,,"*대두, 토마토 함유",20,https://product-image.kurly.com/product/image/d010f7ce-a275-4965-aae7-72a5be7275c8.jpg,,https://www.kurly.com/goods/1001032555,kurly
[팔팔호랑이] 알룰로스 생강청 ZERO 480g,,음료,25900,real,무첨가당,330,0.27,81.8,0.2,0.22,0.0,,,알룰로스,,,20,https://product-image.kurly.com/product/image/e6a4f83b-8b33-40a1-bd5f-41b9003c4e5c.jpg,,https://www.kurly.com/goods/1001293028,kurly
[저당미식] 설탕을 넣지 않은 간장 돼지불고기 500g (냉동),,조미료/소스,7900,real,저당류,200,0.3,8.0,13.0,16.0,340.0,,,,,"쇠고기, 돼지고기, 대두, 밀, 우유 함유",20,https://product-image.kurly.com/product/image/4cfe1677-0c23-4dae-8ad7-b6a747ee356a.jpg,,https://www.kurly.com/goods/1001853597,kurly
[에르코] 제로슈가 마시멜로우 50g,,간식/디저트,1380,real,무당류,208,0.0,80.0,4.0,0.0,100.0,,,,,,20,https://product-image.kurly.com/product/image/01aa97c0-1752-493a-9369-232115cbadd2.jpg,,https://www.kurly.com/goods/1001958480,kurly
[롯데칠성] 마운틴듀 제로 210mL*30개,,음료,15600,real,무당류,0,0.0,0.01,0.01,0.0,5.0,,,,,,20,https://product-image.kurly.com/product/image/176a9532-e625-442d-b0e1-b350a52b2312.jpg,,https://www.kurly.com/goods/1002117751,kurly
포카리스웨트 1.5L,,음료,3200,real,,25,6.0,6.0,0.0,0.0,50.0,,,,,,20,https://img-cf.kurly.com/shop/data/goods/1608735468506l0.jpg,,https://www.kurly.com/goods/5063982,kurly
슬림톡 콤부차 모로오렌지15포,,기타,7900,real,,300,0.0,5.33,0.0,0.0,240.0,,,,,"이 제품은 오징어,게,호두,쇠고기,돼지고기,닭고기,밀,계란,땅콩,복숭아,잣,메밀,토마토,고등어,새우,아황산류를 사용한 제품과 같은 제조시설에서 제조하고 있습니다.",20,https://img-cf.kurly.com/shop/data/goods/1658395478597l0.jpg,,https://www.kurly.com/goods/5152936,kurly
[요플레] ZERO 무당 플레인 요거트 700mL,,유제품,4980,real,무첨가당,88,12.5,12.5,3.25,2.5,63.0,,,알룰로스,,"- 우유, 대두 함유",20,https://product-image.kurly.com/product/image/2fe6416f-aaad-40b5-aa9f-ccacca0e530d.jpg,,https://www.kurly.com/goods/1000812438,kurly
[풀무원] 지구식단 두유면 들기름 막국수,,유제품,5980,real,,100,1.42,10.44,3.32,5.7,418.0,,,,,"- 메밀, 대두, 밀 함유
- 해당 제품은 우유, 땅콩, 고등어, 게, 새우, 돼지고기, 복숭아, 토마토, 아황산류, 호두, 닭고기, 쇠고기, 오징어, 잣, 알류, 조개류(굴, 홍합, 전복 포함)을 사용한 제품과 같",20,https://product-image.kurly.com/product/image/eb374572-9094-461f-84fb-fc9fae389b3b.jpg,,https://www.kurly.com/goods/1001249064,kurly
[라라스윗] 저당 생요거트 복숭아 아이스크림 474mL,,간식/디저트,6715,real,저당류,244,21.0,27.0,4.0,12.0,45.0,,,,,"- 우유, 복숭아 함유",20,https://product-image.kurly.com/product/image/e4289ff5-2d41-466e-b5a8-89d59e3c18b2.jpg,,https://www.kurly.com/goods/1001740660,kurly
[파스퇴르] 바른목장 소화가 잘되는 우유 2.3L,,유제품,11900,real,,68,3.2,4.8,3.2,4.0,52.0,,,,,- 우유 함유,20,https://img-cf.kurly.com/shop/data/goods/165579572020l0.jpg,,https://www.kurly.com/goods/5144681,kurly
[슬로우글로우] 글루타치온 블링 구미 (30구미),,기타,18900,real,,272,13.46,84.37,1.96,0.15,250.0,,,,,*대두 함유,20,https://product-image.kurly.com/product/image/01089d78-0662-4802-b03b-5b6ce173b221.jpg,,https://www.kurly.com/goods/1001483381,kurly
[슈퍼브레시피] 진저샷 (15일분),,기타,19900,real,,52,10.0,12.67,0.33,0.0,3.0,,,,,"* 임산부, 수유부, 알레르기 체질, 치료를 받고 계신 분은 섭취 전 구입처 또는 소비자 상담실로 문의하시기 바랍니다.",20,https://product-image.kurly.com/product/image/01bbe929-0a73-4e5d-bbf0-dd9eedc94478.jpg,,https://www.kurly.com/goods/1001132635,kurly
[티젠] 콤부차 매실액상 선물세트 28포,,기타,14970,real,,10,0.67,2.33,0.15,0.03,4.0,,,,,"* 본 제품은 알류(가금류),우유,땅콩,대두,밀,고등어,게,새우,돼지고기,복숭아,토마토,아황산류,호두,닭고기,쇠고기,오징어,조개류(굴,전복 포함),잣을 사용한 제품과 같은 제조시설에서 제조하고 있습니다. ",20,https://product-image.kurly.com/product/image/ed0322f9-cf97-4e90-bf8e-a98495b4fe9d.jpg,,https://www.kurly.com/goods/1001323168,kurly
[마미케어] 작심3일 클렌즈 주스 10포,,음료,42900,real,,71,10.41,17.03,0.36,0.11,3.0,,,,,"* 특이체질, 알레르기 체질의 경우에는 개인에 따라 과민 반응을 나타낼 수 있으므로 원료를 확인 후 섭취 바랍니다.",20,https://product-image.kurly.com/product/image/9c51f0b3-6f6f-44d7-ae26-ef93eacdeab1.jpg,,https://www.kurly.com/goods/1001489024,kurly
[대상웰라이프] 뉴케어 오트아몬드맛 200mL 30팩,,음료,54900,real,,100,3.47,15.0,3.53,3.0,77.0,,,,,"*대두, 우유 함유",20,https://product-image.kurly.com/product/image/40f33428-2108-448e-b380-b14ea2eb6888.jpg,,https://www.kurly.com/goods/1001875305,kurly
[메디웰] 감사 선물세트 1호,,음료,25000,real,,345,9.0,70.0,8.0,4.3,307.0,,,,,"*대두, 우유 함유",20,https://product-image.kurly.com/product/image/8f53757f-ec64-4271-8bb3-0d9696778423.jpg,,https://www.kurly.com/goods/1001928380,kurly
[메디웰] 혈당관리 선물세트 1호,,음료,29500,real,,345,9.0,70.0,8.0,4.3,307.0,,,,,"*대두, 우유, 호두 함유",20,https://product-image.kurly.com/product/image/75e99c5e-c281-462a-a8fc-d3acead90d2b.jpg,,https://www.kurly.com/goods/1001928384,kurly
"[라라스윗] 저당 딥크림 웨하스 2종, 택1",,간식/디저트,5900,real,저당류,522,3.0,64.0,5.0,27.0,87.0,,,,,"- 밀, 대두, 우유 함유
* 달걀, 땅콩, 아황산류, 조개류(굴) 혼입 가능",20,https://product-image.kurly.com/product/image/c4f04bc4-e623-40a4-bd90-e6480cd1d55e.jpg,,https://www.kurly.com/goods/1002096068,kurly
"[라라스윗] 저당 콘스낵 2종, 택1",,간식/디저트,1700,real,저당류,404,3.44,81.45,3.91,12.34,168.0,,,"수크랄로스,이소말트",,"- 토피넛콘 : 대두, 우유, 땅콩, 밀, 아황산류
* 달걀, 게, 새우, 닭고기, 돼지고기, 오징어 혼입 가능

- 바나나콘 : 대두, 우유, 쇠고기
* 밀, 땅콩, 달걀, 게, 새우, 닭고기, 돼지고기, 오징어,",20,https://product-image.kurly.com/product/image/c23e7582-37d3-4e6c-8815-18546644a981.jpg,,https://www.kurly.com/goods/1002203525,kurly
[브로드카세] 저당 멀티그레인 통밀브레드,,간식/디저트,7000,real,저당류,281,1.48,42.61,11.39,9.89,293.0,,,,,"-밀, 대두, 호두 함유
-이 제품은 우유, 계란, 메밀, 땅콩, 대두, 밀, 고등어, 게, 새우, 돼지고기, 복숭아, 토마토, 호두, 닭고기, 쇠고기, 오징어, 잣, 조개류(굴, 전복, 홍합 포함) 등을 사용한 제",20,https://product-image.kurly.com/product/image/c93035ae-764a-4440-afc5-8c6217e85cf3.jpg,,https://www.kurly.com/goods/1000908653,kurly
[라라스윗] 저당 생우유 모나카 (140mL X 4개) ,,간식/디저트,7520,real,저당류,86,2.86,15.72,2.86,4.29,36.0,,,,,"- 우유,밀,계란(달걀),대두 함유 (공통)
- 땅콩, 호두, 메밀, 복숭아, 토마토, 돼지고기 혼입 가능 (공통)",20,https://product-image.kurly.com/product/image/07e2b13c-861e-457e-8fd7-d3bb3c6b195d.jpg,,https://www.kurly.com/goods/1000068528,kurly
[마이노멀] 저당 아이스크림 3종 (택1),,간식/디저트,8640,real,저당류,111,2.0,14.6,2.5,7.6,25.0,,,,,"- 우유, 계란 함유
* 이 제품은 땅콩, 대두, 밀, 복숭아, 메밀, 토마토, 호두, 게를 사용한 제품과 같은 제조시설에서 제조하고 있습니다. ",20,https://product-image.kurly.com/product/image/8b7f4365-ca45-429f-b2ea-168efcc81b09.jpg,,https://www.kurly.com/goods/1001090667,kurly
[틸리셔스] 수제 저당 밀크티 500mL,,음료,7500,real,저당류,45,1.09,8.06,1.31,0.88,25.0,,,,,"- 우유, 대두 함유",20,https://product-image.kurly.com/product/image/3665d77c-8c85-4233-9741-81bc364e2d5f.jpg,,https://www.kurly.com/goods/1001626478,kurly
[비비드키친] 저당 치폴레 소스 265g,,조미료/소스,4910,real,저당류,395,30.0,76.0,5.0,8.0,2560.0,,,,,"달걀, 대두, 토마토 함유
※ 이 제품은 우유, 메밀, 땅콩, 밀, 고등어, 게, 새우, 돼지고기, 복숭아, 아황산류, 호두, 닭고기, 쇠고기, 오징어, 조개류(굴,전복,홍합 포함), 잣을 사용한 제품과 같은 제조 ",20,https://product-image.kurly.com/product/image/b2eeb5f6-5550-4830-ac22-d4a335ac59fb.jpg,,https://www.kurly.com/goods/1000977404,kurly
[CJ] 주부초밥왕 저당 롤유부초밥 229g,,수산가공품,3480,real,저당류,168,1.12,11.35,8.14,10.0,625.0,,,,,"대두, 밀, 알류 함유",20,https://product-image.kurly.com/product/image/303507b5-ab47-4201-9f62-e48e2b909d94.jpg,,https://www.kurly.com/goods/1002339526,kurly
[비비드키친] 저당 쌈장 소스 300g,,조미료/소스,5780,real,저당류,75,2.0,22.0,4.0,2.6,2130.0,,,,,"대두, 밀 함유
※ 이 제품은 알류,우유,메밀,땅콩,고등어,게,새우,돼지고기,복숭아,토마토,호두,닭고기, 쇠고기,오징어,조개류(굴,전복,홍합 포함), 아황산류, 잣을 사용한 제품과 같은 제조시설에서 제조하고 있습니다",20,https://product-image.kurly.com/product/image/17267389-cc62-4ad1-a4ec-db8a1d471a87.jpg,,https://www.kurly.com/goods/1000952179,kurly
[Project H] 고단백 저당 모닝빵 150g,,간식/디저트,4900,real,저당류,300,2.6,40.0,12.0,8.8,460.0,,,,,"- 알류(달걀), 우유, 밀, 대두 함유
- 본 제품은 돼지고기, 땅콩, 복숭아, 아황산류, 호두를 사용한 제품과 같은 제조시설에서 제조하고 있습니다.",20,https://product-image.kurly.com/product/image/0237289f-80f6-4502-916c-09ef570f9eef.jpg,,https://www.kurly.com/goods/1001328037,kurly
[비비드키친] 저당 겨자냉채소스,,조미료/소스,2940,real,저당류,169,36.0,37.0,2.0,1.5,1440.0,,,,,-대두 함유,20,https://product-image.kurly.com/product/image/5beb4c19-8512-4e87-b462-4842a267866c.jpg,,https://www.kurly.com/goods/1002385377,kurly
[쿡생] 렌지큐 저당 로제 떡볶이,,간식/디저트,5487,real,저당류,132,2.1,25.3,1.3,2.8,456.0,,,,," - 우유, 대두, 밀, 돼지고기, 쇠고기 함유
 - 본 제품은 알류(가금류), 메밀, 땅콩, 고등어, 게, 새우, 복숭아, 토마토, 아황산류, 호두, 닭고기, 오징어, 조개류(굴, 전복, 홍합포함), 잣을 사용한 ",20,https://product-image.kurly.com/product/image/1299e3f3-0ff3-4f4d-9d04-b0e84ed30f91.jpg,,https://www.kurly.com/goods/1001503307,kurly
[CJ] 주부초밥왕 저당 유부초밥 280g,,수산가공품,3980,real,저당류,145,4.0,14.0,7.0,7.0,750.0,,,,,"대두, 밀, 알류 함유",20,https://product-image.kurly.com/product/image/8c9d0c2d-e872-43a4-9061-84a8309ae62f.jpg,,https://www.kurly.com/goods/1002339528,kurly
[비비드키친] 저당 시오다래소스 210g,,조미료/소스,3980,real,저당류,50,1.0,11.0,1.0,2.5,2090.0,,,,,대두 함유,20,https://product-image.kurly.com/product/image/29b313f5-bcc1-4bec-8abe-765cd635a24e.jpg,,https://www.kurly.com/goods/1001434550,kurly
[비비드키친] 저당 볶음고추장 300g,,조미료/소스,6280,real,저당류,113,1.66,17.81,6.65,4.94,2614.0,,,,,"대두,밀,쇠고기,우유,돼지고기 함유",20,https://product-image.kurly.com/product/image/6f51d941-e443-4fae-a952-becba7d04bd2.jpg,,https://www.kurly.com/goods/1000561979,kurly
[샐러디] 고단백 저당 두부 부리또 4종 2개입 (택1),,기타,7200,real,저당류,187,3.07,11.85,14.79,8.96,325.0,,,,,옵션별 상이하여 하단 표시사항 참고 부탁드립니다. ,20,https://product-image.kurly.com/product/image/a5d7fc24-de10-48d6-8229-17a4b9569b8c.jpg,,https://www.kurly.com/goods/1002003592,kurly
[닥터넛츠] 저당 다크초콜릿 견과 3종,,간식/디저트,9900,real,저당류,544,0.6,40.1,9.0,47.7,15.0,,,,,"- 다크초콜릿 아몬드 / 피칸 : 대두 함유
- 다크초콜릿 호두: 호두, 대두 함유
공통) 우유,호두,밀,메밀 과 같은 시설에서 제조",20,https://img-cf.kurly.com/shop/data/goods/1599113436519l0.jpg,,https://www.kurly.com/goods/5055529,kurly
[비비드키친] 저당 닭가슴살 브리또 9종 2개입 (택1),,육가공품,6240,real,저당류,201,0.81,25.42,9.68,6.73,641.0,,,,,"옵션별 상이하여 컨텐츠 하단 이미지 참고 부탁 드립니다.
",20,https://product-image.kurly.com/product/image/747f7d61-d57a-48f3-a5a1-90d75853f515.jpg,,https://www.kurly.com/goods/1001150374,kurly
[비비드키친] 계란에 한 스푼 저당 계란간장소스,,조미료/소스,5420,real,저당류,75,0.0,9.0,4.0,2.2,2352.0,,,,,"-대두, 밀, 고등어, 조개류(굴) 함유",20,https://product-image.kurly.com/product/image/0e061f61-a3e6-4f47-8ba7-541c387c0f63.jpg,,https://www.kurly.com/goods/1002385383,kurly
[스키니피그] 저당 파인트 아이스크림 474mL 10종(택1),,간식/디저트,5530,real,저당류,55,3.0,16.0,2.0,3.4,50.0,,,,,"- 생우유/말차/초코 크런치 : 우유,대두,달걀 함유
- 초코 : 우유,달걀 함유
- 복숭아 : 우유,복숭아 함유 
- 수박 : 우유, 대두, 땅콩 함유
- 화이트벨벳 : 우유, 달걀 대두, 밀 함유
* 밀,땅콩,메",20,https://product-image.kurly.com/product/image/063a6752-03c6-4529-bd1a-91c928cbbbae.jpg,,https://www.kurly.com/goods/1001565674,kurly
[올드페리도넛] 저당 우유크림 도넛 130g*2개입,,간식/디저트,9900,real,저당류,270,1.4,21.9,5.1,18.1,240.0,,,,,"- 밀, 대두, 우유, 달걀 함유
- 본 제품은 땅콩을 사용한 제품과 같은 제조시설에서 제조하고 있습니다.",20,https://product-image.kurly.com/product/image/abc1a2ba-ef81-439b-a721-da98ecd6880a.jpg,,https://www.kurly.com/goods/1002238568,kurly
[그릭데이] 플레인 요거트 저당 스위트 1.8L,,유제품,7980,real,저당류,69,4.0,8.0,3.0,3.2,55.0,,,알룰로스,,-우유 함유,20,https://product-image.kurly.com/product/image/3687f545-b52f-4ae2-acd8-ac6f1a56d7fa.jpg,,https://www.kurly.com/goods/1002317916,kurly
[11시 45분] 전복 계란말이 두부저당김밥,,주식/면류,5000,real,저당류,117,0.4,19.8,7.1,5.1,264.0,,,,,"알류(계란), 대두, 우유, 쇠고기 함유",20,https://product-image.kurly.com/product/image/4e3a49ea-ebda-4a0d-a3b2-c29efb5072c2.jpg,,https://www.kurly.com/goods/1001440516,kurly
[닥터로빈] 저당 토마토 비프 라자냐,,주식/면류,11543,real,저당류,167,2.2,15.5,9.9,7.3,279.0,,,,,"- 밀, 대두, 계란, 우유, 토마토, 소고기, 아황산류 함유
- 이 제품은 메밀, 땅콩, 고등어, 게, 새우, 돼지고기, 복숭아, 호두, 닭고기, 오징어, 조개류(굴, 전복, 홍합 포함), 잣을 사용한 제품과 같은",20,https://product-image.kurly.com/product/image/e51a5982-9aea-4105-9258-8c618ee8897c.jpg,,https://www.kurly.com/goods/1000433359,kurly
[그림의빵] 저당고단백 크림빵 4종 (택1),,간식/디저트,4800,real,저당류,229,1.42,20.07,13.57,15.28,385.0,,,"효소처리스테비아,말토덱스트린,에리스리톨,스테비아",,"우유 크림빵, 초코 크림빵 : 계란, 우유, 밀, 대두 함유
흑임자 크림빵 : 대두, 아황산류, 밀, 알류(계란), 우유 함유
딸기 크림빵 :  알류(계란),우유, 밀, 대두, 아황산류 함유
-메밀, 땅콩, 고등어,",20,https://product-image.kurly.com/product/image/de790c79-8897-4543-aa24-b9591c061e3c.jpg,,https://www.kurly.com/goods/5098850,kurly
[비비드키친] 저당 불고기양념 240g,,조미료/소스,5280,real,저당류,123,3.31,25.47,3.56,0.78,2009.0,,,,,"대두, 밀 함유
이 제품은 알류, 우유, 메밀, 땅콩, 고등어, 게, 새우, 돼지고기, 복숭아, 토마토, 아황산류, 호두, 닭고기, 쇠고기, 오징어, 조개류(굴, 전복, 홍합 포함), 잣을 사용한 제품과 같은 제조시",20,https://product-image.kurly.com/product/image/4fec1376-fb32-4661-8b74-dc3bec8725fa.jpg,,https://www.kurly.com/goods/1001397496,kurly
[하인즈] 리듀스드 슈가 케찹 369g (저당),,조미료/소스,5780,real,저당류,36,4.0,7.0,2.0,0.0,1210.0,,,,,"-토마토 함유
",20,https://img-cf.kurly.com/shop/data/goods/1651543444819l0.jpg,,https://www.kurly.com/goods/5118506,kurly
[마켓오네이처] 오! 그래놀라 저당 통보리 360g,,간식/디저트,6630,real,저당류,487,4.33,70.0,6.67,20.0,200.0,,,,,"- 밀, 우유, 대두, 땅콩 함유
- 달걀, 호두, 복숭아, 토마토, 돼지고기, 쇠고기, 닭고기, 오징어, 새우, 게, 고등어, 조개류(굴, 홍합) 혼입 가능",20,https://product-image.kurly.com/product/image/7009258c-74e8-4a4b-a92a-891fc112b2f4.jpg,,https://www.kurly.com/goods/1000975898,kurly
[그로서리서울] 저당 피타브레드 샌드위치 (4입) 6종,,기타,14800,real,저당류,372,0.44,42.51,8.45,18.71,214.0,,,,,"- 햄치즈 : 계란, 우유, 대두, 밀, 돼지고기, 아황산류, 닭고기, 쇠고기 ,조개류(굴) 함유
- 바질 치즈 : 계란, 우유, 대두, 밀 함유
- 토마토 바질 : 계란, 우유, 대두, 밀, 새우, 토마토, 닭고기",20,https://product-image.kurly.com/product/image/3df34cd1-3bad-4fcb-8bb0-ecaaecba3dc5.jpg,,https://www.kurly.com/goods/1001994111,kurly
[고메공방] 저당 페스츄리 크림 소금빵 (60g X 3개),,간식/디저트,6410,real,저당류,372,0.44,42.51,8.45,18.71,214.0,,,,,"- 우유, 대두, 계란, 밀 함유
- 이 제품은 땅콩, 대두, 돼지고기, 닭고기를 사용한 제품과 같은 제조시설에서 제조하고 있습니다.",20,https://product-image.kurly.com/product/image/faa73efc-7aa5-4d50-ae73-ca179b9078f9.jpg,,https://www.kurly.com/goods/1002303958,kurly
[라라스윗] 칼로리가 가벼운 아이스크림 474mL 9종 (택1),,간식/디저트,6320,real,,80,3.0,17.0,1.0,3.8,30.0,,,,,옵션별 상이(상세페이지 참조),20,https://product-image.kurly.com/product/image/ab755bef-85f3-4d16-b8d1-f703d9bae3f4.jpg,,https://www.kurly.com/goods/5013500,kurly
[대상웰라이프] 뉴케어 당플랜 저당 안심 크런치칩 어니언맛 40g,,간식/디저트,2500,real,저당류,463,1.25,57.5,17.5,20.0,425.0,,,수크랄로스,,"- 대두 함유
* 우유, 알류(가금류), 메밀, 땅콩, 밀, 고등어, 게, 새우, 돼지고기, 복숭아, 토마토, 아황산류, 호두, 닭고기, 쇠고기, 오징어, 조개류(굴, 전복, 홍합 포함) 잣 혼입 가능",20,https://product-image.kurly.com/product/image/2198c13b-3cb0-4c11-b95c-12ed431d2d80.png,,https://www.kurly.com/goods/1002023053,kurly
[면사랑] 덜짠저당 동치미육수 340g*5개입,,조미료/소스,4380,real,저당류,10,0.29,2.35,0.29,0.0,459.0,,,,,하단 표시사항 참조,20,https://product-image.kurly.com/product/image/eb36212b-1bb3-462e-8aca-b938ee2a37cf.jpg,,https://www.kurly.com/goods/1002171375,kurly
[심플잇] 저당 단백질바 30g x 4개입,,간식/디저트,3480,real,저당류,458,3.33,41.67,19.17,25.83,134.0,,,,,"* 밀, 땅콩, 대두 함유",20,https://product-image.kurly.com/product/image/630e4455-aa6e-4017-804c-c05d9edf7966.jpg,,https://www.kurly.com/goods/1001846969,kurly
[집반찬연구소] 저당고추장 나물 비빔밥 (2인분),,조미료/소스,10030,real,저당류,85,3.0,9.0,4.0,3.7,480.0,,,,,"- 계란, 우유, 대두, 밀, 돼지고기, 소고기, 오징어, 조개류(굴, 바지락) 함유
*본 제품은 게, 새우, 고등어, 땅콩, 우유, 알류, 메밀, 대두, 밀, 돼지고기, 복숭아, 토마토, 호두, 닭고기, 소고기, ",20,https://product-image.kurly.com/product/image/a5f76324-8eb4-4f11-9e8f-54a219518655.jpg,,https://www.kurly.com/goods/1001385123,kurly
[저당미식] 설탕을 넣지 않은 제육볶음 500g (냉동),,조미료/소스,7900,real,저당류,210,0.35,11.0,12.0,17.0,270.0,,,,,"쇠고기, 돼지고기, 대두, 밀, 우유 함유 ",20,https://product-image.kurly.com/product/image/94615c7d-224d-4071-b897-c2c368754242.jpg,,https://www.kurly.com/goods/1001853599,kurly
[풀무원] 지구식단 메밀두유면,,유제품,2480,real,,63,4.0,11.33,3.33,1.33,20.0,,,말토덱스트린,,"- 메밀, 대두 함유",20,https://product-image.kurly.com/product/image/e5545f5a-1086-4720-9b30-ec38382dda30.jpg,,https://www.kurly.com/goods/1001328735,kurly
[비비드키친] 저칼로리 비빔장,,조미료/소스,3980,real,저당류,35,3.0,16.5,2.0,0.7,1320.0,,,,,"* 우유, 대두, 밀, 쇠고기 함유
- 이 제품은 달걀, 메밀, 땅콩, 고등어, 게, 새우, 돼지고기, 복숭아, 토마토, 아황산류, 호두, 닭고기, 오징어, 조개류(굴,전복,홍합 포함), 잣을 사용한 제품과 같은 ",20,https://product-image.kurly.com/product/image/0f402674-380e-4263-b8e3-af751690f3e9.jpg,,https://www.kurly.com/goods/5097151,kurly
[비비드키친] 저당 초코시럽,,간식/디저트,7580,real,저당류,60,2.0,65.0,2.0,1.1,85.0,,,,,,20,https://product-image.kurly.com/product/image/a4097cf1-809d-4672-a670-a1041a1616a0.jpg,,https://www.kurly.com/goods/1001853141,kurly
[오뚜기] 저당 케찹 290g,,조미료/소스,3480,real,저당류,50,4.9,26.0,1.0,0.0,600.0,,,알룰로스,,"토마토 함유
대두, 밀, 우유, 계란, 쇠고기, 조개류(굴), 닭고기 혼입 가능",20,https://product-image.kurly.com/product/image/520999a2-3803-4348-9180-38aa1b946e45.jpg,,https://www.kurly.com/goods/1000570038,kurly
[고맙당] 저당 쌈장,,조미료/소스,11200,real,저당류,95,2.0,32.0,9.0,3.0,2470.0,,,,,※ 대두 함유,20,https://product-image.kurly.com/product/image/6f6c7586-2cad-49c6-b9ce-8b94787a1cf5.jpg,,https://www.kurly.com/goods/1000236148,kurly
[마이노멀] 저당 저칼로리 딸기잼 320g,,조미료/소스,11680,real,저당류,18,4.0,63.0,0.55,0.4,5.0,,,"에리스리톨,알룰로스",,* 본 제품은 복숭아를 사용한 제품과 같은 제조시설에서 제조하고 있습니다.,20,https://product-image.kurly.com/product/image/58f03b71-3553-4fb9-9d6e-b9b8291b4251.jpg,,https://www.kurly.com/goods/1001062784,kurly
[무화당] 저당 그래놀라 4종(택1),,간식/디저트,10900,real,저당류,455,2.0,71.3,7.4,15.5,41.0,,,,,옵션 별 알레르기 유발 가능 원재료가 상이하므로 제품 페이지 하단 확인 부탁드립니다. ,20,https://product-image.kurly.com/product/image/11e29320-f700-4767-9bb5-313a45c292ca.jpg,,https://www.kurly.com/goods/1000959211,kurly
[무화당] 저당 당근케이크 500g,,간식/디저트,35000,real,저당류,382,1.34,20.02,8.46,29.82,329.0,,,,,"- 달걀, 우유 함유
- 이 제품은 대두, 땅콩, 밀을 사용한 제품과 같은 제조시설에서 제조했습니다.",20,https://product-image.kurly.com/product/image/a3b2bb0a-e260-4d4f-8bba-65f5be8b4080.jpg,,https://www.kurly.com/goods/1001574640,kurly
[마이노멀] 저당 저칼로리 애플시나몬잼 320g,,조미료/소스,11680,real,저당류,250,61.0,61.0,1.0,0.3,10.0,,,,,- 복숭아 혼입 가능,20,https://product-image.kurly.com/product/image/b96d5071-43a0-4440-bd9d-c7d17268d982.jpg,,https://www.kurly.com/goods/1001072640,kurly
[풀무원] 지구식단 더 넓은 두부면,,수산가공품,2280,real,,175,0.0,1.0,18.0,11.0,230.0,,,,,대두 함유,20,https://product-image.kurly.com/product/image/aa34c7a3-cd64-4580-9deb-187d89ccef85.jpg,,https://www.kurly.com/goods/1001395641,kurly
[무화당] 저당 바스크치즈케이크 530g,,간식/디저트,31500,real,저당류,273,1.5,4.0,7.0,23.8,10.0,,,,,"- 달걀, 우유, 대두 함유
- 이 제품은 땅콩, 밀을 사용한 제품과 같은 제조시설에서 제조했습니다.",20,https://product-image.kurly.com/product/image/4fd304a2-4bd7-44f2-9f3a-7048e780dc16.jpg,,https://www.kurly.com/goods/1001574638,kurly
[무화당] 호두크림치즈쿠키 (95g),,간식/디저트,7400,real,,563,2.84,18.0,13.47,54.53,201.0,,,,,"- 우유, 호두, 아황산류 함유
* 계란,대두,밀과 같은 시설에서 제조",20,https://product-image.kurly.com/product/image/62c9a4fa-2af2-4242-b636-02d1664cd780.jpg,,https://www.kurly.com/goods/5055278,kurly
[롯데웰푸드] 저당 요거트 아이스크림 3종,,간식/디저트,1000,real,저당류,90,13.0,16.0,1.0,2.5,60.0,,,,,"- 월드콘 : 밀,대두,우유,달걀 함유
- 설레임 : 우유 함유
- 돼지바 : 밀,땅콩,대두,우유 함유",20,https://product-image.kurly.com/product/image/531e3cab-b184-4ae5-a314-617ba0577447.jpg,,https://www.kurly.com/goods/1002004092,kurly
[마이노멀] 저당 초고추장 240g (100%국산 고춧가루사용),,조미료/소스,11980,real,저당류,60,2.0,29.0,2.0,2.1,2630.0,,,,,,20,https://product-image.kurly.com/product/image/6c6f6491-6536-480e-bb82-e065a4b1a7c4.jpg,,https://www.kurly.com/goods/1001529699,kurly
[청정원] 순창 저당 초고추장 290g,,조미료/소스,3900,real,저당류,83,3.0,21.0,4.0,2.0,2296.0,,,,,,20,https://product-image.kurly.com/product/image/a13aaf10-c460-42b0-b0ca-27b0dd16d235.jpg,,https://www.kurly.com/goods/1001241295,kurly
[집반찬연구소] 저당 메추리알 장조림,,기타,5394,real,저당류,63,1.0,2.0,8.0,2.6,126.0,,,,,"-메추리알, 대두, 밀, 조개류(굴) 함유
*본 제품은 게, 새우, 고등어, 땅콩, 우유, 알류, 메밀, 대두, 밀, 돼지고기, 복숭아, 토마토, 호두, 닭고기, 소고기, 오징어, 조개류(굴, 전복, 홍합 포함), ",20,https://product-image.kurly.com/product/image/259f477b-e6a9-4fe6-a03f-c866ff259ca9.jpg,,https://www.kurly.com/goods/1001336568,kurly
[샘표] 저당 비빔장 소스 340g,,조미료/소스,4980,real,저당류,40,2.0,15.0,2.0,1.4,1160.0,,,,,"대두,밀 함유",20,https://product-image.kurly.com/product/image/af3ebc41-501f-43b2-8a1a-efd37e909a81.jpg,,https://www.kurly.com/goods/1001409173,kurly
[백년동안] 저당 흑초 2종,,조미료/소스,7580,real,저당류,52,3.75,3.75,2.5,2.92,33.0,,,,,,20,https://product-image.kurly.com/product/image/bd88390d-f420-4807-a4c0-d367276a5dd2.jpg,,https://www.kurly.com/goods/1001409151,kurly
[비비드키친] 저당 스파이시오리엔탈드레싱,,간식/디저트,3420,real,저당류,188,22.5,23.75,1.63,9.38,1713.0,,,,,"- 대두, 밀 함유",20,https://product-image.kurly.com/product/image/93cdb8d0-e0ea-4d69-9417-67539fb13035.jpg,,https://www.kurly.com/goods/1002385385,kurly
[빙그레] 바나나맛우유(무가당) (240mL X 4개),,유제품,5800,real,무첨가당,52,3.75,3.75,2.5,2.92,33.0,,,,,"- 우유 함유
* 복숭아, 토마토 혼입 가능",20,https://product-image.kurly.com/product/image/1ec4ac1e-d736-4b30-9b10-88bed693cfa7.jpg,,https://www.kurly.com/goods/1001301352,kurly
[백설] 저당 흑임자참깨 드레싱 245g,,조미료/소스,4480,real,저당류,130,2.04,23.7,2.3,7.79,879.0,,,,,"계란, 땅콩, 대두, 밀 함유
※ 이 제품은 우유, 메밀, 고등어, 게, 새우, 돼지고기, 복숭아, 토마토, 호두, 쇠고기, 오징어, 조개류(굴,전복, 홍합 포함),잣 혼입 가능",20,https://product-image.kurly.com/product/image/679c438c-b458-469d-88a4-a16b34cebac0.jpg,,https://www.kurly.com/goods/1001481044,kurly
[비비드키친] 저당 돈까스소스,,조미료/소스,3980,real,저당류,30,4.0,18.0,1.0,0.0,1490.0,,,,,,20,https://product-image.kurly.com/product/image/5cacba5a-f381-4bd9-8ab4-90938614e7ea.jpg,,https://www.kurly.com/goods/1000426805,kurly
[비비드키친] 저당 마라소스,,조미료/소스,5380,real,저당류,100,2.0,11.0,3.0,4.6,1160.0,,,,,,20,https://product-image.kurly.com/product/image/8d95538b-3ecb-45ad-a3f2-af1180fe6d19.jpg,,https://www.kurly.com/goods/1000426818,kurly
[샘표] 저당 태양초 고추장 2종,,조미료/소스,5880,real,저당류,240,25.0,50.0,6.0,1.7,2110.0,,,,,"대두,밀함유",20,https://product-image.kurly.com/product/image/ad223d82-0e38-42ce-8356-0fbc2a81b256.jpg,,https://www.kurly.com/goods/1001409154,kurly
[청정원] 그레인보우 저당 도시락 4종 (택2),,주식/면류,4980,real,저당류,118,1.0,21.5,3.5,3.0,250.0,,,,,"에그&베지
- 대두, 알류, 우유, 게, 조개류(바지락, 홍합) 함유'
- 밀, 닭고기, 쇠고기, 돼지고기, 메밀, 땅콩, 고등어, 새우, 복숭아, 토마토, 아황산류, 호두, 오징어, 조개류(굴, 전복, 포함), 잣",20,https://product-image.kurly.com/product/image/7409e75f-8769-402a-9113-0e798fa0e88e.jpg,,https://www.kurly.com/goods/1001234073,kurly
[비비드키친] 저당 양파절임소스,,조미료/소스,3280,real,저당류,50,0.5,13.0,1.5,0.0,2065.0,,,,,하단 한글라벨 참조,20,https://product-image.kurly.com/product/image/05ea79ef-6f58-48d5-90b8-64b29fae800b.jpg,,https://www.kurly.com/goods/1000561981,kurly
[브로드카세] 저당 통밀브레드 700g,,간식/디저트,9800,real,저당류,209,0.46,44.12,8.54,1.09,377.0,,,,,"-밀 함유
-이 제품은 우유, 계란, 메밀, 땅콩, 대두, 밀, 고등어, 게, 새우, 돼지고기, 복숭아, 토마토, 호두, 닭고기, 쇠고기, 오징어, 잣, 조개류(굴, 전복, 홍합 포함) 등을 사용한 제품과 같은 제조",20,https://product-image.kurly.com/product/image/d791b2ec-a74a-46ca-b13e-1559984c0ac9.jpg,,https://www.kurly.com/goods/1000908651,kurly
[널담] 고단백 저당 포카치아 2종 (택1),,간식/디저트,7900,real,저당류,258,2.78,31.11,17.78,6.56,706.0,,,,,"- 토마토바질치즈 : 토마토, 우유, 밀, 대두 함유
- 감자페퍼 : 우유, 밀, 대두 함유
- 토마토, 계란, 복숭아, 호두, 땅콩, 아황산류를 사용한 제품과 같은 제조시설에서 제조",20,https://product-image.kurly.com/product/image/c8390185-b034-4e56-b5f8-e09001212ead.jpg,,https://www.kurly.com/goods/1001856576,kurly
[샘표] 저당 고추장 초고추장 340g,,조미료/소스,3980,real,저당류,120,2.0,40.0,6.0,2.0,2680.0,,,,,"대두,밀 함유",20,https://product-image.kurly.com/product/image/54b9d5c5-12ac-4614-8077-5ddef8c0c38e.jpg,,https://www.kurly.com/goods/1001409175,kurly
[빼바] 저당 프로틴 머핀 2종 (택1),,간식/디저트,4050,real,저당류,222,1.11,51.11,13.33,7.78,186.0,,,"스테비올 배당체,나한과추출분말,알룰로스",,"- 카카오 : 대두, 알류(달걀), 우유, 땅콩 함유
- 스트로베리 : 대두, 알류(달걀), 우유 함유
- 밀, 땅콩, 호두, 아황산류를 사용한 제품과 같은 제조시설에서 제조",20,https://product-image.kurly.com/product/image/a51044ac-ec2e-4636-94f6-c72dd438f0dd.jpg,,https://www.kurly.com/goods/1002064676,kurly
[비비드키친] 저당 갈릭디핑 소스 250g,,조미료/소스,4280,real,저당류,520,2.0,12.0,1.0,53.0,720.0,,,,,"대두, 우유, 달걀 함유
※ 이 제품은 밀, 메밀, 땅콩, 고등어, 게, 새우, 돼지고기, 복숭아, 토마토, 호두, 닭고기, 쇠고기, 오징어, 조개류(굴,전복,홍합 포함), 아황산류, 잣을 사용한 제품과 같은 제조시",20,https://product-image.kurly.com/product/image/55af8317-626b-4210-ae87-10b5b12db2ee.jpg,,https://www.kurly.com/goods/1001105445,kurly
[안단잼] 저당 저칼로리 과일잼 380g 4종 (택1),,조미료/소스,11900,real,저당류,35,4.24,44.95,0.53,0.06,50.0,,,"에리스리톨,알룰로스",,"- 딸기, 사과, 블루베리:우유, 밀, 대두, 땅콩, 복숭아, 토마토, 호두 혼입 가능
- 백도복숭아: 복숭아 함유 / 우유, 밀, 대두, 땅콩, 토마토, 호두 혼입 가능",20,https://product-image.kurly.com/product/image/1c64582e-11b0-4495-9569-cd6145dd1b0d.jpg,,https://www.kurly.com/goods/5144701,kurly
[비비드키친] 저당 홀스래디쉬소스 265g,,조미료/소스,4980,real,저당류,280,2.0,18.0,1.0,26.0,740.0,,,,,"달걀, 우유, 대두 함유
※ 이 제품은 메밀, 땅콩, 밀, 고등어, 게, 새우, 돼지고기, 복숭아, 토마토, 아황산류, 호두, 닭고기, 쇠고기, 오징어, 조개류(굴,전복,홍합 포함), 잣을 사용한 제품과 같은 제조 ",20,https://product-image.kurly.com/product/image/d6b583bd-550b-4aa1-9be1-526cf5c901c5.jpg,,https://www.kurly.com/goods/1001105447,kurly
[빙그레] 저당 붕어싸만코 (150mL X 5개입),,간식/디저트,6300,real,저당류,113,13.33,20.67,2.0,4.0,60.0,,,,,"- 우유, 대두, 밀 함유",20,https://product-image.kurly.com/product/image/c3bff260-2924-46ea-bcf8-2dfd5fc6bb5d.jpg,,https://www.kurly.com/goods/1002419559,kurly
[비비드키친] 저당 짜장소스,,조미료/소스,3980,real,저당류,90,3.0,23.0,6.0,3.3,2320.0,,,,,,20,https://product-image.kurly.com/product/image/83c200ca-4198-474b-af58-8ac5fa20fa85.jpg,,https://www.kurly.com/goods/1000426809,kurly
[포비베이글] 저당 초코 크림치즈 100g,,간식/디저트,6800,real,저당류,383,2.0,28.0,7.0,27.0,164.0,,,,,"- 우유 함유
* 토마토,호두,우유,이산화황,밀 혼입 가능 ",20,https://product-image.kurly.com/product/image/1128cc78-cafe-4fc6-ad09-301a92ca5f1e.jpg,,https://www.kurly.com/goods/1001190162,kurly
[자유] 저당 베지크림 420g,,조미료/소스,9190,real,저당류,93,0.0,15.0,3.0,7.0,30.0,,,수크랄로스,,- 대두 함유,20,https://product-image.kurly.com/product/image/a044c459-b9bc-469d-aaf1-4bcf074eafe1.jpg,,https://www.kurly.com/goods/1002196868,kurly
[비비드키친] 저당 초고추장 소스,,조미료/소스,3980,real,저당류,60,2.0,29.0,2.0,2.1,2630.0,,,,,"대두,밀 함유",20,https://product-image.kurly.com/product/image/b05bff40-8bfa-413f-88cb-6e8fad159694.jpg,,https://www.kurly.com/goods/1001590944,kurly
[널담] 고단백 저당 사워도우 270g,,간식/디저트,8900,real,저당류,223,1.5,39.0,14.0,1.4,435.0,,,,,"- 밀, 대두 함유
- 토마토, 계란, 우유, 복숭아, 호두, 땅콩, 아황산류를 사용한 제품과 같은 제조시설에서 제조",20,https://product-image.kurly.com/product/image/03325605-3702-413b-8598-62cbce758c45.jpg,,https://www.kurly.com/goods/1002208177,kurly
[카페아모제] 저당 포케 샐러드 5종 (택1),,기타,6710,real,저당류,111,2.55,10.51,7.01,4.78,274.0,,,,,"- 크렌베리 닭가슴살 저당 포케 샐러드 : 대두, 달고기, 계란, 아황산류 함유
- 단호박 모짜렐라 저당 포케 샐러드  : 우유, 대두, 밀 함유
- 들기름 두부 버섯 저당 포케 샐러드 : 대두, 달걀, 밀 함유
-",20,https://product-image.kurly.com/product/image/2ef49a46-06e5-4e17-bce5-3d656d7f367a.jpg,,https://www.kurly.com/goods/1001751082,kurly
[한성] 저당 유부초밥 280g,,수산가공품,5390,real,저당류,145,4.0,14.0,7.0,7.0,750.0,,,,,"-계란, 대두, 밀 함유",20,https://product-image.kurly.com/product/image/12b708d3-4668-49a7-8e8d-af6cdd974699.jpg,,https://www.kurly.com/goods/1001236186,kurly
[그라놀로지] 시그니처 저당 프로틴 그래놀라 3종 (택1),,간식/디저트,21000,real,저당류,341,0.0,41.78,44.73,3.81,757.0,,,"효소처리스테비아,말토덱스트린,알룰로스,스테비아",,"- 대두 함유
* 우유, 땅콩, 밀, 토마토, 호두, 잣 혼입 가능",20,https://product-image.kurly.com/product/image/8fb36ec9-46d3-40c0-9eef-d73caa123a01.jpg,,https://www.kurly.com/goods/1001174304,kurly
[풀무원] 저당 숯불직화볶음 고추장 180g,,조미료/소스,3480,real,저당류,110,3.0,34.0,4.0,4.9,1260.0,,,"효소처리스테비아,스테비아",,하단 표시사항 참조,20,https://product-image.kurly.com/product/image/bc48c73a-1bba-4bb5-937a-47942f54c8e0.jpg,,https://www.kurly.com/goods/1002377847,kurly
[마이노멀] 저당 머스타드 소스 310g,,조미료/소스,6900,real,저당류,37,0.5,17.0,2.0,1.0,470.0,,,,,"* 계란, 대두, 토마토 함유
- 본 제품은 우유, 밀, 땅콩, 메밀, 고등어, 게, 새우, 복숭아, 닭고기, 돼지고기, 아황산류, 호두, 쇠고기, 오징어, 조개류(굴,전복,홍합 포함), 잣을 사용한 제품과 같은 ",20,https://product-image.kurly.com/product/image/36acfa8c-10f0-45ff-bfec-2891c20209b5.jpg,,https://www.kurly.com/goods/1001090633,kurly
[프로틴플러스프로젝트] 저당 고단백 고식이섬유 슬랩 600g,,간식/디저트,8910,real,저당류,240,1.76,41.53,15.01,3.03,435.0,,,,,"- 밀, 우유, 대두 함유
- 이 제품은 알류, 메밀, 땅콩, 고등어, 게, 새우, 돼지고기, 복숭아, 토마토, 아황산류, 호두, 닭고기, 쇠고기, 오징어, 조개류(굴 등), 잣을 사용한 제품과 같은 제조시설에서 생",20,https://product-image.kurly.com/product/image/53985abd-d05b-4b51-b985-b1c8847ef242.jpg,,https://www.kurly.com/goods/1002153434,kurly
[브로드카세] 저당 호밀통밀브레드 360g,,간식/디저트,7700,real,저당류,295,2.0,40.0,12.0,9.0,280.0,,,,,"-밀, 호두 함유
-이 제품은 우유, 계란, 메밀, 땅콩, 대두, 밀, 고등어, 게, 새우, 돼지고기, 복숭아, 토마토, 호두, 닭고기, 쇠고기, 오징어, 잣, 조개류(굴, 전복, 홍합 포함) 등을 사용한 제품과 같",20,https://product-image.kurly.com/product/image/7fe683d5-9e63-481f-b25f-7b31918332f8.jpg,,https://www.kurly.com/goods/1000908657,kurly
[브로드카세] 저당 오트밀 통밀식빵 500g,,간식/디저트,7110,real,저당류,275,2.89,45.43,11.45,5.24,408.0,,,,,"-밀, 대두 함유
-이 제품은 우유, 계란, 메밀, 땅콩, 대두, 밀, 고등어, 게, 새우, 돼지고기, 복숭아, 토마토, 호두, 닭고기, 쇠고기, 오징어, 잣, 조개류(굴, 전복, 홍합 포함) 등을 사용한 제품과 같",20,https://product-image.kurly.com/product/image/4b537fa5-edab-4c53-802f-d951aa07b6fc.jpg,,https://www.kurly.com/goods/1000908655,kurly
[백설] 저당 소불고기양념,,조미료/소스,4480,real,저당류,150,34.0,34.0,3.0,0.0,2200.0,,,,,,20,https://product-image.kurly.com/product/image/9fb197bc-bd22-4f1f-917c-11f7841fee4d.jpg,,https://www.kurly.com/goods/1001516310,kurly
[비비드키친] 저당 어니언크림드레싱 205g,,조미료/소스,4280,real,저당류,270,4.03,15.49,0.53,24.5,433.0,,,,,"달걀, 우유, 대두, 밀 함유
※이 제품은 메밀, 땅콩, 고등어, 게, 새우, 돼지고기, 복숭아, 토마토, 아황산류, 호두, 닭고기, 쇠고기, 오징어, 조개류(굴,전복,홍합 포함), 잣을 사용한 제품과 같은 제조시설",20,https://product-image.kurly.com/product/image/c8b6e8f1-59d3-4a39-8b0d-c1d75a07df8b.jpg,,https://www.kurly.com/goods/1001434548,kurly
[비비드키친] 저당 발사믹 드레싱 210g,,조미료/소스,4280,real,저당류,40,4.0,4.0,0.0,2.3,940.0,,,,,"밀 함유
※ 이 제품은 알류, 우유, 메밀, 땅콩, 대두, 고등어, 게,새우,돼지고기, 복숭아, 토마토, 호두, 닭고기, 쇠고기, 오징어, 조개류(굴,전복,홍합 포함), 아황산류, 잣을 사용한 제품과 같은 제조시설에",20,https://product-image.kurly.com/product/image/7e5d9d12-30a4-44b0-af2c-6f758b4143dd.jpg,,https://www.kurly.com/goods/1001410162,kurly
[집반찬연구소] 저당 메추리알 병아리콩샐러드,,기타,5394,real,저당류,112,3.71,13.13,3.8,4.89,46.0,,,,,"-계란, 메추리알, 대두, 소고기 함유
*본 제품은 게, 새우, 고등어, 땅콩, 우유, 알류, 메밀, 대두, 밀, 돼지고기, 복숭아, 토마토, 호두, 닭고기, 소고기, 오징어, 조개류(굴, 전복, 홍합 포함), 잣을",20,https://product-image.kurly.com/product/image/31bd9702-4919-4e00-98d7-8a58f6225ce5.jpg,,https://www.kurly.com/goods/1001336562,kurly
[톰볼라] 저당 병아리콩 두부 라자냐 ,,주식/면류,19900,real,저당류,160,3.4,15.2,9.6,6.8,193.0,,,,," - 대두, 토마토, 우유, 밀, 계란 함유
 - 본 제품은 닭고기, 쇠고기, 돼지고기, 새우, 호두, 잣, 조개류(바지락)를 사용한 제품과 같은 제조시설에서 제조하고 있습니다",20,https://product-image.kurly.com/product/image/54191aca-74cc-4037-ba02-ca63dcbc3c6e.jpg,,https://www.kurly.com/goods/1001484197,kurly
[스윗밸런스] 저당 밸런스 샐러드 5종,,기타,6900,real,저당류,117,1.67,18.33,5.67,2.33,320.0,,,,,"- 새우듬뿍 저당 샐러드 : 계란, 우유, 대두, 밀, 새우, 돼지고기, 쇠고기, 조개류(굴) 함유
- 크림오징어 저당 샐러드 : 계란, 대두, 우유, 밀, 오징어, 쇠고기, 토마토 함유
- 발사믹 보코치니 저당 샐",20,https://product-image.kurly.com/product/image/4d8fc9ff-95c1-4ec5-aea3-ba71081a2570.jpg,,https://www.kurly.com/goods/1001519712,kurly
[브로드카세] 저당 호밀잡곡 깜빠뉴 360g,,간식/디저트,6600,real,저당류,240,2.0,47.0,10.0,1.1,350.0,,,,,"- 밀, 대두 함유
- 계란, 우유, 메밀, 땅콩, 밀, 고등어, 게, 새우, 돼지고기, 복숭아, 토마토, 아황산류, 호두, 닭고기, 쇠고기, 오징어, 조개류(굴 등), 잣을 사용한 제품과 같은 제조시설에서 제조",20,https://product-image.kurly.com/product/image/683da24e-46d5-4efb-9101-11b6406a059f.jpg,,https://www.kurly.com/goods/1001190311,kurly
[면사랑] 저당 만능비빔장 500g,,조미료/소스,6140,real,저당류,170,2.0,34.0,3.0,2.2,1420.0,,,,,하단 표시사항 참조,20,https://product-image.kurly.com/product/image/55ff2f7b-1c37-4b7c-b22a-266619498571.png,,https://www.kurly.com/goods/1002142584,kurly
[청정원] 저당 허니 머스타드 소스 240g,,조미료/소스,3130,real,저당류,186,0.15,4.46,0.68,18.43,551.0,,,,,,20,https://product-image.kurly.com/product/image/5850e3ce-7adf-4f68-9b03-bd2e4f714f55.jpg,,https://www.kurly.com/goods/1001765012,kurly
[샘표] 밸런스죽 저당 검은콩흑임자죽 420g,,즉석식품,3580,real,저당류,120,0.0,14.0,5.0,4.7,0.0,,,,,"-땅콩 함유
* 알류, 우유, 대두, 메밀, 밀, 고등어, 게, 새우, 돼지고기, 복숭아, 토마토, 아황산류, 호두, 닭고기, 쇠고기, 오징어, 조개류, 잣 혼입 가능",20,https://product-image.kurly.com/product/image/9ac9d66b-1492-4ac7-8e18-02f8d4460e76.jpg,,https://www.kurly.com/goods/1000552284,kurly
[밸런스밀] 고단백저당 베이글 3종 (택2),,간식/디저트,3300,real,저당류,256,1.29,40.59,14.95,6.75,432.0,,,,,"- 플레인 : 밀, 계란, 대두 함유
- 치즈 : 밀, 우유,  계란, 대두 함유
- 에브리띵 : 밀, 계란, 대두 함유",20,https://product-image.kurly.com/product/image/66c84fea-947c-41a7-97fd-e69f6e532b89.png,,https://www.kurly.com/goods/1002147821,kurly
[청정원] 저당 스위트 칠리소스 250g,,조미료/소스,3130,real,저당류,20,1.0,25.0,0.6,0.0,1460.0,,,,,하단참조 ,20,https://product-image.kurly.com/product/image/1176e517-63bc-4757-a69c-3c3fb666db22.jpg,,https://www.kurly.com/goods/1001516855,kurly
[비비드키친] 저당 이탈리안 드레싱 210g,,조미료/소스,4280,real,저당류,100,0.0,13.0,0.0,10.0,1040.0,,,,,"밀, 토마토 함유
※ 이 제품은 알류, 우유, 메밀, 땅콩, 대두, 고등어, 게,새우,돼지고기, 복숭아, 호두, 닭고기, 쇠고기, 오징어, 조개류(굴,전복,홍합 포함), 아황산류, 잣을 사용한 제품과 같은 제조시설에",20,https://product-image.kurly.com/product/image/ec49c6b7-6b95-42aa-8d71-3bd6df69a478.jpg,,https://www.kurly.com/goods/1001368204,kurly
[청정원] 햇살담은 저당 맛간장 2종 (500ml / 840ml),,조미료/소스,6350,real,저당류,45,3.0,4.0,7.0,0.0,5900.0,,,"효소처리스테비아,알룰로스,감초추출물,스테비아",,"대두,밀,게 함유",20,https://product-image.kurly.com/product/image/ea969a43-7bc1-4217-83b4-7c393c8e3ac3.jpg,,https://www.kurly.com/goods/1001241302,kurly
[지미스 그래놀라] 저당 그래놀라 150g,,간식/디저트,10800,real,저당류,425,2.0,72.5,15.0,9.5,110.0,,,,,"- 호두 함유
- 알류, 우유, 대두, 밀, 땅콩, 새우, 토마토, 돼지고기 혼입 가능",20,https://product-image.kurly.com/product/image/d2daf120-c495-4980-ae73-03d882ca4436.jpg,,https://www.kurly.com/goods/1000642056,kurly
[집반찬연구소] 저당 양파 고추 장아찌,,기타,4320,real,저당류,74,9.1,16.9,1.8,0.08,609.0,,,,,"- 대두, 밀 함유
*본 제품은 게, 새우, 고등어, 땅콩,우유, 알류, 메밀, 대두, 밀, 돼지고기, 복숭아, 토마토, 호두, 닭고기, 소고기, 오징어, 조개류(굴, 전복, 홍합 포함), 잣을 사용한 제품과 같은 ",20,https://product-image.kurly.com/product/image/6147e59f-0165-44fd-922b-c48a5a22ae1f.jpg,,https://www.kurly.com/goods/1001336572,kurly
[폰타나] 저당 토마토 파스타 소스 600g,,조미료/소스,8480,real,저당류,50,4.0,12.0,1.0,1.5,560.0,,,,,한글표시사항 참고,20,https://product-image.kurly.com/product/image/46e3f668-b4e7-4c65-9f07-d67b29ff2a5c.jpg,,https://www.kurly.com/goods/1001994989,kurly
[프로틴플러스프로젝트] 저당 고단백 고식이섬유 통밀슬랩 600g,,간식/디저트,9900,real,저당류,225,1.71,38.05,14.31,3.17,413.0,,,,,"- 밀, 우유, 대두 함유
- 이 제품은 알류, 메밀, 땅콩, 고등어, 게, 새우, 돼지고기, 복숭아, 토마토, 아황산류, 호두, 닭고기, 쇠고기, 오징어, 조개류(굴 등), 잣을 사용한 제품과 같은 제조시설에서 생",20,https://product-image.kurly.com/product/image/4f94e799-fe78-40e3-a3a8-e71cf0a18dbf.jpg,,https://www.kurly.com/goods/1002153436,kurly
[샘표] 저당 찜닭 양념 420g,,조미료/소스,5580,real,저당류,45,0.2,8.0,3.0,0.0,1730.0,,,,,"대두,밀 함유",20,https://product-image.kurly.com/product/image/0608a843-e5ce-45f7-9bf2-29a4727ce474.jpg,,https://www.kurly.com/goods/1001785021,kurly
[동원] 저당 롤유부초밥(고소) 254g,,수산가공품,4480,real,저당류,168,1.12,11.35,8.14,10.0,625.0,,,,,"- 달걀, 우유, 대두, 밀, 쇠고기 함유",20,https://product-image.kurly.com/product/image/2898e1e6-00e1-4f1b-b32d-fe81b2a26b5d.jpg,,https://www.kurly.com/goods/1002101801,kurly
[하우스소서] 저당 슬랩 650g,,간식/디저트,9900,real,저당류,268,1.4,41.8,13.0,5.4,498.0,,,,,"- 밀 함유
- 알류, 메밀, 땅콩, 돼지고기, 토마토, 호두, 쇠고기, 조개류(굴, 전복, 홍합 포함), 잣을 사용한 제품과 같은 제조시설에서 제조",20,https://product-image.kurly.com/product/image/461d2ed7-caba-48ce-82d5-a3dffa85f112.jpg,,https://www.kurly.com/goods/1002113700,kurly
[면사랑] 저당 메밀장국 500g,,조미료/소스,6140,real,저당류,90,3.0,18.0,5.0,0.0,3830.0,,,,,하단 표시사항 참조,20,https://product-image.kurly.com/product/image/6692082e-fcb8-4112-ad67-74702f134d53.png,,https://www.kurly.com/goods/1002142588,kurly
[이노센트] 저당 프로틴 크런치볼 2종,,간식/디저트,1850,real,저당류,386,1.0,18.0,70.0,3.8,870.0,,,,,"- 바베큐맛: 대두, 밀, 토마토 함유 / 우유, 밀, 계란, 메밀, 고등어, 게, 새우, 돼지고기, 쇠고기, 복숭아, 아황산류, 호두, 닭고기, 오징어, 조개류(굴, 전복, 홍합 포함), 잣 혼입 가능
- 치즈향:",20,https://product-image.kurly.com/product/image/5f06b2da-5b50-4921-abc0-3cd7d202db0a.jpg,,https://www.kurly.com/goods/1000957506,kurly
[비비드키친] 저당 트러플 마요 270g,,조미료/소스,4230,real,저당류,389,2.59,10.3,0.8,38.25,461.0,,,,,"- 달걀, 우유, 대두, 밀 함유 ",20,https://product-image.kurly.com/product/image/6a482a8f-a41f-4c5f-932c-03ab71db3b5a.jpg,,https://www.kurly.com/goods/1002306246,kurly
[브로드카세] 저당 통밀 바게트 2종 (택1),,간식/디저트,9800,real,저당류,235,2.0,45.0,11.0,1.3,370.0,,,,,"- 밀 함유
- 계란, 우유, 메밀, 땅콩, 대두, 고등어, 게, 새우, 돼지고기, 복숭아, 토마토, 아황산류, 호두, 닭고기, 쇠고기, 오징어, 조개류(굴 등), 잣을 사용한 제품과 같은 제조시설에서 제조",20,https://product-image.kurly.com/product/image/c3c25b2e-69a4-458f-ad31-149ad2e0aa41.jpg,,https://www.kurly.com/goods/1001190317,kurly
[비비드키친] 저당 아이올리소스 260g,,조미료/소스,4230,real,저당류,450,14.67,21.67,0.0,40.0,633.0,,,,,"- 달걀, 대두, 닭고기 함유",20,https://product-image.kurly.com/product/image/4816a3a0-b0bf-4be4-9482-507b65cdcf59.jpg,,https://www.kurly.com/goods/1002306244,kurly
[비비드키친] 저당 사우전드아일랜드 드레싱 200g,,조미료/소스,3980,real,저당류,245,2.0,11.0,1.0,24.0,590.0,,,,,"달걀, 대두, 토마토 함유
※이 제품은 우유, 메밀, 땅콩, 밀, 고등어, 게, 새우, 돼지고기, 복숭아, 호두, 닭고기, 쇠고기, 오징어, 조개류(굴,전복,홍합 포함), 아황산류, 잣을 사용한 제품과 같은 제조시설",20,https://product-image.kurly.com/product/image/2c2cbcb7-bc4d-4203-a7fb-37002a169abc.jpg,,https://www.kurly.com/goods/1001105449,kurly
[카페아모제] 저당 포케볼 3종 (택1),,기타,7900,real,저당류,128,3.58,16.1,4.51,5.03,210.0,,,,,"- 꽃맛살 메추리알 저당 포케볼 : 계란, 메추리알, 우유, 대두, 밀, 게, 토마토, 쇠고기 함유
- 망고 치킨텐더 저당 포케볼 : 계란, 대두, 밀, 토마토, 닭고기, 쇠고기 함유
- 눈꽃치즈 풀드포크 저당 포케",20,https://product-image.kurly.com/product/image/d2ba7acf-c2e1-46f8-8780-9abf4ce503cf.jpg,,https://www.kurly.com/goods/1002279100,kurly
[비비드키친] 저당 제육볶음양념 250g,,조미료/소스,5280,real,저당류,155,2.0,32.0,5.0,0.8,2970.0,,,,,"대두, 밀, 쇠고기, 조개류(굴) 함유
이 제품은 알류, 우유, 메밀, 땅콩, 고등어, 게, 새우, 돼지고기, 복숭아, 토마토, 아황산류, 호두, 닭고기, 오징어, 조개류(전복, 홍합 포함), 잣을 사용한 제품과 같",20,https://product-image.kurly.com/product/image/3efa2ccf-9f63-4697-a2b0-75371e75f94d.jpg,,https://www.kurly.com/goods/1001397499,kurly
[브로드카세] 72시간 저당 사워도우 8종 (택1),,간식/디저트,13410,real,저당류,255,0.0,47.74,8.64,3.3,388.0,,,,,"- 토마토 푸가스 : 밀, 토마토 함유
- 컨트리 통밀 깜빠뉴 : 밀 함유
- 저당 호밀 사워도우 슬랩 : 밀 함유
- 저당 올리브 푸가스 : 밀 함유
- 저당 멀티그레인 컨트리 깜빠뉴 : 밀, 대두 함유
- 저당 ",20,https://product-image.kurly.com/product/image/5083a86f-3b36-4c89-86ad-4bc7dad63468.jpg,,https://www.kurly.com/goods/1001718445,kurly
[브로드카세] 저당 통밀 포켓 브레드 3종 (택1),,간식/디저트,8010,real,저당류,250,2.0,50.0,9.0,1.6,510.0,,,,,"- 밀 함유
- 계란, 우유, 메밀, 땅콩, 대두, 고등어, 게, 새우, 돼지고기, 복숭아, 토마토, 아황산류, 호두, 닭고기, 쇠고기, 오징어, 조개류(굴 등), 잣을 사용한 제품과 같은 제조시설에서 제조",20,https://product-image.kurly.com/product/image/a40d87db-f146-4f26-829f-2a418edaf9e7.jpg,,https://www.kurly.com/goods/1001190341,kurly
[브로드카세] 저당 순수 호밀통밀 깜빠뉴 360g,,간식/디저트,7000,real,저당류,235,2.0,45.0,11.0,1.3,370.0,,,,,"- 밀 함유
- 계란, 우유, 메밀, 땅콩, 대두, 고등어, 게, 새우, 돼지고기, 복숭아, 토마토, 아황산류, 호두, 닭고기, 쇠고기, 오징어, 조개류(굴 등), 잣을 사용한 제품과 같은 제조시설에서 제조",20,https://product-image.kurly.com/product/image/0576f515-08e7-4170-8094-4b29b2c4495a.jpg,,https://www.kurly.com/goods/1001190307,kurly
[프로틴플러스프로젝트] 저당 고단백 고식이섬유 슬랩 2종 (택1),,간식/디저트,8910,real,저당류,240,1.76,41.53,15.01,3.03,435.0,,,,,"- 밀, 우유, 대두 함유
- 이 제품은 알류, 메밀, 땅콩, 고등어, 게, 새우, 돼지고기, 복숭아, 토마토, 아황산류, 호두, 닭고기, 쇠고기, 오징어, 조개류(굴 등), 잣을 사용한 제품과 같은 제조시설에서 생",20,https://product-image.kurly.com/product/image/a61ae206-16c5-4309-a29c-ec4ac83925ae.jpg,,https://www.kurly.com/goods/1002113555,kurly
[몽크슈] 저당 토마토 케첩 300g,,조미료/소스,3950,real,저당류,10,1.78,19.0,0.97,0.0,642.0,,,,,,20,https://product-image.kurly.com/product/image/1011612a-967e-41b8-9674-12d2ba0c76af.jpg,,https://www.kurly.com/goods/1001703816,kurly
[집반찬연구소] 저당 양파 마요 닭가슴살 샐러드,,조미료/소스,4770,real,저당류,82,3.24,6.49,6.49,3.24,162.0,,,,,"-대두, 밀, 조개류(굴) 함유
*본 제품은 게, 새우, 고등어, 땅콩, 우유, 알류, 메밀, 대두, 밀, 돼지고기, 복숭아, 토마토, 호두, 닭고기, 소고기, 오징어, 조개류(굴, 전복, 홍합포함), 잣을 사용한 ",20,https://product-image.kurly.com/product/image/933fbe38-e3d3-436f-9ad3-5aaf6dd6c4ef.jpg,,https://www.kurly.com/goods/1001336559,kurly
[풀무원] 저당 양념치킨소스 280g,,조미료/소스,3480,real,저당류,80,1.0,52.0,1.0,1.0,820.0,,,,,하단 표시사항 참조 ,20,https://product-image.kurly.com/product/image/bc4939ef-fcca-4e5d-a20d-997d77f69213.jpg,,https://www.kurly.com/goods/1002248208,kurly
[티아시아] 저당 피넛 월남쌈 소스 265g,,조미료/소스,4680,real,저당류,215,2.0,24.0,7.0,14.0,930.0,,,,,"우유,땅콩,대두,밀 함유 ",20,https://product-image.kurly.com/product/image/fbc9dbd4-a24d-435a-9e4f-235cb00b64aa.jpg,,https://www.kurly.com/goods/1001785019,kurly
[그릭데이] 저당 블루베리 드링크 요거트 900g,,음료,9800,real,저당류,76,4.0,8.0,3.0,3.0,40.0,,,,,* 우유 함유,20,https://product-image.kurly.com/product/image/5d5bc9bb-7b76-4834-ba6b-574b1d600993.jpg,,https://www.kurly.com/goods/1001938560,kurly
[집반찬연구소] 저당 양배추 짜장 덮밥 소스,,조미료/소스,4050,real,저당류,98,4.78,12.17,3.91,3.91,792.0,,,,,"- 우유,대두, 밀, 돼지고기, 닭고기, 소고기, 조개류(굴) 함유
*본 제품은 게, 새우, 고등어, 땅콩, 우유, 알류, 메밀, 대두, 밀, 돼지고기, 복숭아, 토마토, 호두, 닭고기, 소고기, 오징어, 조개류(굴",20,https://product-image.kurly.com/product/image/3ee84a86-a778-4b2c-b888-e69a42c8a3b9.jpg,,https://www.kurly.com/goods/1001336574,kurly
[브로드카세] 부드러운 저당 호밀통밀 식빵 340g,,간식/디저트,5850,real,저당류,345,4.0,49.0,9.0,12.0,290.0,,,,,"-밀, 우유, 알류(계란) 함유
-대두, 메밀, 땅콩, 토마토, 오징어, 호두, 아황산류, 돼지고기, 쇠고기, 조개류(굴)를 사용한 제품과 같은 제조시설에서 생산",20,https://product-image.kurly.com/product/image/e67f9306-90ec-4868-9e61-d3845a97e849.jpg,,https://www.kurly.com/goods/1001936899,kurly
[브로드카세] 저당 통밀 플랫브레드 2종 (택1),,간식/디저트,8900,real,저당류,273,2.94,46.47,8.24,7.06,489.0,,,,,"-밀 함유
-이 제품은 우유, 계란, 메밀, 땅콩, 대두, 밀, 고등어, 게, 새우, 돼지고기, 복숭아, 토마토, 호두, 닭고기, 쇠고기, 오징어, 잣, 조개류(굴, 전복, 홍합 포함)등을 사용한 제품과 같은 제조시",20,https://product-image.kurly.com/product/image/ce5b26df-bfc4-4793-bd3f-8c40107edd65.jpg,,https://www.kurly.com/goods/1000908662,kurly
[백설] 저당 LA갈비양념 460g,,조미료/소스,5480,real,저당류,65,2.0,18.0,3.0,0.8,1370.0,,,,,,20,https://product-image.kurly.com/product/image/9ec51c98-63c6-4685-9419-45a3723d1b80.jpg,,https://www.kurly.com/goods/1001937203,kurly
[풀무원] 저당 스테이크소스 280g,,조미료/소스,3480,real,저당류,110,3.5,26.0,2.0,0.0,1350.0,,,,,하단 표시사항 참조,20,https://product-image.kurly.com/product/image/fa557a1f-f487-4bbc-8abc-82a888c52d4d.jpg,,https://www.kurly.com/goods/1002248214,kurly
[샘표] 저당 매콤달콤 떡볶이양념 100g,,간식/디저트,2280,real,저당류,248,9.43,55.22,4.14,1.15,624.0,,,,,한글표시사항 참고,20,https://product-image.kurly.com/product/image/1b8100bd-8ba4-475c-a62e-f4652d9996a9.jpg,,https://www.kurly.com/goods/1001994993,kurly
[닥터로빈] 저당 단호박 크림스프 밀키트 (리뉴얼),,즉석식품,9810,real,저당류,380,30.0,75.0,5.0,8.0,1600.0,,,,,"- 스프 : 대두, 우유 함유
- 모닝빵 : 밀, 대두, 우유, 계란 함유
- 이 제품은 메밀, 땅콩, 고등어, 게, 복숭아, 돼지고기, 토마토, 새우, 닭고기, 쇠고기, 호두, 오징어, 조개류(굴, 전복, 홍합 포",20,https://product-image.kurly.com/product/image/7d433686-7c1f-4023-89d0-1abaa0c1b7ca.jpg,,https://www.kurly.com/goods/5132849,kurly
[폰타나] 저당 아라비아따 파스타 소스 600g,,조미료/소스,8480,real,저당류,74,7.12,8.0,1.89,3.79,587.0,,,,,,20,https://product-image.kurly.com/product/image/d189573f-5a41-4648-a663-2809c7963c0e.jpg,,https://www.kurly.com/goods/1002339022,kurly
[켈로그] 고소한 통곡물 파로 저당 그래놀라 360g,,간식/디저트,7480,real,저당류,455,2.0,71.3,7.4,15.5,41.0,,,,,"- 이 제품은 우유, 쇠고기가 포함된 제품과 같은 제조시설에서 제조 
- 밀, 대두, 아몬드 함유",20,https://product-image.kurly.com/product/image/95dfa5d2-c42a-4a72-adc2-c6413c5fd83f.jpg,,https://www.kurly.com/goods/1002089292,kurly
[브로드카세] 72시간 저당 올리브 푸가스 330g,,간식/디저트,9900,real,저당류,239,0.79,42.5,7.64,4.28,520.0,,,,,"-밀 함유
-이 제품은 계란, 우유, 메밀, 대두, 땅콩, 고등어, 게, 새우, 돼지고기, 복숭아, 토마토, 아황산류, 호두, 닭고기, 쇠고기, 오징어, 조개류(굴 등), 잣을 사용한 제품과 같은 제조시설에서 제조",20,https://product-image.kurly.com/product/image/5128e277-dae9-4dd9-8c49-73e97f0d9223.jpg,,https://www.kurly.com/goods/1001639970,kurly
[면사랑] 저당 냉메밀장국 300g*5개입,,조미료/소스,5700,real,저당류,27,0.0,4.33,2.33,0.0,787.0,,,,,하단 표시사항 참조,20,https://product-image.kurly.com/product/image/4e3ac5b4-1161-4619-bb83-aec9ea48edd2.png,,https://www.kurly.com/goods/1002142586,kurly
[브로드카세] 단백질을 더한 저당 통밀빵 2종 (택1),,간식/디저트,6750,real,저당류,290,4.0,52.0,11.0,4.0,340.0,,,,,"- 통밀식빵 : 밀, 우유, 대두 함유
- 통밀모닝빵 : 밀, 우유, 알류, 대두 함유
- 계란, 메밀, 땅콩, 고등어, 게, 새우, 돼지고기, 복숭아, 토마토, 아황산류, 호두, 닭고기, 쇠고기, 오징어, 조개류(",20,https://product-image.kurly.com/product/image/70aa80cf-3273-4fbe-807e-3f72d83dc017.jpg,,https://www.kurly.com/goods/1001204786,kurly
[스윗밸런스] 저당 메밀면 샐러드 4종 (택1),,기타,5400,real,저당류,153,3.67,20.33,3.67,6.33,307.0,,,,,"- 저당 불고기 메밀면 : 계란, 대두, 밀, 메밀, 돼지고기, 쇠고기, 우유, 이산화황, 조개류(굴) 함유
- 저당 닭가슴살 메밀면 : 계란, 대두, 밀, 메밀, 닭고기, 토마토, 이산화황 하뮤
- 저당 그릴드오리",20,https://product-image.kurly.com/product/image/05e85d19-fb76-4b9a-9ff9-71f7b120c8ee.jpg,,https://www.kurly.com/goods/1002223225,kurly
[브로드카세] 72시간 저당 토마토 푸가스 330g,,간식/디저트,11000,real,저당류,257,2.28,45.43,7.63,5.02,348.0,,,,,"-밀, 토마토, 이산화황 함유
-이 제품은 계란, 메밀, 대두, 땅콩, 고등어, 게, 새우, 돼지고기, 복숭아, 호두, 닭고기, 쇠고기, 오징어, 조개류(굴 등), 잣을 사용한 제품과 같은 제조시설에서 제조",20,https://product-image.kurly.com/product/image/d33f0c9b-8256-4d5d-9aae-8209a7fb0b60.jpg,,https://www.kurly.com/goods/1001639974,kurly
[브로드카세] 72시간 저당 호밀로만 사워도우 2종 (택1),,간식/디저트,8200,real,저당류,230,2.66,53.54,4.9,1.37,349.0,,,,,"-밀 함유
-이 제품은 계란, 우유, 메밀, 대두, 땅콩, 고등어, 게, 새우, 돼지고기, 복숭아, 토마토, 아황산류, 호두, 닭고기, 쇠고기, 오징어, 조개류(굴 등), 잣을 사용한 제품과 같은 제조시설에서 제조",20,https://product-image.kurly.com/product/image/e8630dba-3560-4763-a01c-565d00625369.jpg,,https://www.kurly.com/goods/1001936870,kurly
[브로드카세] 72시간 저당 사워도우 슬랩 2종 (택1),,간식/디저트,7200,real,저당류,255,0.0,47.74,8.64,3.3,388.0,,,,,"-밀 함유
-이 제품은 계란, 우유, 메밀, 대두, 땅콩, 고등어, 게, 새우, 돼지고기, 복숭아, 토마토, 아황산류, 호두, 닭고기, 쇠고기, 오징어, 조개류(굴 등), 잣을 사용한 제품과 같은 제조시설에서 제조",20,https://product-image.kurly.com/product/image/198d7047-293d-4c55-b1f6-984d2e051773.jpg,,https://www.kurly.com/goods/1001639964,kurly
[마이노멀 x YOZM] 저당 그릭요거트 알룰로스 블랜드 100g,,조미료/소스,4200,real,저당류,120,3.0,5.0,7.0,8.0,35.0,,,알룰로스,,"- 우유 함유
* 밀, 호두, 대두 혼입 가능",20,https://product-image.kurly.com/product/image/290c1cd0-81a1-4ca2-98b4-a06d00089c54.jpg,,https://www.kurly.com/goods/1001300893,kurly
[브로드카세] 72시간 저당 컨트리 통밀 깜빠뉴 2종 (택1),,간식/디저트,7700,real,저당류,240,2.0,46.0,11.0,1.3,360.0,,,,,"-밀 함유
-이 제품은 계란, 우유, 메밀, 대두, 땅콩, 고등어, 게, 새우, 돼지고기, 복숭아, 토마토, 아황산류, 호두, 닭고기, 쇠고기, 오징어, 조개류(굴 등), 잣을 사용한 제품과 같은 제조시설에서 제조",20,https://product-image.kurly.com/product/image/76bcaf99-23fa-403b-a290-47c55988fe8e.jpg,,https://www.kurly.com/goods/1001639951,kurly
"[올가] 저당 아몬드 크런치볼 2종, 택1",,간식/디저트,4900,real,저당류,391,30.16,91.81,3.88,0.89,2.0,,,,,"- 통현미 : 대두 함유
* 우유, 메밀, 땅콩, 밀, 고등어, 게, 새우, 돼지고기, 복숭아, 토마토, 아황산류, 호두, 닭고기, 쇠고기, 오징어, 잣, 알류, 조개류(굴, 전복, 홍합 포함) 혼입 가능

- 통보",20,https://product-image.kurly.com/product/image/2725cb50-41c3-45f8-8f8f-1cf761692f52.jpg,,https://www.kurly.com/goods/1002296137,kurly
[브로드카세] 72시간 저당 호밀통밀 사워도우 슬랩 2종 (택1),,간식/디저트,6930,real,저당류,238,0.89,49.74,7.63,0.99,449.0,,,,,"-밀 함유
-이 제품은 계란, 우유, 메밀, 대두, 땅콩, 고등어, 게, 새우, 돼지고기, 복숭아, 토마토, 아황산류, 호두, 닭고기, 쇠고기, 오징어, 조개류(굴 등), 잣을 사용한 제품과 같은 제조시설에서 제조",20,https://product-image.kurly.com/product/image/17f4c6cf-f545-4e60-bd98-3ea5a165c68b.jpg,,https://www.kurly.com/goods/1001639962,kurly
[YOZM X 테일러] 저당 푸룬 그릭요거트 130g,,유제품,4900,real,저당류,215,2.31,16.15,10.0,12.31,23.0,,,,,- 우유 함유,20,https://product-image.kurly.com/product/image/73a55303-3383-4759-ae2f-7787beeb3f96.jpg,,https://www.kurly.com/goods/1001733664,kurly
[베지밀] 데일리 저당 두유 (190mL X 16개),,음료,13900,real,저당류,50,0.9,2.11,4.74,2.63,55.0,,,,,* 대두 함유,20,https://product-image.kurly.com/product/image/70ab8e1d-3175-4166-9a0d-42a234cfee45.png,,https://www.kurly.com/goods/1002075401,kurly
[청정원] 순창 차돌 저당 된장찌개양념 450g,,조미료/소스,8480,real,저당류,77,0.75,6.39,7.1,3.0,1990.0,,,,,"대두,밀,쇠고기,땅콩,조개류(바지락) 함유",20,https://product-image.kurly.com/product/image/8aef7956-2e0a-4b68-80b1-208394de9336.jpg,,https://www.kurly.com/goods/1001241299,kurly
[브로드카세] 72시간 저당 버터 사워도우 슬랩 2종 (택1),,간식/디저트,6930,real,저당류,260,1.15,48.71,6.61,4.34,418.0,,,,,"-밀, 우유 함유
-이 제품은 계란, 메밀, 대두, 땅콩, 고등어, 게, 새우, 돼지고기, 복숭아, 토마토, 아황산류, 호두, 닭고기, 쇠고기, 오징어, 조개류(굴 등), 잣을 사용한 제품과 같은 제조시설에서 제조",20,https://product-image.kurly.com/product/image/220070c8-de97-4022-9807-c245414c64a8.jpg,,https://www.kurly.com/goods/1001639967,kurly
[꼬박꼬밥] 고단저당 꼬박꼬밥 7개입 7종 (택1),,음료,22000,real,저당류,401,4.1,34.15,49.92,7.21,496.0,,,"효소처리스테비아,말토덱스트린,수크랄로스,에리스리톨,스테비아",,"- 우유, 대두, 밀, 쇠고기 함유
- 본 제품은 달걀, 메밀, 땅콩, 밀, 돼지고기, 복숭아, 토마토, 아황산류, 호두, 닭고기, 쇠고기, 조개류(가리비)를 사용한 제품과 같은 제조 시설에서 제조하고 있습니다.",20,https://product-image.kurly.com/product/image/a05ea0ab-5723-4597-ab3a-8b7777d4eb0e.jpg,,https://www.kurly.com/goods/1001458079,kurly
[자유] 저당 플레이버 연유 크림 시리즈 4종 (택1),,조미료/소스,8900,real,저당류,122,4.7,33.0,9.0,4.7,44.0,,,,,옵션 별 상이 (하단표시사항 참조),20,https://product-image.kurly.com/product/image/cdc20d9b-4435-41e1-a2ba-3f94bd2bd9cf.jpg,,https://www.kurly.com/goods/1002197399,kurly
[브로드카세] 72시간 저당 멀티그레인 컨트리 깜빠뉴 2종 (택1),,간식/디저트,7700,real,저당류,245,1.1,48.9,7.0,2.4,473.0,,,,,"-밀, 대두 함유
-이 제품은 계란, 우유, 메밀, 땅콩, 고등어, 게, 새우, 돼지고기, 복숭아, 토마토, 아황산류, 호두, 닭고기, 쇠고기, 오징어, 조개류(굴 등), 잣을 사용한 제품과 같은 제조시설에서 제조",20,https://product-image.kurly.com/product/image/a027315a-5c77-4182-a2fa-d10e36d0aa10.jpg,,https://www.kurly.com/goods/1001639955,kurly
[브로드카세] 72시간 저당 호밀 사워도우 슬랩 2종 (택1),,간식/디저트,7700,real,저당류,229,1.36,48.39,6.69,0.99,520.0,,,,,"-밀 함유
-이 제품은 계란, 우유, 메밀, 대두, 땅콩, 고등어, 게, 새우, 돼지고기, 복숭아, 토마토, 아황산류, 호두, 닭고기, 쇠고기, 오징어, 조개류(굴 등), 잣을 사용한 제품과 같은 제조시설에서 제조",20,https://product-image.kurly.com/product/image/b7645881-f169-4e68-b4b4-cf3742e0e80c.jpg,,https://www.kurly.com/goods/1001639959,kurly
[브로드카세] 72시간 저당 올리브 가득 치아바타 슬랩 2종 (택1),,간식/디저트,6930,real,저당류,245,0.0,42.0,7.0,5.0,510.0,,,,,"-밀 함유
-이 제품은 계란, 메밀, 대두, 땅콩, 고등어, 게, 새우, 돼지고기, 복숭아, 토마토, 아황산류, 호두, 닭고기, 쇠고기, 오징어, 조개류(굴 등), 잣을 사용한 제품과 같은 제조시설에서 제조",20,https://product-image.kurly.com/product/image/2eb5b121-b6b7-4ba9-9810-8f9f106be197.jpg,,https://www.kurly.com/goods/1001936846,kurly
[더브레드블루] 저당 고단백 멀티그레인 바게트 180g,,간식/디저트,6300,real,저당류,130,3.0,5.0,11.0,10.0,5.0,,,,,"- 밀, 대두, 호두 함유
- 땅콩, 토마토, 아황산류, 복숭아 혼입 가능",20,https://product-image.kurly.com/product/image/6d49500c-e2d7-4172-b807-d30b14c4be7b.jpg,,https://www.kurly.com/goods/1002238460,kurly
[도리깨침] 7가지 채소찜 시즌 1 (2인분/저당소스 포함),,조미료/소스,9810,real,저당류,45,3.5,9.0,1.7,0.3,100.0,,,알룰로스,,"대두, 밀, 아황산류 함유 ",20,https://product-image.kurly.com/product/image/a6449410-c1f9-44e8-894e-a31557af35a7.jpg,,https://www.kurly.com/goods/1001343969,kurly
[브로드카세] 72시간 저당 오레가노 슬랩 2종 (택1),,간식/디저트,7200,real,저당류,225,0.38,43.81,7.11,2.35,357.0,,,,,"-밀 함유
-이 제품은 계란, 메밀, 대두, 땅콩, 고등어, 게, 새우, 돼지고기, 복숭아, 토마토, 아황산류, 호두, 닭고기, 쇠고기, 오징어, 조개류(굴 등), 잣을 사용한 제품과 같은 제조시설에서 제조",20,https://product-image.kurly.com/product/image/48ba9187-96b1-4c4d-a0dc-03d0b420b268.jpg,,https://www.kurly.com/goods/1001936852,kurly
[도리깨침] 7가지 채소찜 시즌 2 (2인분/저당소스 포함),,조미료/소스,9810,real,저당류,45,3.5,9.0,1.7,0.3,100.0,,,알룰로스,,"대두, 밀, 아황산류 함유",20,https://product-image.kurly.com/product/image/ab157f4f-6741-4465-9d66-bda8c36113cd.jpg,,https://www.kurly.com/goods/1001343973,kurly
[무료배송][일동후디스] 하이뮨 프로틴 밸런스 저당 음료 16개입,,음료,20800,real,저당류,68,2.37,7.37,5.26,2.37,68.0,,,,,"우유,대두 함유",20,https://product-image.kurly.com/product/image/1fc19995-0c29-45cf-ab33-899e2fa85d1b.jpg,,https://www.kurly.com/goods/1000033217,kurly
[대상웰라이프] 뉴케어 당플랜 저당 안심 크런치칩 페퍼솔트맛 40g,,간식/디저트,2500,real,저당류,463,1.25,57.5,17.5,20.0,500.0,,,수크랄로스,,"- 대두 함유
* 우유, 알류(가금류), 메밀, 땅콩, 밀, 고등어, 게, 새우, 돼지고기, 복숭아, 토마토, 아황산류, 호두, 닭고기, 쇠고기, 오징어, 조개류(굴, 전복, 홍합 포함) 잣 혼입 가능",20,https://product-image.kurly.com/product/image/1aea9dc4-4f26-46bc-a39d-fe477198c4be.jpg,,https://www.kurly.com/goods/1002023055,kurly
[자연담은] 유기농 저당 호라산 밀 혼합 10곡 1kg,,기타,20900,real,저당류,333,0.0,75.8,10.6,1.0,17.0,,,,,,20,https://product-image.kurly.com/product/image/312cf0ff-ea46-4311-8089-5436ab017c11.jpg,,https://www.kurly.com/goods/1000775169,kurly
[신라명과] 아침에 먹기 좋은 밀브랜 저당통밀식빵 420g,,간식/디저트,4860,real,저당류,295,3.0,50.0,10.0,6.0,390.0,,,,,"- 밀, 대두, 우유 함유
- 계란, 호두를 사용한 제품과 같은 제조시설에서 제조",20,https://product-image.kurly.com/product/image/2515bcd8-10b5-4f41-8d24-950c8a055686.jpg,,https://www.kurly.com/goods/1001472509,kurly
[단미정] 저당저염앙금을 담은 가래떡 (50g X 6개) 4종 (택1),,간식/디저트,7125,real,저당류,193,7.65,43.43,3.64,0.51,235.0,,,,,알레르기 유발 물질 관련 사항은 옵션별 상이하므로 필히 상세페이지 하단 한글표시사항 확인 후 구매 및 섭취 부탁드립니다.,20,https://product-image.kurly.com/product/image/8f327e03-b770-417c-b9ac-309967f2e17b.jpg,,https://www.kurly.com/goods/1002146173,kurly
[바리스타룰스] 원데이 무라벨 저당 라떼 (350mL X 20개),,음료,22900,real,저당류,65,4.0,11.0,4.0,2.5,120.0,,,"폴리덱스트로스,아세설팜칼륨,수크랄로스,에리스리톨",,,20,https://product-image.kurly.com/product/image/bdd73ead-e149-431a-b362-21e3a97f46b1.jpg,,https://www.kurly.com/goods/1000886215,kurly
[브로드카세] 72시간 저당 멀티그레인 컨트리 슬랩 2종 (택1),,간식/디저트,7700,real,저당류,234,1.07,48.85,7.15,2.37,473.0,,,,,"-밀, 대두 함유
-계란, 우유, 메밀, 땅콩, 고등어, 게, 새우, 돼지고기, 복숭아, 토마토, 아황산류, 호두, 닭고기, 쇠고기, 오징어, 조개류(굴 등), 잣을 사용한 제품과 제조시설에서 생산",20,https://product-image.kurly.com/product/image/717e573f-99f2-4d43-9ba6-eb2dee1ccce1.jpg,,https://www.kurly.com/goods/1001936864,kurly
[비비드키친] 저칼로리 스리라차소스,,조미료/소스,4980,real,저당류,13,1.09,2.91,0.36,0.18,734.0,,,,,"대두,토마토 함유",20,https://product-image.kurly.com/product/image/5bd65ab8-8232-4f86-ab19-21e00fa78a56.jpg,,https://www.kurly.com/goods/1000561976,kurly
[비비드키친] 저칼로리 스위트 칠리 소스,,조미료/소스,3180,real,저당류,30,0.75,17.5,0.75,0.2,1050.0,,,,,"- 토마토 함유
*달걀,우유,메밀,땅콩,대두,밀,고등어,게,새우,돼지고기,복숭아,아황산류,호두,닭고기,쇠고기,오징어,조개류(굴,전복,홍합 포함),잣 과 같은 시설에서 제조",20,https://product-image.kurly.com/product/image/e1830393-6a35-44da-91f9-24a7edd5e2d3.jpg,,https://www.kurly.com/goods/5055839,kurly
[일일곡식] 옛날방앗간 미숫가루 저당서리태 450g,,조미료/소스,9900,real,저당류,410,2.5,75.0,12.5,6.5,220.0,,,,,대두 함유,20,https://product-image.kurly.com/product/image/bfd1b1ae-713a-43f5-a211-e8bd7a347080.jpg,,https://www.kurly.com/goods/1001434546,kurly
[몽크슈] 액상 알룰로스 530g,,조미료/소스,8400,real,무첨가당,2,0.2,0.5,0.0,0.0,10.0,,,알룰로스,,,20,https://product-image.kurly.com/product/image/48c40ab9-55a4-4270-a7ac-71d88fed489c.jpg,,https://www.kurly.com/goods/1000752350,kurly
[저당미식] 설탕을 넣지 않은 돼지불고기 2종 (택1),,조미료/소스,7900,real,저당류,270,6.0,6.0,21.0,18.0,420.0,,,,,"쇠고기, 돼지고기, 대두, 밀, 우유 함유",20,https://product-image.kurly.com/product/image/017e64d1-121b-4a5c-aa70-c6b0c0a0016e.jpg,,https://www.kurly.com/goods/1002249680,kurly
[설탕대신] 알룰로스 시럽 더블 스윗 525g,,조미료/소스,7980,real,무첨가당,0,0.0,0.4,0.0,0.0,0.0,,,알룰로스,,"우유,메밀,땅콩,대두,밀,복숭아,토마토,호두를 사용한 제품과 같은 제조시설에서 제조하고 있습니다. ",20,https://product-image.kurly.com/product/image/b3bccd48-8779-46e3-a42c-28f8021469b5.jpg,,https://www.kurly.com/goods/1000556865,kurly
[오넛티] 100% 아몬드 스프레드 230g 2종 (택1),,조미료/소스,14310,real,,569,55.2,55.2,3.5,36.6,10.0,,,,,"- 아몬드 함유
* 땅콩, 헤이즐넛, 캐슈넛, 피스타치오, 마카다미아 혼입 가능",20,https://product-image.kurly.com/product/image/bfeab363-c83e-4069-9424-75a77fd07265.jpg,,https://www.kurly.com/goods/1001068655,kurly
[떡미당] 혈당안심 고단백 찹쌀떡 (50g x 6개) 2종 (택1),,간식/디저트,12900,real,,258,0.0,32.9,23.3,4.6,412.0,,,"효소처리스테비아,말티톨,스테비아",,"- 대두, 호두 함유
- 이 제품은 밀, 우유, 아황산류, 계란, 땅콩, 오징어, 쇠고기, 돼지고기, 닭고기, 토마토를 사용한 제품과 같은 제조시설에서 제조하고 있습니다.",20,https://product-image.kurly.com/product/image/943ff126-3de6-4f92-8aeb-1a3c351a5c6c.jpg,,https://www.kurly.com/goods/1002041425,kurly
[마이노멀] 엑스트라 버진 올리브오일 마요네즈 260g,,조미료/소스,10980,real,,830,0.0,0.0,0.0,92.0,0.0,,,,,"*대두,계란 함유
- 본 제품은 우유, 밀, 땅콩, 메밀, 고등어, 게, 새우, 복숭아, 닭고기, 돼지고기, 토마토, 아황산류, 호두, 쇠고기, 오징어, 조개류(굴,전복,홍합 포함), 잣을 사용한 제품과 같은 제조",20,https://product-image.kurly.com/product/image/bb79ef5a-0ba4-4d99-a970-c218ce5d9259.jpg,,https://www.kurly.com/goods/5097148,kurly
[무화당] 생크림롤 (1개입),,간식/디저트,6700,real,,270,0.0,17.0,8.83,23.0,89.0,,,,,"-계란, 우유 함유
*이 제품은 대두, 땅콩, 밀을 사용한 제품과 같은 제조시설에서 제조했습니다. ",20,https://img-cf.kurly.com/shop/data/goods/1592448623207l0.jpg,,https://www.kurly.com/goods/5053089,kurly
[하인즈] 라이트 마요네즈 285mL,,조미료/소스,5980,real,저당류,320,7.0,10.0,0.8,31.0,675.0,,,,,계란 함유,20,https://product-image.kurly.com/product/image/41ee5da4-b84b-4558-a3e7-8f90d2e8118f.jpg,,https://www.kurly.com/goods/1000436747,kurly
[대상웰라이프] 뉴케어 당플랜 호두맛 24팩,,음료,47900,real,,100,0.0,11.2,5.2,5.2,80.0,,,,,"- 대두, 우유, 호두 함유
",20,https://product-image.kurly.com/product/image/5729bbfd-6b16-49b0-9f17-11cd8275a0a7.jpg,,https://www.kurly.com/goods/1001924355,kurly
[청정원] 알룰로스 시럽용 500g,,조미료/소스,9480,real,무첨가당,25,2.0,72.0,0.0,0.0,0.0,,,알룰로스,,,20,https://product-image.kurly.com/product/image/2e88160b-823b-426e-bcc8-e05b35c2cd5e.jpg,,https://www.kurly.com/goods/1000677922,kurly
[비비드키친] 저칼로리 양념치킨소스,,조미료/소스,3550,real,저당류,30,2.0,20.0,1.0,0.0,680.0,,,,,"-대두, 밀, 쇠고기, 토마토 함유
*알류, 우유, 메밀, 땅콩, 고등어, 게, 돼지고기, 새우, 복숭아, 아황산류, 호두, 닭고기, 오징어, 조개류(굴, 전복, 홍합 포함), 잣을 사용한 제품과 같은 제조시설에서",20,https://product-image.kurly.com/product/image/9f735faa-0c6b-4229-a402-2c782276522d.jpg,,https://www.kurly.com/goods/5155445,kurly
[매일] 매일두유 99.9 (190mL X 12개),,음료,8980,real,,293,15.76,36.89,7.19,13.0,217.0,,,,,"- 대두 함유
- 우유, 땅콩, 밀, 계란, 토마토, 복숭아, 호두, 닭고기를 사용한 제품과 같은 제조시설에서 제조",20,https://product-image.kurly.com/product/image/f5922738-3662-485e-b5a3-874b01858679.jpg,,https://www.kurly.com/goods/5060440,kurly
[오넛티] 100% 캐슈넛 스프레드 230g,,조미료/소스,17900,real,,570,5.5,34.1,21.0,39.7,7.0,,,,,"- 캐슈넛 함유
* 땅콩, 아몬드, 헤이즐넛, 피스타치오, 마카다미아 혼입 가능",20,https://product-image.kurly.com/product/image/90f4cebe-6dd0-4c38-b62c-54dc86bb1af3.jpg,,https://www.kurly.com/goods/1001220967,kurly
[풀무원] 50% 당을 낮춘 새콤달콤 유부초밥,,수산가공품,6480,real,,175,7.0,11.0,9.0,11.0,900.0,,,,,"대두, 밀, 계란, 우유 함유",20,https://product-image.kurly.com/product/image/58510623-425d-443c-ba66-ae43005e3394.jpg,,https://www.kurly.com/goods/1001395637,kurly
[마음이가] 현미 귀리 가래떡 500g (개별 포장),,간식/디저트,6000,real,,217,0.0,47.5,3.8,0.3,118.0,,,,,"-이 제품은 대두, 계란, 우유, 땅콩, 호두, 밀을 사용한 제품과 같은 제조 시설에서 제조",20,https://img-cf.kurly.com/shop/data/goods/1591942149355l0.jpg,,https://www.kurly.com/goods/5051019,kurly
[하인즈] 50% 슈가앤솔트 케찹 435g,,조미료/소스,4880,real,,50,11.0,12.0,1.0,0.0,360.0,,,,,- 토마토 함유 ,20,https://product-image.kurly.com/product/image/9c6430db-1972-40c4-a964-6d98c644de34.jpg,,https://www.kurly.com/goods/1001114926,kurly
[외계인방앗간] 우리쌀 저당모닝빵 400g 2종 (택1),,간식/디저트,8500,real,저당류,287,2.0,50.0,11.0,5.0,341.0,,,,,"- 밀 함유
- 이 제품은 난류, 우유, 대두, 밀, 땅콩, 메밀, 호두, 새우, 게, 토마토, 복숭아, 쇠고기, 돼지고기를 사용한 제품과 같은 제조시설에서 제조하고 있습니다.",20,https://product-image.kurly.com/product/image/85c4f25a-5ca6-4392-ac94-b2d468d5a0d1.jpg,,https://www.kurly.com/goods/1000626441,kurly
[샐러드판다] 두유면 샐러드 3종(택1),,유제품,6500,real,,115,3.7,20.64,5.29,1.91,316.0,,,,,"- 들깨 깻잎 두유면 샐러드 : 대두, 밀, 조개류(굴) 함유
- 비빔 탄탄 두유면 샐러드 : 알류, 땅콩, 대두, 밀, 돼지고기, 아황산류, 조개류(굴) 함유
- 바질 토마토 두유면 샐러드 : 알류, 우유, 대두,",20,https://product-image.kurly.com/product/image/472f59ce-c615-486d-b15a-fcca5f31450a.jpg,,https://www.kurly.com/goods/1001544812,kurly
[매일] 매일두유 고단백 (190mL X 12개),,음료,9880,real,,58,0.9,3.16,6.32,2.53,105.0,,,,,"*대두 함유
*본 제품은 우유, 땅콩, 밀, 달걀, 토마토, 복숭아, 호두를 사용한 제품과 같은 시설에서 제조하고 있습니다.",20,https://product-image.kurly.com/product/image/7defff1e-04b8-4978-abdc-4d0f0f1a6e45.jpg,,https://www.kurly.com/goods/1000476796,kurly
[대상웰라이프] 뉴케어 당플랜 검은깨맛 24팩,,음료,47900,real,,100,0.0,11.2,5.2,5.2,80.0,,,,,"- 대두, 우유 함유
- 이 제품은 알레르기 발생 가능성이 있는 게, 땅콩, 잣, 호두를 사용한 제품과 같은 제조시설에서 제조하고 있습니다.",20,https://product-image.kurly.com/product/image/5e37b2b4-1f59-4e63-8f32-9c84ea0e320d.png,,https://www.kurly.com/goods/1001924361,kurly
[리고] 100% 땅콩버터 천크 453g,,조미료/소스,9380,real,,599,6.15,24.54,27.96,43.17,0.0,,,,,- 땅콩 함유,20,https://product-image.kurly.com/product/image/c0788c0a-bc32-4983-a1db-e01963d2e7d5.jpg,,https://www.kurly.com/goods/1000631323,kurly
[떡찌니] 우리쌀 유기농 떡국떡 2종 500g (택1),,간식/디저트,7400,real,,186,0.0,40.0,5.0,0.0,225.0,,,,,,20,https://img-cf.kurly.com/shop/data/goods/161188883635l0.jpg,,https://www.kurly.com/goods/5066967,kurly
[빙그레] 요플레 라이트 딸기 (80g X 6개),,유제품,4280,real,저당류,81,6.88,10.0,2.63,3.25,38.0,,,,,- 우유 함유,20,https://product-image.kurly.com/product/image/1b8969c6-c62e-4f3b-b2d6-27c508479bc9.jpg,,https://www.kurly.com/goods/1001451713,kurly
[브로드카세] 든든 치즈 치아바타 2종 (택1),,간식/디저트,8820,real,,250,0.7,38.0,9.0,7.0,490.0,,,,,"- 크렌베리 햄&치즈 : 우유, 밀, 대두, 돼지고기 함유
- 저당 페페로니 치즈 그린& 블랙 : 밀, 우유, 대두, 돼지고기, 쇠고기 함유
- 이 제품은 계란, 메밀, 땅콩, 고등어, 게, 새우, 복숭아, 토마토,",20,https://product-image.kurly.com/product/image/9ae21f8e-9895-4210-8e53-1188ea79a0c3.jpg,,https://www.kurly.com/goods/1001203467,kurly
[브로드카세] 72시간 진한 초코 사워도우 깜빠뉴 2종 (택1),,간식/디저트,7700,real,,244,9.89,49.31,6.2,2.42,262.0,,,,,"-밀, 대두 함유
-이 제품은 계란, 우유, 메밀, 땅콩, 고등어, 게, 새우, 돼지고기, 복숭아, 토마토, 아황산류, 호두, 닭고기, 쇠고기, 오징어, 조개류(굴 등), 잣을 사용한 제품과 같은 제조시설에서 제조",20,https://product-image.kurly.com/product/image/f0e4ef36-e038-4c25-81de-1050a31d9503.jpg,,https://www.kurly.com/goods/1001936880,kurly
대용량 트러플 카사바칩 500g,,간식/디저트,10960,real,,504,3.0,71.0,1.0,24.0,130.0,,,,,,20,https://product-image.kurly.com/product/image/3ebaa9ca-23d6-43b8-bb8a-cb7efd593404.jpg,,https://www.kurly.com/goods/1000783621,kurly
[매일유업] 바이오 드링크 그릭요거트 710mL 3종 (택1),,음료,4230,real,,69,6.58,8.95,4.37,1.79,55.0,,,,,"- 우유 함유
* 대두, 달걀, 복숭아, 밀 혼입 가능",20,https://product-image.kurly.com/product/image/e06ed75f-7616-4ebd-a40e-f268d3ce8c26.jpg,,https://www.kurly.com/goods/1001193006,kurly
[덴마크] 덴마크 하이 그릭 프로즌 아이스크림 474g,,간식/디저트,5980,real,,70,2.0,20.0,2.0,0.6,35.0,,,,,- 우유 함유,20,https://product-image.kurly.com/product/image/522f2b2e-8013-4a43-ae32-23e68bf5ee8e.jpg,,https://www.kurly.com/goods/1001540059,kurly
[포케올데이] 저당&글루텐프리 스프 2종 (택1),,즉석식품,3600,real,저당류,108,4.4,11.6,1.12,6.4,200.0,,,"효소처리스테비아,스테비아",,-옵션 별 상이 (하단 표시사항 참조) ,20,https://product-image.kurly.com/product/image/244992de-e1cf-4254-84bb-aad6b7afff3a.jpg,,https://www.kurly.com/goods/1001632084,kurly
[두유본색] 단호박 아침두유 (190mL X 10개),,음료,24900,real,,40,0.4,6.0,1.72,1.02,54.0,,,"효소처리스테비아,스테비아",,"*대두 함유
-이 제품은 계란, 우유, 메밀, 땅콩, 밀, 토마토, 복숭아, 호두, 잣을 사용한 제품과 같은 제조시설에서 제조",20,https://product-image.kurly.com/product/image/2f25b627-8bf9-4342-8e30-bb315417f88a.jpg,,https://www.kurly.com/goods/1000969090,kurly
[리고] 100% 땅콩버터 크리미 453g,,조미료/소스,9380,real,,600,6.0,15.0,30.0,43.0,0.0,,,,,- 땅콩 함유,20,https://product-image.kurly.com/product/image/323ee86d-6c9a-43d2-b8df-47c3b72b6b71.jpg,,https://www.kurly.com/goods/1000631321,kurly
[연세두유] 뼈를 생각한 고칼슘 두유 호두아몬드 (190mL X 24개),,음료,12400,real,,53,3.33,4.44,2.78,2.5,67.0,,,,,"* 대두, 땅콩, 호두 함유",20,https://product-image.kurly.com/product/image/9d0328f1-eee3-4e38-953b-d3fdec5cb7d1.jpg,,https://www.kurly.com/goods/1001493148,kurly
[매일] 매일두유 렌틸콩 (190mL X 24개),,음료,17560,real,,53,0.79,4.47,4.74,2.37,63.0,,,"스테비올 배당체,알룰로스",,*대두 함유,20,https://product-image.kurly.com/product/image/15eea3db-175f-46dd-8da0-fe16be458444.jpg,,https://www.kurly.com/goods/1001443808,kurly
[오뚜기]  가뿐한끼 현미밥 150g X 30입,,즉석식품,28900,real,,143,0.0,30.67,2.67,0.93,3.0,,,,,,20,https://product-image.kurly.com/product/image/5f3991cf-b5d5-4c1c-af4c-428f3a6cf7ae.jpg,,https://www.kurly.com/goods/1000050990,kurly
[바디랩] 서리태 순수두유 99.9 (190mL X 24개),,음료,20900,real,,29,0.53,3.68,3.16,0.21,53.0,,,,,,20,https://product-image.kurly.com/product/image/b49036e9-f5b5-4479-b28f-42dc4a8e2145.jpg,,https://www.kurly.com/goods/1001766716,kurly
[아카페라] 심플리 커피 RTD 400mL X 20병 4종 (택1),,음료,24900,real,,3,0.0,0.57,0.18,0.04,21.0,,,,,,20,https://product-image.kurly.com/product/image/0880df27-d108-463d-85b1-71eeb35b77fa.jpg,,https://www.kurly.com/goods/1001296430,kurly
[동원] 유부초밥 4종 (택1),,수산가공품,4480,real,,209,18.9,21.26,4.72,11.81,890.0,,,,,옵션별 상이하므로 상세페이지 확인 부탁드립니다.,20,https://product-image.kurly.com/product/image/2a924236-35e6-4dde-9514-d31fa9ca273e.jpg,,https://www.kurly.com/goods/1002193284,kurly
[풀무원] 특등급 국산콩 두유 2종,,음료,7000,real,,47,2.47,4.74,3.68,2.05,63.0,,,,,*대두함유,20,https://product-image.kurly.com/product/image/b64822c1-dba4-4e4e-af1a-ccbc69587235.jpg,,https://www.kurly.com/goods/1001913126,kurly
[감코리아] 곶감 쏙 5종 디저트 샘플러,,간식/디저트,15900,real,,242,0.7,55.0,2.6,10.0,11.0,,,,,,20,https://product-image.kurly.com/product/image/d8150a6e-42e1-4175-bc2b-aee8a7ec7c24.jpg,,https://www.kurly.com/goods/1001159441,kurly
[오뚜기] 컵누들 불닭맛 6입,,주식/면류,8530,real,,310,4.76,66.67,2.38,3.1,1595.0,,,,,하단 표시사항 참조,20,https://product-image.kurly.com/product/image/32ba3d69-518a-4dee-8bc7-f14f2f880b1c.jpg,,https://www.kurly.com/goods/1001986905,kurly
[효자원] 제주 순 메밀국수 500g,,주식/면류,14980,real,,361,1.0,72.5,13.7,1.7,22.0,,,,,- 메밀 함유,20,https://product-image.kurly.com/product/image/dcb125df-3bc2-40ce-86ac-70da601feff7.jpg,,https://www.kurly.com/goods/1001333100,kurly
"[티젠] 애플 사이다 비니거 2종(10개입, 30개입)",,음료,5700,real,,200,3.33,46.67,0.0,0.65,17.0,,,"말토덱스트린,수크랄로스,에리스리톨",,,20,https://product-image.kurly.com/product/image/e1ee0a22-23e1-486a-ba75-66754c777e92.jpg,,https://www.kurly.com/goods/1001132488,kurly
[풀무원] 지구식단 찰곤약 떡볶이떡 300g,,간식/디저트,3480,real,,213,1.0,51.0,4.67,0.6,210.0,,,,,"- 밀, 대두 함유
* 게, 새우, 고등어, 계란, 땅콩, 우유, 메밀, 돼지고기, 쇠고기, 복숭아, 토마토, 호두, 닭고기, 오징어, 조개류(굴, 전복, 홍합 포함), 아황산류, 잣 혼입가능",20,https://product-image.kurly.com/product/image/05ccbbcb-bc85-41e0-81e0-f1dc58c4ddec.jpg,,https://www.kurly.com/goods/1001747420,kurly
[한끼통살] 닭가슴살 치밥 주먹밥 3종 (택1),,육가공품,8070,real,,205,4.0,40.0,5.0,2.8,480.0,,,,,"핫양념치킨맛
- 대두, 밀, 토마토, 닭고기, 쇠고기 함유

데리야끼맛
- 대두, 밀, 토마토, 닭고기, 쇠고기 함유

핵불닭맛
- 대두, 밀, 토마토, 닭고기, 쇠고기, 조개류(굴) 함유",20,https://product-image.kurly.com/product/image/f85b5767-b0d0-4e90-826b-00fd40d7def0.jpg,,https://www.kurly.com/goods/1001188024,kurly
[베지밀] 고단백 두유 초코 (190mL X 16개),,음료,16500,real,,68,2.26,3.95,6.32,2.89,108.0,,,,,"*대두 함유
-이 제품은 달걀, 우유, 메밀, 땅콩, 밀, 토마토, 복숭아, 호두, 잣을 사용한 제품과 같은 제조시설에서 제조",20,https://product-image.kurly.com/product/image/86008b20-e951-42e4-ac5b-70d88099ecf5.jpg,,https://www.kurly.com/goods/1000850128,kurly
[매일] 매일두유 고단백 두유 (190mL X 24개),,음료,21900,real,,48,0.65,3.5,6.0,2.15,105.0,,,,,*대두 함유,20,https://product-image.kurly.com/product/image/1c7a8cf8-fede-4fe3-9610-acb9980014a2.png,,https://www.kurly.com/goods/1002081090,kurly
[매일유업] 바이오 드링크 그릭요거트 2종 (190mL X 3개) (택1),,음료,5400,real,,69,6.58,8.95,4.37,1.79,49.0,,,,,"- 우유 함유
* 대두, 달걀, 복숭아, 밀 혼입 가능",20,https://product-image.kurly.com/product/image/b0784fc2-3c15-444b-ae5b-4b677660753a.jpg,,https://www.kurly.com/goods/1001194069,kurly
[종근당건강] 락토핏 마시는 유산균 3종 (130mL X 4개) (택1),,유제품,4980,real,,75,17.5,17.5,1.1,0.0,31.0,,,,,"*대두, 우유 함유",20,https://product-image.kurly.com/product/image/28fb6778-4adc-4bb9-bc02-e7b066547119.png,,https://www.kurly.com/goods/1000743024,kurly
[매일] 우유속에 코코아 락토프리 (300mL X 8개),,유제품,10600,real,,80,8.67,11.33,2.33,2.8,52.0,,,,,"- 우유, 밀 함유",20,https://product-image.kurly.com/product/image/f1650c6c-08ba-46e0-930e-19557cd68f8a.jpg,,https://www.kurly.com/goods/1001394997,kurly
[브로드카세] 저온숙성 브리오슈 식빵 3종 (택1),,간식/디저트,7900,real,,341,9.0,60.0,10.0,7.0,528.0,,,,,"-밀, 우유, 알류(계란) 함유
-이 제품은 메밀, 대두, 땅콩, 고등어, 게, 새우, 돼지고기, 복숭아, 토마토, 아황산류, 호두, 닭고기, 쇠고기, 오징어, 조개류(굴 등), 잣을 사용한 제품과 같은 제조시설에서",20,https://product-image.kurly.com/product/image/07058f91-3df6-40dc-9315-98cf330be48c.jpg,,https://www.kurly.com/goods/1001936897,kurly
[비비드키친] 흑임자 드레싱,,조미료/소스,4280,real,무첨가당,106,2.5,6.67,6.67,5.83,300.0,,,알룰로스,,"- 달걀, 땅콩, 대두, 밀 함유",20,https://product-image.kurly.com/product/image/5f70a03e-f64f-4600-a5d9-806c06a0fc4d.jpg,,https://www.kurly.com/goods/1002140276,kurly
[매일] 우유속에 딸기 락토프리 (300mL X 8개),,유제품,10600,real,,75,8.67,11.33,2.0,2.43,48.0,,,,,"- 우유, 밀 함유",20,https://product-image.kurly.com/product/image/a736beb6-b53d-48a8-a534-39ac959aa583.jpg,,https://www.kurly.com/goods/1001394995,kurly
[유가원] 유기농 캐슈넛 스프레드 220g,,조미료/소스,15900,real,,570,5.5,34.1,21.0,39.7,7.0,,,,,"- 호두, 대두, 땅콩, 밀, 잣, 메밀, 우유 혼입 가능",20,https://product-image.kurly.com/product/image/73ce4244-7da6-4da2-8d3d-ca72d168d93b.jpg,,https://www.kurly.com/goods/1000760307,kurly
[두유본색] 흑임자 아침두유 (190mL X 10개),,음료,27900,real,,40,0.4,6.0,1.72,1.02,54.0,,,"효소처리스테비아,스테비아",,* 대두 함유,20,https://product-image.kurly.com/product/image/e18e1466-ee59-47ec-8989-796a225a4d98.jpg,,https://www.kurly.com/goods/1001339081,kurly
[퀵쿠킹] 유기농 콜리플라워 라이스드 600g,,기타,6990,real,,25,2.0,5.0,2.0,0.0,30.0,,,,,,20,https://product-image.kurly.com/product/image/9b3e77c8-9294-45d4-b65b-8b18386577a0.jpg,,https://www.kurly.com/goods/1000634117,kurly
[곡물도감] 카무트 귀리 가득 고칼슘두유 (180mL X 15개),,음료,31900,real,,44,0.24,3.68,3.4,1.8,68.0,,,,,"*대두 함유
-본 제품은 우유, 메밀, 땅콩, 밀, 토마토, 잣, 복숭아, 호두를 사용한 제품과 같은 제조시설에서 제조",20,https://product-image.kurly.com/product/image/eff9a986-cb86-4df5-af3a-939a50630752.jpg,,https://www.kurly.com/goods/1001147059,kurly
[이롬] 황성주 무가당 국산콩 두유 (140mL X 24개),,음료,13900,real,무첨가당,26,0.26,1.32,2.11,1.37,63.0,,,,,* 대두 함유,20,https://product-image.kurly.com/product/image/00debaa8-c2ed-4231-9973-8676b90dd9f0.jpg,,https://www.kurly.com/goods/1002139989,kurly
[햇반] 현미 귀리 갈릭볶음밥 (2개입),,기타,5980,real,,183,4.29,28.57,7.14,5.24,338.0,,,,,"닭고기, 대두, 밀, 쇠고기, 우유, 조개류(굴)함유",20,https://product-image.kurly.com/product/image/3a9c277b-09b1-40b9-8ab2-acf6bc1d5437.jpg,,https://www.kurly.com/goods/1001638445,kurly
[마켓오네이처] 오!그래놀라 오리지널 280g,,간식/디저트,9100,real,,513,4.7,58.0,11.1,27.7,180.0,,,폴리덱스트로스,,"- 밀, 대두 함유
* 달걀, 우유, 땅콩, 호두, 복숭아, 토마토, 돼지고기, 쇠고기, 닭고기, 오징어, 새우, 게, 아황산류, 조개류(굴, 홍합 포함) 혼입 가능",20,https://product-image.kurly.com/product/image/06ac2948-a47b-4109-a800-54de053b0db2.jpg,,https://www.kurly.com/goods/1002191945,kurly
[두유본색] 자색고구마 아침두유 (190mL X 10개),,음료,24900,real,,48,0.59,8.05,1.91,0.93,61.0,,,"효소처리스테비아,스테비아",,"*대두 함유
-이 제품은 계란, 우유, 메밀, 땅콩, 밀, 토마토, 복숭아, 호두, 잣을 사용한 제품과 같은 제조시설에서 제조",20,https://product-image.kurly.com/product/image/ea695c8e-5bc1-4474-b077-d52d7b083db3.jpg,,https://www.kurly.com/goods/1000969092,kurly
[자연담은] 국산 유기농 호라산밀 1kg,,기타,17900,real,,355,0.0,76.0,11.0,1.0,17.0,,,,,,20,https://product-image.kurly.com/product/image/a774ffd1-7fcc-462e-a8cc-137499479162.jpg,,https://www.kurly.com/goods/1000681094,kurly
[바디랩] 아임 귀리 두유 (190mL X 24개),,음료,18400,real,,29,0.37,3.16,2.63,0.58,79.0,,,,,,20,https://product-image.kurly.com/product/image/aaa422bd-9631-40a2-827f-433fe260de6b.jpg,,https://www.kurly.com/goods/1001766718,kurly
[동원] 저스트 No Sugar 황도 슬라이스 400g,,즉석식품,3480,real,,90,16.0,20.0,0.0,0.0,0.0,,,,,- 복숭아  함유,20,https://product-image.kurly.com/product/image/dadca2d4-f8a7-481c-a3b5-5e825ebe3b3a.jpg,,https://www.kurly.com/goods/1000606455,kurly
[펄세스] 스테비아 커피믹스 마일드 2종 (택1),,음료,29900,real,무첨가당,377,0.0,68.57,4.64,20.98,170.0,,,스테비아,,우유함유,20,https://product-image.kurly.com/product/image/ae1a6a96-9d31-4e88-8391-9129516b9583.jpg,,https://www.kurly.com/goods/1001176680,kurly
[완전두유] 검은콩 17곡 고칼슘 (190mL X 16개),,음료,6900,real,,53,5.26,7.89,2.11,1.47,63.0,,,,,* 대두 함유,20,https://product-image.kurly.com/product/image/651cb477-9224-4c4e-af89-f547a1049cb6.jpg,,https://www.kurly.com/goods/1002273928,kurly
[포스트] 콘푸라이트1/3라이트530g,,간식/디저트,8160,real,저당류,383,20.0,86.67,3.33,2.0,633.0,,,,,"- 이 제품을 밀, 호두. 우유, 돼지고기, 메밀, 땅콩, 토마토, 복숭아를 사용한 제품과 같은 제조시설에서 제조하였음",20,https://product-image.kurly.com/product/image/6b0c0e61-6466-4950-8ef2-ea5cafb9659f.jpg,,https://www.kurly.com/goods/1002149667,kurly
[완전두유] 검은콩 검은참깨 고칼슘 (190mL X 16개),,음료,6900,real,,53,5.26,6.32,2.11,1.89,63.0,,,,,* 대두 함유,20,https://product-image.kurly.com/product/image/0a402a63-f23a-4bb9-9f1c-943ca0653928.jpg,,https://www.kurly.com/goods/1002273930,kurly
[동원] 양반 귀리쌀죽 400g (파우치),,즉석식품,3980,real,,51,1.0,11.75,0.75,0.6,11.0,,,말토덱스트린,,,20,https://product-image.kurly.com/product/image/5509a6bb-1d34-42a2-adfc-ad8e79b1a6f1.jpg,,https://www.kurly.com/goods/1001238466,kurly
[동화약품] 부채표 배러텐션 120ml 10입,,기타,12500,real,,49,8.08,9.71,2.47,0.03,20.0,,,"스테비올 배당체,아세설팜칼륨",,"* 본 제품은 알류(가금류),우유,땅콩,대두,밀,고등어,게,새우,돼지고기,복숭아,토마토,아황산류,호두,닭고기,쇠고기,오징어,조개류(굴,전복 포함),잣을 사용한 제품과 같은 제조시설에서 제조하고 있습니다. ",20,https://product-image.kurly.com/product/image/507651a3-6c0d-4051-b4e1-3577daa13d43.jpg,,https://www.kurly.com/goods/1001397048,kurly
[남양유업] 프렌치카페 카페믹스 스테비아 2종,,음료,6530,real,무첨가당,272,0.0,74.76,0.0,13.59,146.0,,,스테비아,,,20,https://product-image.kurly.com/product/image/73723179-e26d-4957-8849-88a451d91362.jpg,,https://www.kurly.com/goods/1002209646,kurly
[대상웰라이프] 뉴케어 당플랜 미니 검은깨맛 150mL 24개입,,음료,38900,real,,73,0.67,8.0,4.0,4.0,80.0,,,,,"*특이체질, 알레르기 체질의 경우에는 개인에 따라 과민 반응을 나타낼 수 있으므로 원료를 확인 후 섭취 바랍니다.",20,https://product-image.kurly.com/product/image/9ff9074c-917b-40fb-9bae-452e163e1ad4.png,,https://www.kurly.com/goods/1002145817,kurly
[브로드카세] 숙성로인 통밀 사워도우 슬랩 샌드위치,,기타,9500,real,,252,1.65,27.45,15.83,8.73,520.0,,,,,"- 밀, 대두, 우유, 돼지고기, 알류(계란) 함유
- 이 제품은 메밀, 땅콩, 고등어, 게, 새우, 복숭아, 토마토, 아황산류, 호두, 닭고기, 쇠고기, 오징어, 조개류(굴 등), 잣을 사용한 제품과 같은 제조시설",20,https://product-image.kurly.com/product/image/43a455f8-46af-4e97-8845-30b87ec72659.jpg,,https://www.kurly.com/goods/1002250895,kurly
"[심플잇] 닥터프로틴 그레인 45g 2종, 택1",,건강기능식품,16800,real,,378,0.89,37.78,46.67,8.0,600.0,,,"말토덱스트린,수크랄로스",,"*우유, 대두, 밀 함유",20,https://product-image.kurly.com/product/image/0bfff21b-a72e-4d07-9587-97fab0ed8f1d.jpg,,https://www.kurly.com/goods/1002043529,kurly
[대상웰라이프] 뉴케어 단호박맛 24팩,,음료,43990,real,,100,4.5,15.0,4.0,3.0,90.0,,,,,"- 대두, 우유 함유
",20,https://product-image.kurly.com/product/image/38a8e3bb-2cab-42fc-901d-6ca4333ace8c.png,,https://www.kurly.com/goods/1001924144,kurly
[면사랑] 우리쌀100%쌀국수사리(160g*5),,주식/면류,6140,real,,175,0.0,38.75,3.13,1.0,72.0,,,,,"- 대두, 우유 유",20,https://product-image.kurly.com/product/image/eda4bcd0-4d51-48c3-9623-4478b6746574.jpg,,https://www.kurly.com/goods/1001489911,kurly
[면사랑] 우리쌀100%수제비사리 500g (지퍼팩),,즉석식품,4380,real,,245,0.0,54.0,4.0,1.5,190.0,,,,,"- 대두, 우유 함유",20,https://product-image.kurly.com/product/image/c98077f1-bb90-4cf9-8df1-c5b5a37eec60.jpg,,https://www.kurly.com/goods/1001489913,kurly
[대상웰라이프] 뉴케어 당플랜 인절미맛 24팩,,건강기능식품,47900,real,,100,0.0,11.2,5.2,5.2,80.0,,,,,"대두, 우유 함유
",20,https://product-image.kurly.com/product/image/3685d25b-d456-4668-a692-83634e36b70d.png,,https://www.kurly.com/goods/1001924359,kurly
[도시곳간] 저당 반찬 6종 (택 1),,기타,3960,real,저당류,75,0.83,4.17,5.0,5.0,133.0,,,,,,20,https://product-image.kurly.com/product/image/e88320de-b57b-4b72-a43c-90fd7c653a53.jpg,,https://www.kurly.com/goods/1002335422,kurly
[랩노쉬] 리얼 저당 그래놀라 2종 (택1),,간식/디저트,9900,real,저당류,455,2.0,71.3,7.4,15.5,41.0,,,,,"- 대두, 우유, 알류, 메밀, 땅콩, 밀, 고등어, 게, 새우, 돼지고기, 복숭아, 토마토, 아황산류, 호두, 닭고기, 쇠고기, 오징어, 조개류(굴, 전복, 홍합) 혼입 가능",20,https://product-image.kurly.com/product/image/173b0aed-a38c-49af-a96f-6ad801ff6375.jpg,,https://www.kurly.com/goods/1000229099,kurly
[마이노멀] 저당 과일푸딩 2종 (택1),,간식/디저트,13280,real,저당류,22,3.24,10.81,0.0,0.0,22.0,,,"효소처리스테비아,나한과추출분말,알룰로스,스테비아",,"- 복숭아 푸딩: 본 제품은 알류(가금류), 우유, 대두, 밀, 게, 쇠고기를 사용한 제품과 같은 제조시설에서 제조함. 복숭아 함유
- 망고 푸딩 : 본 제품은 알류(가금류), 우유, 복숭아, 밀, 게, 쇠고기를 사",20,https://product-image.kurly.com/product/image/ba77949b-f9e2-4a6e-8564-64643c2883cf.png,,https://www.kurly.com/goods/1002028624,kurly
[담백담장] 저당춘장 300g,,조미료/소스,8800,real,저당류,127,2.0,30.0,10.0,3.0,3320.0,,,알룰로스,,하단참조,20,https://product-image.kurly.com/product/image/e161be2f-f695-4300-ba15-487746fdf379.jpg,,https://www.kurly.com/goods/1001391435,kurly
[Project H] 고단백 저당 식빵 188g,,간식/디저트,5900,real,저당류,277,2.13,42.55,12.77,7.87,489.0,,,,,"- 알류(달걀), 우유, 밀, 대두 함유
- 본 제품은 돼지고기, 땅콩, 복숭아, 아황산류, 호두를 사용한 제품과 같은 제조시설에서 제조하고 있습니다.",20,https://product-image.kurly.com/product/image/ad25d6d2-a6fe-4c38-b6f5-5f7d2d0e4923.jpg,,https://www.kurly.com/goods/1001328033,kurly
[롯데웰푸드] 위즐 저당 리치 바닐라 660mL,,간식/디저트,6000,real,저당류,85,2.4,13.0,1.0,5.0,55.0,,,,,"- 우유, 달걀 함유 ",20,https://product-image.kurly.com/product/image/96cccc8a-2336-4af7-896d-c45c8f3b28a0.jpg,,https://www.kurly.com/goods/1001333111,kurly
[비비드키친] 저당 마라떡볶이양념,,간식/디저트,2780,real,저당류,160,2.0,28.0,5.0,12.0,2620.0,,,,,하단 표시사항 참조,20,https://product-image.kurly.com/product/image/21f3941e-e32e-415a-8bb9-c25b08014af0.jpg,,https://www.kurly.com/goods/1001853143,kurly
[샘표] 밸런스죽 저당 동지찹쌀통팥죽 420g,,즉석식품,3580,real,저당류,69,0.1,15.63,3.37,0.13,189.0,,,,,"* 대두함유
- 이 제품은 알류,우유,메밀,땅콩,밀,고등어,게,새우,돼지고기,복숭아,토마토,아황산류,호두,닭고기,쇠고기,오징어,조개류,잣을 사용한 제품과 같은 시설에서 제조하고 있습니다. ",20,https://product-image.kurly.com/product/image/d99fbb2a-859d-4c6a-838e-f3aee94347d7.jpg,,https://www.kurly.com/goods/1000402771,kurly
[비비드키친] 저당 겉절이양념 100g,,조미료/소스,2580,real,저당류,100,2.3,22.0,5.0,4.0,2550.0,,,,,새우 함유,20,https://product-image.kurly.com/product/image/91397f06-dcb8-46a3-a732-d90631026146.jpg,,https://www.kurly.com/goods/1001434552,kurly
[CJ] 최강록셰프 저당 마라소스 260g,,조미료/소스,5980,real,저당류,350,4.2,24.6,0.4,32.2,726.0,,,,,"본 제품은 알류,우유,메밀,땅콩,게,새우,돼지고기,복숭아,토마토,고등어,아황산류,호두,닭고기,오징어,잣 혼입가능
대두,밀,쇠고기,조개류(굴) 함유",20,https://product-image.kurly.com/product/image/981a5fa8-36ac-4162-9c5c-a55f5e55bea4.png,,https://www.kurly.com/goods/1002056628,kurly
[닥터로빈] 저당 치아바타 (140g X 3개),,간식/디저트,6900,real,저당류,253,2.0,43.0,9.0,4.0,439.0,,,,,"- 밀 함유
- 대두, 우유, 알류, 땅콩, 호두, 토마토, 돼지고기, 게, 새우, 메밀, 고등어, 복숭아, 잣, 닭고기, 쇠고기, 조개류(굴, 전복, 홍합 포함), 오징어, 아황산류를 사용한 제품과 같은 제조시설에",20,https://product-image.kurly.com/product/image/abe59cdf-f392-4ad4-9630-4e4277d4460c.jpg,,https://www.kurly.com/goods/1001459575,kurly
[비비드키친] 저당 멸치볶음양념 250g,,조미료/소스,5280,real,저당류,90,1.2,49.0,1.0,9.0,140.0,,,,,"대두, 밀 함유
이 제품은 알류, 우유, 메밀, 땅콩, 고등어, 게, 새우, 돼지고기, 복숭아, 토마토, 호두, 닭고기, 쇠고기, 오징어, 조개류(굴,전복,홍합 포함), 아황산류, 잣을 사용한 제품과 같은 제조시설에",20,https://product-image.kurly.com/product/image/383644c4-094a-44d1-aa22-33d8fb7e2448.jpg,,https://www.kurly.com/goods/1001397501,kurly
[비브리브] 꼬박꼬밥 고단저당 자색고구마 7개입,,건강기능식품,22000,real,저당류,396,4.02,37.02,50.29,5.17,456.0,,,,,"- 우유, 대두, 쇠고기 함유
- 본 제품은 달걀, 메밀, 땅콩, 밀, 돼지고기, 복숭아, 토마토, 아황산류, 호두, 닭고기, 조개류(가리비)를 사용한 제품과 같은 제조 시설에서 제조하고 있습니다.",20,https://product-image.kurly.com/product/image/1747fd05-eee7-40a2-9b78-29ab4e583edc.jpg,,https://www.kurly.com/goods/1001225122,kurly
[완전두유] 국산콩 검은콩 고칼슘 저당 (190mL X 16개),,음료,9900,real,저당류,32,0.53,2.11,2.63,1.84,58.0,,,,,* 대두 함유,20,https://product-image.kurly.com/product/image/ce20bda6-1d35-410c-9853-8cd53217cbff.jpg,,https://www.kurly.com/goods/1002273926,kurly
[마이노멀] 저칼로리 토마토 케찹 310g,,조미료/소스,5600,real,저당류,35,3.0,16.0,2.0,0.1,980.0,,,,,"* 토마토 함유
- 본 제품은 계란, 우유, 대두, 밀, 땅콩, 메밀, 고등어, 게, 새우, 복숭아, 닭고기, 돼지고기, 아황산류, 호두, 쇠고기, 오징어, 조개류(굴,전복,홍합 포함), 잣을 사용한 제품과 같은 ",20,https://product-image.kurly.com/product/image/2c34ea4b-e227-4db2-acca-632c90252d8c.jpg,,https://www.kurly.com/goods/5097149,kurly
[마이노멀] 100% 국산콩 두부면 5입,,수산가공품,15900,real,,22,0.0,2.26,2.27,0.84,57.0,,,,,- 대두 함유,20,https://product-image.kurly.com/product/image/a5b6447f-a777-43ba-9aad-7fc92b821738.jpg,,https://www.kurly.com/goods/1002003426,kurly
[매일] 커피속에 모카치노 락토프리 (300mL X 3개),,음료,3980,real,,68,8.33,10.0,2.0,2.3,53.0,,,,,- 우유 함유,20,https://product-image.kurly.com/product/image/9561d2f9-446b-4506-a95e-871b81610a8a.jpg,,https://www.kurly.com/goods/1001558565,kurly
[마켓오네이처] 한끼바 치즈맛 120g (40g x 3입),,간식/디저트,3600,real,,408,4.75,55.0,15.0,17.5,425.0,,,,,"- 밀, 달걀, 우유, 대두, 게 함유
* 땅콩, 호두, 복숭아, 토마토, 돼지고기, 쇠고기, 닭고기, 오징어, 새우, 조개류(굴, 홍합 포함) 혼입 가능",20,https://product-image.kurly.com/product/image/4bd58198-2b68-4fbd-8e62-7f4aa27b95b1.jpg,,https://www.kurly.com/goods/1002044499,kurly
[메디웰] 당솔브 호두맛 200ml 18입,,음료,27120,real,,40,0.0,3.5,5.5,1.0,200.0,,,,,"- 대두, 우유, 호두 함유
* 닭고기, 알류(가금류), 밀, 고등어, 게, 새우, 돼지고기, 복숭아, 토마토, 아황산류, 쇠고기, 오징어, 조개류 (굴, 전복, 홍합 포함) , 잣, 메밀, 땅콩 혼입 가능성 있음",20,https://product-image.kurly.com/product/image/968e50f5-d4ee-4297-8037-2c794904d585.jpg,,https://www.kurly.com/goods/1002297836,kurly
[자유] 밀키프로틴 연유 스틱 15g x 15,,조미료/소스,10900,real,,100,5.33,33.33,8.0,5.33,60.0,,,수크랄로스,,"- 대두, 우유 함유",20,https://product-image.kurly.com/product/image/34d83365-9e82-428f-87aa-2ba7e5397670.jpg,,https://www.kurly.com/goods/1002197405,kurly
[더테이블] 마녀스프 2종 (택1),,즉석식품,4900,real,,45,1.82,4.24,3.94,1.52,77.0,,,,,"- 닭고기, 토마토, 계란, 대두, 밀 함유",20,https://product-image.kurly.com/product/image/a71bb55f-2607-43e5-889e-939e0e9029b5.jpg,,https://www.kurly.com/goods/1001455946,kurly
[그림의빵] 라즈베리 초코 그낭시에 (32g X 4개),,간식/디저트,14400,real,,276,1.13,24.41,15.63,20.34,277.0,,,,,"- 대두, 아황산류, 알류(계란), 우유 함유
- 본 제품은 새우, 돼지고기, 견과류, 땅콩을 사용한 제품과 같은 제조시설에서 제조",20,https://product-image.kurly.com/product/image/e567e10d-825c-480c-81a6-4a25cf4f4557.jpg,,https://www.kurly.com/goods/5138818,kurly
[완전두유] 더진한 국산콩 무가당 (190mL X 16개),,음료,9600,real,무첨가당,36,0.5,2.14,3.57,1.57,43.0,,,,,* 대두 함유,20,https://product-image.kurly.com/product/image/a8ea258a-7ee6-4c4c-ab1a-75f5b318009f.jpg,,https://www.kurly.com/goods/1002273918,kurly
[완전두유] 국산콩 검은콩 무가당 (190mL X 16개),,음료,9800,real,무첨가당,29,0.37,1.58,2.63,1.42,63.0,,,,,* 대두 함유,20,https://product-image.kurly.com/product/image/a278917b-1b07-4de4-8823-ab0132054021.jpg,,https://www.kurly.com/goods/1002273920,kurly
[완전두유] 더진한 서리태 무가당 99.9 (190mL X 16개),,음료,12900,real,무첨가당,34,0.42,2.11,2.63,1.95,47.0,,,,,* 대두 함유,20,https://product-image.kurly.com/product/image/1849940a-3a62-47f4-80eb-fc0ca69ecad1.jpg,,https://www.kurly.com/goods/1002273924,kurly
[완전두유] 검은콩 고칼슘 (190mL X 16개),,음료,6900,real,,66,4.21,5.79,2.63,3.68,87.0,,,,,* 대두 함유,20,https://product-image.kurly.com/product/image/5ce4c911-8d58-4fc5-bd5e-b3f33a4ae01e.jpg,,https://www.kurly.com/goods/1002273932,kurly
[담담] 마시는 하루 견과 (180mL X 20개),,음료,45000,real,,66,0.41,2.55,2.0,5.32,32.0,,,,,,20,https://product-image.kurly.com/product/image/a891ce20-dbfe-4b8b-9e24-a7ee5e777266.jpg,,https://www.kurly.com/goods/1001819659,kurly
[완전두유] 더진한 렌틸콩 무가당 (190mL X 16개),,음료,11900,real,무첨가당,42,0.37,2.63,3.16,2.0,55.0,,,,,* 대두 함유,20,https://product-image.kurly.com/product/image/9099da21-e8e0-4eb5-b880-e9d2ef76a624.jpg,,https://www.kurly.com/goods/1002273922,kurly
[남양] 불가리스 그릭 요거트 설탕 무첨가 플레인 2종,,조미료/소스,3580,real,,90,4.5,5.0,7.2,4.7,80.0,,,,,,20,https://product-image.kurly.com/product/image/e7645449-7266-4aa9-87cb-f4db12c84035.jpg,,https://www.kurly.com/goods/1000635417,kurly
[우물우물] 더 바른 무설탕 진미 오징어채 200g,,조미료/소스,11490,real,무첨가당,349,0.0,11.68,59.06,5.23,608.0,,,"아세설팜칼륨,D-소비톨액",,"- 오징어 함유
- 본 제품은 키토산(새우, 게등의 갑각류 추출물), 우유, 대두, 밀, 돼지고기, 소고기를 사용한 제품과 같은 소분시설에서 소분하고 있습니다.",20,https://product-image.kurly.com/product/image/1a17cce5-07e3-459e-be70-6271d77a1de8.jpg,,https://www.kurly.com/goods/1002180997,kurly
[쎄르당] 슈가프리 하트 롤리팝 캔디 (버킷 44입),,간식/디저트,14900,real,무첨가당,384,0.0,96.0,0.0,0.0,0.0,,,,,,20,https://img-cf.kurly.com/shop/data/goods/1656989604387l0.jpg,,https://www.kurly.com/goods/5110034,kurly
[바클리즈] 페퍼민트 캔디 2종,,간식/디저트,2980,real,,380,0.0,95.0,0.0,0.0,0.0,,,,,,20,https://product-image.kurly.com/product/image/57feef40-cc3b-4feb-ae0e-a84823152739.jpg,,https://www.kurly.com/goods/5115054,kurly
[대상웰라이프] 뉴케어 당플랜 안심바 48입,,간식/디저트,28900,real,,100,0.0,11.0,5.0,5.0,75.0,,,,,"본 제품은 우유,밀,복숭아,토마토,아황산류,호두,닭고기,쇠고기,잣을 사용한 제품과 같은 제조시설에서 제조하고 있습니다.",20,https://product-image.kurly.com/product/image/3340e6a5-63f0-4ee9-8aa3-378de01ff8ba.jpg,,https://www.kurly.com/goods/1000086612,kurly
[풀무원다논] 하루요거트 설탕 무첨가 플레인 (80g X 16개),,조미료/소스,6900,real,,54,4.38,6.25,3.75,1.5,44.0,,,,,- 우유함유,20,https://product-image.kurly.com/product/image/4a29a89a-9104-46b1-9671-883ede5b6aec.png,,https://www.kurly.com/goods/1002069302,kurly
[빙그레] 요플레 플레인 화이트 설탕 무첨가  (80mL X 4개),,조미료/소스,3480,real,,68,3.0,6.0,3.0,3.5,45.0,,,,,- 우유 함유,20,https://product-image.kurly.com/product/image/105a21b8-3937-41b3-9c24-e2c820787e27.png,,https://www.kurly.com/goods/1002106124,kurly
[엠오이칼] 키즈 체리맛 캔디 75g,,간식/디저트,4500,real,,231,0.0,96.0,0.0,0.0,0.0,,,,,,20,https://img-cf.kurly.com/shop/data/goods/1584683999102l0.jpg,,https://www.kurly.com/goods/5049956,kurly
[풀무원다논] 액티비아 화이트플레인 (130mL X 8개),,유제품,8980,real,,56,2.5,6.25,3.75,2.13,44.0,,,,,-우유 함유,20,https://product-image.kurly.com/product/image/ead9edc1-ad1e-4378-83d5-510986212ce4.jpg,,https://www.kurly.com/goods/1001272838,kurly
[후디스] 유기농 그릭 요거트 2종 (80g X 4개) (택1),,유제품,7500,real,,125,8.0,8.0,6.0,7.8,115.0,,,,,"-우유 함유
-이 제품은 알류, 대두, 복숭아가 함유된 제품과 같은 제조시설에서 제조하고 있습니다.",20,https://img-cf.kurly.com/shop/data/goods/1652083613170l0.jpg,,https://www.kurly.com/goods/5047639,kurly
[퀸즈트리] 100% 땅콩버터 500g 2종 (택1),,조미료/소스,9490,real,,599,6.15,24.54,27.96,43.17,0.0,,,,,- 땅콩 함유,20,https://product-image.kurly.com/product/image/a48387d6-4c91-433e-ae22-16d49fe4397c.jpg,,https://www.kurly.com/goods/1000213813,kurly
[메리디안] 100% 유기농 땅콩버터 (크런치) 280g,,조미료/소스,16000,real,,640,6.0,22.0,25.0,50.0,0.0,,,,,"- 땅콩 함유
- 견과류(호두, 잣) 혼입 가능",20,https://product-image.kurly.com/product/image/828a6cfb-e5b3-4f52-8d0f-7deef7972001.jpg,,https://www.kurly.com/goods/1000464584,kurly
[슈퍼너츠] 100% 땅콩버터 대용량 3종 (택1),,조미료/소스,15400,real,,599,6.15,24.54,27.96,43.17,0.0,,,,,"- 땅콩 함유
- 쇠고기, 알류, 대두, 밀, 우유, 메밀, 고등어, 게, 새우, 돼지고기, 복숭아, 아황산류, 호두, 닭고기, 오징어, 조개류(굴, 전복, 홍합 포함), 잣 혼입가능 ",20,https://product-image.kurly.com/product/image/c90b9f96-d817-4203-aa57-c188b83e78c5.jpg,,https://www.kurly.com/goods/5025646,kurly
[고넛츠] 유기농 100% 땅콩버터 엑스트라 크런치 270g,,조미료/소스,15210,real,,599,6.15,24.54,27.96,43.17,0.0,,,,,"- 땅콩 함유
- 견과류(대두, 호두, 잣) 혼입 가능",20,https://product-image.kurly.com/product/image/944c4503-4183-4f76-92de-07afd6e17142.jpg,,https://www.kurly.com/goods/1000466090,kurly
[마이노멀 x YOZM] 저당 그릭요거트 애플시나몬 130g,,유제품,4730,real,저당류,165,3.08,24.61,10.77,5.08,19.0,,,,,"- 우유 함유
* 밀, 호두, 대두, 복숭아 혼입 가능",20,https://product-image.kurly.com/product/image/7e7c59eb-9f83-41ac-b8a9-05ff09e2baa1.jpg,,https://www.kurly.com/goods/1001300891,kurly
[고넛츠] 유기농 100% 땅콩버터 270g,,조미료/소스,15210,real,,599,6.15,24.54,27.96,43.17,0.0,,,,,"- 땅콩 함유
- 견과류(대두, 호두, 잣) 혼입 가능",20,https://product-image.kurly.com/product/image/d48691f0-de4e-4a9d-adb5-221b4e2b2f14.jpg,,https://www.kurly.com/goods/1000466083,kurly
[남양] 마시는 불가리스 설탕무첨가 사과&골드키위 (150mL X 4개),,조미료/소스,4990,real,,50,2.4,3.33,3.0,2.67,49.0,,,,,- 우유함유,20,https://product-image.kurly.com/product/image/b2e08fcc-5980-4c0c-825a-fb096fea18e1.png,,https://www.kurly.com/goods/1002104856,kurly
[글루어트] 애플사이다비니거 15포 4종,,음료,13900,real,,200,3.33,46.67,0.0,0.65,17.0,,,,,"*특이체질, 알레르기 체질의 경우에는 개인에 따라 과민 반응을 나타낼 수 있으므로 원료를 확인 후 섭취 바랍니다.",20,https://product-image.kurly.com/product/image/6eabc720-7bfd-45a0-9795-3830b30b7cbe.jpg,,https://www.kurly.com/goods/1001626138,kurly
[라이블링] 애플사이다비니거 옐로우구미 60개입,,음료,22900,real,,200,3.33,46.67,0.0,0.65,17.0,,,,,"- 대두, 돼지고기 함유
- 본 제품은 알레르기 발생 가능성이 있는 알류(가금류), 우유, 메밀, 땅콩, 밀, 고등어, 게, 새우, 복숭아, 토마토, 아황산류, 호두, 닭고기, 쇠고기, 오징어, 조개류(굴, 전복, ",20,https://product-image.kurly.com/product/image/9e51da5b-9575-4adc-bc57-a30e3688eff0.jpg,,https://www.kurly.com/goods/1000489842,kurly
[키토케토] 투투컷 혈당컷 알파CD CLA 애플사이다비니거 14포,,음료,17000,real,,200,3.33,46.67,0.0,0.65,17.0,,,,,"*조개류(홍합, 바지락), 토마토, 밀, 새우, 대두 함유",20,https://product-image.kurly.com/product/image/89520522-a3e1-4d6f-bf64-b05880ec3a2d.jpg,,https://www.kurly.com/goods/1001811089,kurly
"[쌍계명차] 잔망루피 애플사이다비니거 10개입 3종, 택1",,음료,4500,real,,200,3.33,46.67,0.0,0.65,17.0,,,,,각별한 주의가 필요한 임산 초기등의 시기에는 전문의와 상담 후 섭취바랍니다.,20,https://product-image.kurly.com/product/image/6ee926d4-a666-4a42-afdd-d6093f0ddc2c.jpg,,https://www.kurly.com/goods/1002157892,kurly
[풀무원다논] 그릭시그니처 플레인 (150g X 4개),,유제품,5980,real,,80,4.0,6.0,7.5,3.1,65.0,,,,,- 우유 함유,20,https://product-image.kurly.com/product/image/b669f57d-5067-4c92-8901-b172cd624032.jpg,,https://www.kurly.com/goods/1001986254,kurly
[비비슨] 올웨이즈 핏 애플 사이다 비니거 구미 60개입,,음료,19900,real,,340,8.64,84.22,0.33,0.17,178.0,,,,,,20,https://product-image.kurly.com/product/image/0ed6ab61-2c76-44c4-a357-6a5f38337e5a.jpg,,https://www.kurly.com/goods/1001759471,kurly
[풀무원] 아임리얼 당근 700mL,,음료,10980,real,,39,6.84,9.47,0.53,0.0,18.0,,,,,"-본 제품은 대두,밀,복숭아,알류(계란), 우유, 토마토를 사용한 제품과 같은 시설에서 제조",20,https://product-image.kurly.com/product/image/d5ec3875-1b24-46af-a1f3-74ed2289f9f9.jpg,,https://www.kurly.com/goods/1000767261,kurly
[라이킹] 미미 슈가프리 프레시 민트 캔디 50g,,간식/디저트,2800,real,무첨가당,245,0.0,98.0,0.0,1.0,0.0,,,,,"* 본 제품은 우유, 헤이즐넛을 사용한 제품과 같은 제조시설에서 제조하고 있습니다.",20,https://product-image.kurly.com/product/image/13dc464b-3a03-420f-9154-a3599130a15e.jpg,,https://www.kurly.com/goods/1002361507,kurly
[문경몰] 무설탕 문경 순 오미자 100% 1L,,음료,16950,real,무첨가당,16,1.0,4.0,0.0,0.0,0.0,,,,,,20,https://product-image.kurly.com/product/image/839321ca-8b15-40eb-99d3-6243f2a7e452.jpg,,https://www.kurly.com/goods/5079318,kurly
[포모나] 블랙라벨 바닐라향 시럽 1L,,조미료/소스,13900,real,무첨가당,385,100.0,100.0,0.0,0.0,1.0,,,"자일리톨,말티톨",,"- 우유, 땅콩, 대두, 복숭아, 토마토, 호두, 아황산류 혼입가능",20,https://product-image.kurly.com/product/image/074bf223-55af-48c7-b9bf-7a31fc2d9fa1.jpg,,https://www.kurly.com/goods/1000044559,kurly
[Matt] 유기농 파로 음료 1L,,음료,9700,real,,51,6.0,10.0,0.5,1.0,40.0,,,,,,20,https://product-image.kurly.com/product/image/2381c789-463a-4d8e-b58b-ed2d7a69d852.jpg,,https://www.kurly.com/goods/1001764850,kurly
[담꽃] 단팥죽과 무가당 통팥죽 (냉동),,즉석식품,6800,real,무첨가당,100,0.36,18.0,6.8,0.24,128.0,,,,,"- 우유, 대듀, 밀, 호두, 아황산류, 땅콩을 사용한 제품과 같은 제조시설에서 제조",20,https://img-cf.kurly.com/shop/data/goods/1451872340291l0.jpg,,https://www.kurly.com/goods/5001227,kurly
[정관장] 레네세 홍삼캔디 수 무가당 240g,,간식/디저트,17500,real,무첨가당,250,0.0,99.0,0.0,0.0,0.0,,,,,"※ 대두 함유
※ 이 제품은 알류, 우유, 메밀, 땅콩, 밀, 고등어, 게, 새우, 돼지고기, 복숭아, 토마토, 호두, 닭고기, 쇠고기, 오징어, 조개류, 잣을 사용한 제품과 같은 제조시설에서 제조하고 있습니다.",20,https://product-image.kurly.com/product/image/6b571c9c-32ec-41e0-92cd-53cdb0b1e578.jpg,,https://www.kurly.com/goods/1000674640,kurly
[총각네] 제주콩 무가당 두유 (190mL X 20개),,음료,24900,real,무첨가당,39,0.26,3.16,2.11,1.89,74.0,,,,,"- 대두 함유
- 밀, 메밀, 호두, 땅콩, 잣, 복숭아, 우유, 계란, 토마토를 사용한 제품과 같은 시설에서 제조",20,https://product-image.kurly.com/product/image/94976038-0d30-4951-b931-d68b24b0edcb.jpg,,https://www.kurly.com/goods/5156698,kurly
[어니스트그릭] Smash 깨먹는 민트초코 그릭요거트 100g,,간식/디저트,5400,real,,116,7.0,10.0,6.0,6.0,43.0,,,,,- 우유 함유,20,https://product-image.kurly.com/product/image/c0a27ae1-6f99-4ce7-a0f8-3d3cab3e3640.jpg,,https://www.kurly.com/goods/1001392148,kurly
[허쉬] 코코아파우더 226g,,음료,11900,real,,157,1.0,12.0,25.0,1.0,25.0,,,,,,20,https://img-cf.kurly.com/shop/data/goods/1636521785224l0.jpg,,https://www.kurly.com/goods/5097232,kurly
[그릭데이] 허니그릭요거트 with 그래놀라 3종 (택1),,간식/디저트,4300,real,,194,12.96,22.22,6.48,8.33,42.0,,,,,- 우유 함유,20,https://product-image.kurly.com/product/image/0f3172ad-e5f7-4aa0-9fd3-25f4a6cb0aad.jpg,,https://www.kurly.com/goods/1001574309,kurly
[아프로그릭] 유당제로 그릭요거트 100g,,유제품,2780,real,무당류,265,1.0,9.0,14.0,19.0,22.0,,,,,- 우유 함유,20,https://product-image.kurly.com/product/image/9654d188-c184-4692-94c3-236889b3d542.jpg,,https://www.kurly.com/goods/1001563449,kurly
[아프로그릭] 유당제로 시그니처 그릭요거트 450g,,유제품,9900,real,무당류,175,1.0,9.0,8.0,15.0,5.0,,,,,- 우유 함유,20,https://product-image.kurly.com/product/image/d99076b7-e9da-4f16-926f-6eefdf6009ab.jpg,,https://www.kurly.com/goods/1002040658,kurly
[바디랩] 검은콩 순수두유 99.9 (185mL X 20개),,음료,18400,real,,32,0.0,2.16,3.24,1.41,35.0,,,,,"*대두 함유
- 본 제품은 우유, 밀, 메밀, 토마토, 호두, 땅콩, 잣을 사용한 제품과 같은 시설에서 제조",20,https://product-image.kurly.com/product/image/e8d05e81-b762-4e8a-a6a4-a091855e8bdd.jpg,,https://www.kurly.com/goods/1001029643,kurly
[풀무원녹즙] 국산 서리태 콩즙두유 180mL,,음료,2900,real,,39,0.56,2.78,2.78,1.95,94.0,,,,,*대두 함유,20,https://product-image.kurly.com/product/image/9283a183-a7e4-41c2-a067-210410b51115.jpg,,https://www.kurly.com/goods/1000857185,kurly
[오넛티] 100% 땅콩버터 다크로스트 230g,,조미료/소스,11250,real,,599,6.15,24.54,27.96,43.17,0.0,,,,,"- 땅콩 함유
*아몬드, 헤이즐넛, 캐슈넛, 피스타치오, 마카다미아 혼입 가능",20,https://product-image.kurly.com/product/image/80b573db-e190-4363-8a1a-433c83b0f859.jpg,,https://www.kurly.com/goods/1001406690,kurly
[그릭데이] 플레인 요거트 900mL,,유제품,5700,real,,63,3.41,5.89,3.16,3.0,40.0,,,,,- 우유 함유,20,https://product-image.kurly.com/product/image/5cac3ced-d1bf-45b7-a7cf-2a1af2039dd1.jpg,,https://www.kurly.com/goods/1001574311,kurly
[파스퇴르] 오직 우유 100%로 만든 요거트 1.8L,,유제품,7980,real,,65,5.0,5.0,3.0,3.7,50.0,,,,,- 우유 함유,20,https://product-image.kurly.com/product/image/3766e5d3-4b6b-46c9-a200-7be0be362b1e.jpg,,https://www.kurly.com/goods/1001468411,kurly
[남양] 불가리스 플레인 요거트 1.8L,,유제품,7280,real,,65,4.0,4.5,3.2,3.9,50.0,,,,,- 우유 함유,20,https://product-image.kurly.com/product/image/6e7dc7fa-8033-44d3-8a43-d3e555728cde.jpg,,https://www.kurly.com/goods/1001584203,kurly
[곡물도감] 서리태 가득 콩물두유 (180mL X 15개),,음료,29900,real,,40,0.19,2.34,3.47,1.83,73.0,,,,,"*대두 함유
본 제품은 우유, 메밀, 땅콩, 밀, 토마토, 잣, 복숭아, 호두를 사용한 제품과 같은 제조 시설에서 제조.",20,https://product-image.kurly.com/product/image/3a1095fd-fa5b-45b7-8448-bae019f9e632.jpg,,https://www.kurly.com/goods/1001031987,kurly
[소또레스텔레] 유기농 고식이섬유 후르츠 뮤즐리 350g,,간식/디저트,13800,real,,345,22.0,65.0,8.2,7.6,190.0,,,,,"- 견과류, 참깨, 대두, 겨자씨 혼입 가능",20,https://product-image.kurly.com/product/image/0232dc07-7b54-43ae-974c-342e353d1bb3.jpg,,https://www.kurly.com/goods/1000645876,kurly
[덴마크] 드링킹 요구르트 포스트 바이오틱스 플레인 750mL,,유제품,4780,real,,80,6.0,10.0,3.0,3.0,55.0,,,,,- 우유 함유,20,https://product-image.kurly.com/product/image/127a24bd-d56c-4e56-a854-03e16a5c0b9a.jpg,,https://www.kurly.com/goods/1001460231,kurly
[곡물도감] 21곡 서리태 가득 콩물두유 (180mL X 15개),,음료,29900,real,,40,0.19,2.34,3.47,1.83,73.0,,,,,* 대두 함유,20,https://product-image.kurly.com/product/image/3cfa5d04-0ea5-40e2-b726-82816e183107.jpg,,https://www.kurly.com/goods/1001552584,kurly
[두유당] 하루두유 블랙 국산 서리태 콩물두유 (150mL X 15개),,음료,37900,real,,33,0.56,1.67,3.89,1.28,94.0,,,,,*대두 함유,20,https://product-image.kurly.com/product/image/d5742255-ed42-4d62-9670-cbf619309dbe.jpg,,https://www.kurly.com/goods/1001557626,kurly
[바디랩] 검은약콩 순수두유 (185mL X 20포),,음료,20900,real,,34,0.54,2.16,3.24,1.24,41.0,,,,,"*대두 함유
- 본 제품은 우유, 밀, 메밀, 토마토, 호두, 땅콩, 잣을 사용한 제품과 같은 시설에서 제조",20,https://product-image.kurly.com/product/image/d270ded6-b608-4779-8142-a068db4fedd8.jpg,,https://www.kurly.com/goods/1001029645,kurly
[아리] 포스트바이오틱 에너지 드링크 355mL 7종 (택1),,음료,2000,real,,210,51.0,52.0,0.0,0.0,75.0,,,,,"*우유, 대두, 복숭아 함유",20,https://product-image.kurly.com/product/image/0b86c0f9-e2b5-4b6e-a7fd-30e649cdfdbb.jpg,,https://www.kurly.com/goods/1002241110,kurly
[김구원선생] 국산 유기농 두유 (190mL X 15개),,음료,16720,real,,33,0.53,2.11,2.63,1.58,68.0,,,,,* 대두 함유,20,https://product-image.kurly.com/product/image/16b91959-d826-4a43-9b69-abbc0f919fd1.jpg,,https://www.kurly.com/goods/1002355688,kurly
[구르미] 무지방 요거트 플레인 150g,,유제품,3900,real,,56,5.48,7.94,5.33,0.37,65.0,,,,,*우유 함유,20,https://product-image.kurly.com/product/image/c86ccb96-878b-4830-abb4-a69b8e0ddafe.jpg,,https://www.kurly.com/goods/1000871990,kurly
[네이쳐패스] 유기농 프로틴 그래놀라(피넛버터) 312g,,간식/디저트,13980,real,,341,0.0,41.78,44.73,3.81,757.0,,,,,"- 땅콩 함유
* 본 제품은 우유, 메밀, 밀, 잣, 호두, 대두를 사용한 제품과 같은 제조시설에서 제조하고 있습니다. ",20,https://product-image.kurly.com/product/image/c050532a-e272-4e1b-884b-b3cfce2907ce.jpg,,https://www.kurly.com/goods/1001731176,kurly
[메이버스] 99% 아몬드 스프레드 240g,,조미료/소스,11900,real,,569,55.2,55.2,3.5,36.6,10.0,,,,,,20,https://product-image.kurly.com/product/image/d533ad14-320c-4db5-8191-96cd6734a99b.jpg,,https://www.kurly.com/goods/1001447370,kurly
[한국야쿠르트] 야쿠르트 XO 3 ZERO (120mL X 5개),,유제품,5000,real,무당류,10,0.0,4.17,1.67,0.0,21.0,,,,,"- 우유,대두 함유",20,https://product-image.kurly.com/product/image/042ca97d-6f71-4ab0-b154-3dd8b7821310.jpg,,https://www.kurly.com/goods/1000561909,kurly
[에치와이] 헬리코박터 프로젝트 윌 미니 (80mL X 5개),,유제품,5000,real,,94,8.75,13.75,3.75,3.13,63.0,,,,,- 우유 함유,20,https://product-image.kurly.com/product/image/b44bf050-2a54-4578-9a06-f71357530d96.png,,https://www.kurly.com/goods/1002054108,kurly
[자임] 하루하나 사과초모 레몬톡 14개입,,기타,8900,real,,9,0.2,25.9,0.0,0.2,3.0,,,,,"* 복숭아, 토마토, 우유, 대두, 아황산류를 사용한 제품과 같은 제조시설에서 제조하고 있습니다.",20,https://product-image.kurly.com/product/image/0d9278ac-ca16-468c-b5c7-1e127d987e84.jpg,,https://www.kurly.com/goods/1001472304,kurly
[골리] 애플 사이다 비니거 구미 60정,,음료,28800,real,,340,8.64,84.22,0.33,0.17,178.0,,,,,"본 제품은 알레르기 발생 가능성이 있는 게,새우,조개류를 사용한 제품과 같은 제조 시설에서 제조하고 있습니다.",20,https://product-image.kurly.com/product/image/4fc9cc55-2ce3-4f6f-be84-664af9d259c0.jpg,,https://www.kurly.com/goods/5145664,kurly
"[푸드올로지] 지중해 올리브 레몬 샷 2종+아티초크 20정, 택1",,기타,27500,real,,18,0.65,1.78,0.0,1.2,0.0,,,,,"*특이체질, 알레르기 체질의 경우에는 개인에 따라 과민 반응을 나타낼 수 있으므로 원료를 확인 후 섭취 바랍니다.",20,https://product-image.kurly.com/product/image/b4a5fa5b-1048-4271-93cb-a5d9edf02855.jpg,,https://www.kurly.com/goods/1001893435,kurly
[빙그레] 비바시티 애사비 톡톡 30포,,기타,19900,real,,394,2.39,93.69,0.97,1.67,21.0,,,,,,20,https://product-image.kurly.com/product/image/4ee4bb73-b7be-4b2c-b8ba-05b4371257cd.jpg,,https://www.kurly.com/goods/1001242774,kurly
[후타바] 사크레 레몬 & 파인애플 아이스 샤베트 2종 (200mL X 2개입),,간식/디저트,9600,real,,100,23.0,25.0,0.0,0.0,45.0,,,,,- 우유 함유,20,https://product-image.kurly.com/product/image/d31bc420-8daf-4d0e-a20d-5b8bf88c7278.jpg,,https://www.kurly.com/goods/1002373319,kurly
[메디트리] 스페인산 유기농 레몬즙 스틱 100 2종 (택1),,음료,5900,real,,30,1.56,5.84,0.39,0.58,5.0,,,,,,20,https://product-image.kurly.com/product/image/ddf1ecc2-2668-4535-9eac-bdadf382f574.jpg,,https://www.kurly.com/goods/1000760620,kurly
[프티봉] 유기농 애플사이다 비니거 스틱 3종 (16gx15포),,음료,12900,real,,5,0.0,0.56,0.51,0.03,20.0,,,,,,20,https://product-image.kurly.com/product/image/726688df-985a-4038-b634-ec54b1ae6968.jpg,,https://www.kurly.com/goods/1001395721,kurly
[닥터랩노쉬] 애플사이다비니거 구미 60개입,,음료,15900,real,,289,0.2,71.7,8.34,0.9,17.0,,,,,"- 돼지고기 함유
- 본 제품은 알류(가금류), 메밀, 땅콩, 밀, 고등어, 게, 새우, 우유, 대두, 복숭아, 토마토, 호두, 닭고기, 쇠고기, 아황산류, 오징어, 조개류(굴, 전복, 홍합 포함), 잣 등을 원재료",20,https://product-image.kurly.com/product/image/23df8814-a01a-4109-a57f-a949a4f65919.jpg,,https://www.kurly.com/goods/1000642340,kurly
[올핏] 당제로 유기농 레몬생강즙100 14포,,음료,11900,real,무당류,53,0.0,13.33,0.0,0.0,0.0,,,,,"- 본 제품은 알류, 우유, 메밀, 땅콩, 대두, 밀, 고등어, 게, 새우, 돼지고기, 복숭아, 토마토, 아황산류, 호두, 닭고기, 쇠고기, 오징어, 조개류, 잣을 사용한 제품과 같은 제조 시설에서 제조하고 있습니다",20,https://product-image.kurly.com/product/image/f8aa720f-cb20-4653-bb58-efef3cef0391.jpg,,https://www.kurly.com/goods/1001031758,kurly
[동원] 저스트 노슈가 후르츠 칵테일 2종 (택1),,즉석식품,3980,real,,75,16.0,19.0,0.3,0.0,0.0,,,,,,20,https://product-image.kurly.com/product/image/e8674e89-b1be-4544-9cca-e032097a3aa4.jpg,,https://www.kurly.com/goods/1001084635,kurly
[제누] 스테비아 단백질 커피믹스 오리지널 2종 (택1),,음료,12900,real,무첨가당,311,0.24,58.64,26.21,9.29,149.0,,,스테비아,,"우유, 대두함유",20,https://product-image.kurly.com/product/image/bde2e5c9-dce8-414c-bbee-b16af426a1eb.jpg,,https://www.kurly.com/goods/1001221425,kurly
[롯데칠성] 해피즈 레몬 라임 355mL*6개,,음료,9900,real,,3,0.09,4.3,0.0,0.0,4.0,,,,,,20,https://product-image.kurly.com/product/image/22b08dd9-3779-4ac8-b4ac-ef320f4e05ee.jpg,,https://www.kurly.com/goods/1002158344,kurly
[스타벅스] 파이크 플레이스 로스트 블랙커피 (200mL X 4개),,음료,6080,real,,4,0.0,0.25,0.25,0.11,9.0,,,,,,20,https://product-image.kurly.com/product/image/4db4f0d5-2e46-4854-b3a5-0bd9f44abd1f.jpg,,https://www.kurly.com/goods/1000351644,kurly
[롯데칠성] 레쓰비 모카라떼 (175mL X 30개),,음료,12600,real,,40,8.57,8.57,1.14,0.0,37.0,,,,,,20,https://product-image.kurly.com/product/image/013376dc-cfdc-4531-baf2-03f8cc321be8.jpg,,https://www.kurly.com/goods/1002117747,kurly
[롯데칠성] 더하다 파로 귀리차 500mL*6개입,,음료,7100,real,,10,0.06,2.49,0.24,0.1,5.0,,,,,,20,https://product-image.kurly.com/product/image/ae591c18-10d9-47a9-9d37-9dfc670f45c6.jpg,,https://www.kurly.com/goods/1002262376,kurly
스테비아 대추방울토마토 1kg,,조미료/소스,8990,real,무첨가당,25,2.0,2.0,1.0,1.0,0.0,,,스테비아,,,20,https://product-image.kurly.com/product/image/b48c57af-d045-41cf-8d00-3641ff5dd514.jpg,,https://www.kurly.com/goods/1001234463,kurly
가바(GABA) 스테비아 대추방울토마토 500g,,조미료/소스,6990,real,무첨가당,31,3.5,5.5,1.0,0.5,14.0,,,스테비아,,,20,https://product-image.kurly.com/product/image/58422164-9183-455f-a5f4-a41103a98ee0.jpg,,https://www.kurly.com/goods/1001495528,kurly
스테비아 미니 파프리카 250g,,조미료/소스,9290,real,무첨가당,38,2.55,8.22,0.97,0.18,3.0,,,스테비아,,,20,https://product-image.kurly.com/product/image/a03df95c-585e-42d1-af24-f6dfe642af14.jpg,,https://www.kurly.com/goods/1002169544,kurly
[펄세스] 스테비아 디카페인 커피 믹스 (9g X 30개),,음료,14900,real,무첨가당,354,2.09,69.92,4.75,18.77,199.0,,,스테비아,,우유함유,20,https://product-image.kurly.com/product/image/4173a49d-5656-4a07-8b58-ea80d95ac8b4.jpg,,https://www.kurly.com/goods/1001176682,kurly
[제누] 스테비아 단백질 디카페인 커피 믹스 (10g X 100개),,음료,47900,real,무첨가당,417,41.67,83.33,0.0,10.0,83.0,,,스테비아,,우유함유,20,https://product-image.kurly.com/product/image/942fad00-9dbd-44e0-bf44-a42e87b2d91d.jpg,,https://www.kurly.com/goods/1001221427,kurly
[아이농] 무농약 토마토 1kg,,기타,8990,real,,29,5.0,6.67,0.67,0.0,4.0,,,,,,20,https://product-image.kurly.com/product/image/028e32de-0fd9-4d86-b86c-c1f8e1703d41.jpeg,,https://www.kurly.com/goods/5000100,kurly
[조은보담] 여주 & 돼지감자 30포,,음료,26900,real,,355,7.24,62.46,15.32,4.93,46.0,,,,,"이 제품은 달걀, 우유, 메밀, 땅콩, 대두, 밀, 고등어, 게, 새우, 돼지고기, 복숭아, 토마토, 아황산류, 호두, 닭고기, 쇠고기, 오징어, 조개류(굴, 전복, 홍합 포함), 잣을 사용한 제품과 같은 제조시설에",20,https://product-image.kurly.com/product/image/8fdcdc6a-2255-4d26-ae5c-65333d57487e.jpg,,https://www.kurly.com/goods/1000325415,kurly
[청정원] 알룰로스 요리용 500g,,조미료/소스,9480,real,무첨가당,25,2.0,72.0,0.0,0.0,0.0,,,알룰로스,,,20,https://product-image.kurly.com/product/image/bdd35b00-45dd-4f59-84bf-ba52b8e19c48.jpg,,https://www.kurly.com/goods/1000677924,kurly
[유어키친] 알룰로스 분말 400g,,조미료/소스,6400,real,무첨가당,2,0.2,0.5,0.0,0.0,10.0,,,알룰로스,,하단참조,20,https://product-image.kurly.com/product/image/4f451496-7ff7-41d3-ab3e-2953f4c12cf0.jpg,,https://www.kurly.com/goods/1001619134,kurly
[청정원] 알룰로스 매실청 650g,,조미료/소스,7480,real,무첨가당,150,21.0,60.0,0.0,0.0,0.0,,,알룰로스,,하단참조,20,https://product-image.kurly.com/product/image/3db29d59-4231-4468-9e04-af5787619988.jpg,,https://www.kurly.com/goods/1001231051,kurly
[백설] 요리올리고당 700g,,조미료/소스,3280,real,,260,22.0,80.0,0.0,0.0,0.0,,,,,,20,https://product-image.kurly.com/product/image/9562fe52-e44b-4684-ae03-16d58b151e18.jpg,,https://www.kurly.com/goods/1001539829,kurly
[오가닉스토리] 유기농 아가베 시럽 335g,,조미료/소스,8500,real,,305,60.0,76.0,0.0,0.0,0.0,,,,,"- 알류, 밀, 대두, 우유, 땅콩, 토마토, 복숭아, 새우, 돼지고기, 고등어, 게, 잣, 메밀, 아황산류, 호두, 쇠고기, 닭고기, 오징어, 조개류 혼입 가능",20,https://product-image.kurly.com/product/image/8e70cd2c-06ba-4d74-8e87-2e6b00ffa808.jpg,,https://www.kurly.com/goods/1000951004,kurly
[비비드키친] 저칼로리 머스타드 소스,,조미료/소스,3180,real,저당류,37,0.5,17.0,2.0,1.0,470.0,,,,,"*알류,우유,메밀,땅콩,대두,밀,고등어,게,새우,돼지고기,복숭아,토마토,아황산류,호두,닭고기,쇠고기,오징어,조개류(굴,전복,홍합 포함),잣 과 같은 시설에서 제조",20,https://product-image.kurly.com/product/image/69f18a4f-8646-4dff-aaff-f9a77818e9be.jpg,,https://www.kurly.com/goods/5055838,kurly
[백설] 담금용 자일로스설탕 5KG,,조미료/소스,17580,real,,400,87.41,99.89,0.05,0.04,0.0,,,,,,20,https://product-image.kurly.com/product/image/ee253ab2-67aa-41bd-9cf2-cd3b382dbd44.jpg,,https://www.kurly.com/goods/1002206697,kurly
[하인즈]  지방을 50% 줄인 마요네즈 485ml,,조미료/소스,8680,real,,320,7.0,10.0,0.8,30.8,675.0,,,,,,20,https://product-image.kurly.com/product/image/f0efc9df-3102-427b-b887-a85c1beff25e.jpg,,https://www.kurly.com/goods/1001980565,kurly
[리콜라] 허브캔디 레몬 100g,,음료,5280,real,,392,70.0,98.34,0.0,0.0,0.0,,,,,,20,https://product-image.kurly.com/product/image/a18dbaa5-ea3c-49dd-95d0-6de2040c963f.jpg,,https://www.kurly.com/goods/5159733,kurly
사포리 디 포지타노 레몬캔디 350g,,간식/디저트,9900,real,,380,66.0,94.0,0.0,0.0,0.0,,,,,* 본 제품은 우유를 사용한 제품과 같은 제조시설에서 제조하고 있습니다.,20,https://product-image.kurly.com/product/image/6a514229-55d4-44bb-8aff-6b901a1ef91d.jpg,,https://www.kurly.com/goods/1000035402,kurly
[리콜라] 허브캔디 오리지널 100g,,음료,5280,real,,392,70.0,98.34,0.0,0.0,0.0,,,,,,20,https://product-image.kurly.com/product/image/5cc47e9f-2b6c-4eeb-ab90-b06bc82a7ed9.jpg,,https://www.kurly.com/goods/5159734,kurly
[퍼지락] 자일리톨 캔디 4종 (택1),,간식/디저트,4200,real,무첨가당,389,100.0,100.0,0.0,0.0,0.0,,,자일리톨,,,20,https://img-cf.kurly.com/shop/data/goods/1525773006158l0.jpg,,https://www.kurly.com/goods/5025785,kurly
[세라] 레몬 필링 캔디 2개입,,간식/디저트,5800,real,,380,75.0,95.0,0.0,0.0,0.0,,,,,,20,https://img-cf.kurly.com/shop/data/goods/1657793062810l0.jpg,,https://www.kurly.com/goods/5155578,kurly
"[타야스] 담라 어소티드 소프트캔디 2종, 택1",,간식/디저트,8080,real,,406,69.8,85.9,1.2,6.4,30.0,,,,,"- 복숭아, 쇠고기 함유
* 본 제품은 우유를 사용한 제품과 같은 제조시설에서 제조됩니다.",20,https://product-image.kurly.com/product/image/1f90cfad-0a6c-4f72-a1d9-e8e5ddf06269.png,,https://www.kurly.com/goods/1002152865,kurly
[세라] 페퍼민트 캔디 2개입,,간식/디저트,5800,real,,390,88.3,97.6,0.0,0.0,51.0,,,,,,20,https://img-cf.kurly.com/shop/data/goods/1657791595828l0.jpg,,https://www.kurly.com/goods/5155576,kurly
[파제르] 무민 페퍼민트 캔디 120g,,간식/디저트,4660,real,,433,70.0,81.67,1.67,11.0,10.0,,,,,"- 대두 함유
* 본 제품은 우유를 함유한 제품과 같은 제조시설에서 제조되고 있습니다.",20,https://product-image.kurly.com/product/image/4f996c2f-8c7b-4d37-a028-e444f4459100.png,,https://www.kurly.com/goods/1002152724,kurly
"[스톡] 님투 소프트 비타민 캔디 2종, 택1 ",,간식/디저트,2780,real,,385,58.0,88.0,0.0,3.4,10.0,,,,,공통) 밀 함유 ,20,https://product-image.kurly.com/product/image/d0365513-0898-4372-941a-15b9c5a03565.jpg,,https://www.kurly.com/goods/1002049271,kurly
[프로티원] 단백질 쉐이크 490g (6종),,건강기능식품,31900,real,,392,4.55,26.88,62.61,3.79,944.0,,,,,"- 우유, 땅콩, 대두, 밀, 토마토 함유
- 본 제품은 알류(가금류), 메밀, 고등어, 게, 새우, 돼지고기, 복숭아, 아황산류, 호두, 닭고기, 쇠고기, 오징어, 조개류, 잣을 사용한 제품과 같은 시설에서 제조하",20,https://product-image.kurly.com/product/image/527b33d2-d7fa-4972-afc9-a45a918adcdb.jpg,,https://www.kurly.com/goods/1000673973,kurly
[롯데웰푸드] 말차 아이스크림 160mL 2종 (택1),,간식/디저트,1400,real,,176,14.4,24.09,4.26,6.94,51.0,,,,,"- 우유 함유
* 밀,대두,달걀,땅콩,복숭아,토마토,호두,돼지고기,아황산류 혼입 가능 ",20,https://product-image.kurly.com/product/image/908f74bc-3359-4803-8353-cc00a127c66f.jpg,,https://www.kurly.com/goods/1001449240,kurly
[롯데칠성] 해피즈 트로피칼 믹스 355mL*6개,,음료,9900,real,,3,0.14,5.33,0.0,0.0,9.0,,,,,,20,https://product-image.kurly.com/product/image/e701bc88-d67e-4930-91d2-188c9aeb7ccf.png,,https://www.kurly.com/goods/1002158346,kurly
[오뚜기] 옛날자른당면 2종 (택1),,즉석식품,5280,real,,360,2.0,86.0,0.0,2.0,15.0,,,,,,20,https://product-image.kurly.com/product/image/cee1c9a7-bf54-453d-b9ec-6989c35f6b5b.jpg,,https://www.kurly.com/goods/1000776009,kurly
[롯데] 목캔디 허브민트 2종 (택1),,간식/디저트,4400,real,,395,78.95,97.37,0.0,0.0,0.0,,,,,"- 우유, 대두, 복숭아, 땅콩, 돼지고기 혼입 가능",20,https://product-image.kurly.com/product/image/801a1c1c-c440-4c86-95cc-9d3f1a06d154.jpg,,https://www.kurly.com/goods/1000263694,kurly
[룩트] 킨디 자일리톨 캔디 35g 2종,,간식/디저트,5900,real,무첨가당,389,100.0,100.0,0.0,0.0,0.0,,,자일리톨,,,20,https://product-image.kurly.com/product/image/e3283b5f-7f38-49e6-b0ed-8e8f20db9508.jpg,,https://www.kurly.com/goods/1001313135,kurly
[후지야] 밀키 캔디 68.4g,,간식/디저트,2680,real,,405,54.09,81.87,2.92,7.31,190.0,,,,,- 우유 함유,20,https://product-image.kurly.com/product/image/3f37e0ac-3ca2-4510-a927-9a9ba75ce590.jpg,,https://www.kurly.com/goods/1001241400,kurly
[니씬] 민트소금사탕 77g,,간식/디저트,2980,real,,389,97.01,97.27,0.0,0.0,549.0,,,,,,20,https://product-image.kurly.com/product/image/c234c7b0-ec0d-4ba4-8eb7-20a0c107393d.jpg,,https://www.kurly.com/goods/1000780357,kurly
[모리나가] 하이츄 버라이어티팩 800g,,간식/디저트,12980,real,,414,61.5,81.7,1.3,9.1,6.0,,,,,"- 대두, 돼지고기, 복숭아 포함",20,https://product-image.kurly.com/product/image/274b3978-a501-4bdf-b7ee-8a2e66b44e17.jpg,,https://www.kurly.com/goods/1001440778,kurly
[한미양행] 프로폴리스 캔디 60개입,,간식/디저트,15900,real,,400,69.0,99.0,0.0,0.0,40.0,,,,,"- 이 제품은 땅콩, 대두, 우유, 돼지고기, 복숭아를 사용한 제품과 같은 제조시설에서 제조하였습니다.",20,https://img-cf.kurly.com/shop/data/goods/159859545712l0.jpg,,https://www.kurly.com/goods/5058615,kurly
젤리스트로우 파우치 2종 (택1),,간식/디저트,5400,real,,104,20.73,25.91,0.0,0.0,124.0,,,,,- 복숭아 함유,20,https://product-image.kurly.com/product/image/77e0217e-e324-4cf6-9b09-3d7881f083e0.jpg,,https://www.kurly.com/goods/1000495447,kurly
[미카쿠토] 사케루 구미 사우어 레몬 30.1g,,간식/디저트,1980,real,,120,14.0,18.0,1.5,4.5,5.0,,,,,- 돼지고기 함유,20,https://product-image.kurly.com/product/image/d597bb2a-4d83-43e5-9f16-93366ab5a2c6.jpg,,https://www.kurly.com/goods/1001990272,kurly
[쿤나] 망고스틴 젤리 280g,,간식/디저트,7420,real,,328,49.0,82.0,0.0,0.0,260.0,,,,,,20,https://product-image.kurly.com/product/image/1bb18576-0923-4596-b47e-1722b5c4af2f.jpg,,https://www.kurly.com/goods/1002387512,kurly
"[동아제약] 박카스맛 젤리 2종, 택1",,간식/디저트,9900,real,,346,53.85,80.77,7.69,0.0,38.0,,,,,"- 돼지고기, 쇠고기 함유
- 이 제품은 우유, 대두, 복숭아, 땅콩을 사용한 제품과 같은 제조시설에서 제조하고 있습니다.",20,https://product-image.kurly.com/product/image/6a842af1-3c45-4a37-85a1-14deb37a8ce9.jpg,,https://www.kurly.com/goods/1000242952,kurly
[오리온] 마이구미 백도 & 황도 259.2g,,간식/디저트,2980,real,,309,65.15,69.7,7.58,0.0,15.0,,,,,"- 우유, 복숭아, 돼지고기 함유",20,https://product-image.kurly.com/product/image/36e92587-3871-4adc-8b30-8ea52f168cbd.jpg,,https://www.kurly.com/goods/5113154,kurly
[오리온] 비타민 마이구미 294g,,간식/디저트,4980,real,,316,51.02,71.43,10.2,0.0,0.0,,,,,"- 우유, 돼지고기 함유
* 밀, 달걀, 대두, 호두, 복숭아, 조개류(굴 포함) 혼입 가능",20,https://product-image.kurly.com/product/image/8094fd65-6d11-4518-98ab-92fc050318d6.jpg,,https://www.kurly.com/goods/1001861627,kurly
[뉴트라라이프] 프로폴리스캔디 2종,,간식/디저트,9700,real,,399,82.13,97.96,0.0,0.79,3.0,,,,,"이 제품은 땅콩, 대두, 우유, 돼지고기, 복숭아를 사용한 제품과 같은 제조시설에서 제조 하였습니다.",20,https://product-image.kurly.com/product/image/58314006-8cd2-4700-9cdb-45a9982b103a.jpg,,https://www.kurly.com/goods/1000316977,kurly
[슬로우글로우] 멀티비타민&미네랄 상큼 구미 (30일분),,기타,18900,real,,8,0.0,2.0,0.0,0.0,0.0,,,,,"*특이체질, 알레르기 체질의 경우에는 개인에 따라 과민 반응을 나타낼 수 있으므로 원료를 확인 후 섭취 바랍니다.",20,https://product-image.kurly.com/product/image/2ab5a466-2236-4e79-bfc7-edc242020a91.jpg,,https://www.kurly.com/goods/1001483375,kurly
[콤비타] 키즈 마누카허니 수딩 팝스(15개입),,기타,14500,real,,391,78.22,97.78,0.0,0.0,30.0,,,,,,20,https://product-image.kurly.com/product/image/f6f3d16b-fdf8-476a-9325-d013f7baa822.jpg,,https://www.kurly.com/goods/5152931,kurly
[마즈] 이클립스 쿨링 소프트 캔디 레몬민트향 585g,,간식/디저트,16800,real,,400,86.67,93.33,0.0,4.0,13.0,,,,,,20,https://img-cf.kurly.com/shop/data/goods/1623393002508l0.jpg,,https://www.kurly.com/goods/5074170,kurly
[미니막스] 정글 멀티비타민 미네랄 복숭아맛 60구미 (30일분),,기타,24200,real,,8,0.0,2.0,0.0,0.0,0.0,,,,,,20,https://product-image.kurly.com/product/image/de7a6e4e-fd47-4a80-a52d-9a6de7b2c7b1.jpg,,https://www.kurly.com/goods/1000201224,kurly
[아코로얄] 로얄젤리 구미 60개입,,간식/디저트,31100,real,,377,91.23,94.15,0.0,0.0,0.0,,,,,,20,https://product-image.kurly.com/product/image/7f82d0a0-1710-47c8-8a45-3fba3fed9153.jpg,,https://www.kurly.com/goods/1001823371,kurly
[테일러라이프]식물성 멜라토닌 2mg 함유 멜라츄3g*20구미,,기타,9900,real,,347,10.22,78.49,6.09,0.99,53.0,,,,,"-본 제품은 성인을 위해 설계된 제품으로 아이들에게는 권장하지 않습니다.
또한 임산부와 수유부의 경우 정확한 섭취 여부는 전문의와 상담 후 결정해 주시기 바랍니다.",20,https://product-image.kurly.com/product/image/46ea56be-4857-4937-b0bd-268110025c19.png,,https://www.kurly.com/goods/1002030750,kurly
[센자쿠] 호시노 소다향 캔디 85g,,간식/디저트,3000,real,,388,94.12,96.94,0.0,0.12,188.0,,,,,"- 우유, 복숭아 함유
* 본 제품은 계란, 밀을 사용한 제품과 같은 제조시설에서 제조하고 있습니다. ",20,https://product-image.kurly.com/product/image/504da3d2-16ca-4077-a323-53a08e05c713.jpg,,https://www.kurly.com/goods/1002373738,kurly
[모리나가] 라무네 포도당 캔디 60g,,간식/디저트,3500,real,,371,87.67,90.17,0.0,1.17,1.0,,,,,"- 우유, 돼지고기 함유",20,https://product-image.kurly.com/product/image/bdd2a39b-6c35-4eb6-86d9-8b7673cb3ac0.jpg,,https://www.kurly.com/goods/1000872641,kurly
[롯데] 블링블링 보석캔디 13g (택4),,간식/디저트,640,real,,423,76.92,100.0,0.0,0.0,0.0,,,,,,20,https://product-image.kurly.com/product/image/bbf1391d-cbbd-436b-8702-6ccd4fff0fa7.jpg,,https://www.kurly.com/goods/1001397575,kurly
[캔디키튼스] 스웨디시 젤리 6종 (택1),,간식/디저트,12900,real,,117,21.0,29.0,0.35,0.0,70.0,,,,,-,20,https://product-image.kurly.com/product/image/b0d989ba-3150-4ed2-a640-d032b7f9f008.jpg,,https://www.kurly.com/goods/1000958113,kurly
[디어패밀리] 마누카꿀 프로폴리스 캔디 300g,,간식/디저트,26500,real,,398,79.91,98.66,0.07,0.32,3.0,,,,,,20,https://img-cf.kurly.com/shop/data/goods/1558939480271l0.jpg,,https://www.kurly.com/goods/5031489,kurly
[캔디키튼스] 스웨디시 젤리 미니 파우치 3종 (택1),,간식/디저트,5900,real,,117,21.0,29.0,0.35,0.0,70.0,,,,,-,20,https://product-image.kurly.com/product/image/a32d3f40-b17c-4598-ad5a-01a264b2c6d3.jpg,,https://www.kurly.com/goods/1000958106,kurly
[오지퀸비] 프로폴리스 마누카꿀캔디 MGO 550+ 100g,,간식/디저트,11900,real,,396,86.5,98.32,0.0,0.26,1.0,,,,,,20,https://product-image.kurly.com/product/image/12be64b7-6f4e-4f32-80a4-9a332838c0d0.jpg,,https://www.kurly.com/goods/1000929410,kurly
[뉴트리코어X쿵야] 로우슈거 식물성 멜라토닌 멜라바인*30구미+키링증정,,기타,17900,real,,347,10.22,78.49,6.09,0.99,53.0,,,,,-당알코올 함유 제품으로 과량 섭취 시 설사를 일으킬 수 있습니다.,20,https://product-image.kurly.com/product/image/e81554e9-02a7-4e06-8875-ee0888b694b0.jpg,,https://www.kurly.com/goods/1002033673,kurly
"[부르본] 알포트 미니 초콜릿 5종, 택1",,간식/디저트,3480,real,,531,35.59,59.32,8.47,28.81,153.0,,,,,- 하단 이미지 참고,20,https://product-image.kurly.com/product/image/7cf7034f-6050-44e4-9139-5ce6f198fbff.png,,https://www.kurly.com/goods/1000967306,kurly
[스톡] 리젠 초코 토피 150g,,간식/디저트,3680,real,,445,43.9,66.3,4.1,18.3,55.0,,,,,"* 우유, 대두 함유
- 이 제품은 땅콩, 헤이즐넛, 아몬드, 견과류를 사용한 제품과 같은 제조시설에서 제조하고 있습니다. ",20,https://img-cf.kurly.com/shop/data/goods/1640667144258l0.jpg,,https://www.kurly.com/goods/5103376,kurly
[오리온] 초코파이 말차쇼콜라 408g,,음료,4800,real,,471,35.29,58.82,5.88,23.53,132.0,,,,," - 밀, 달걀, 우유, 대두, 돼지고기, 쇠고기 함유",20,https://product-image.kurly.com/product/image/fffd3660-38d1-4dfb-a72d-b08399a110d1.jpg,,https://www.kurly.com/goods/1001382646,kurly
[오리온] 톡핑 말차블라썸 43g,,간식/디저트,1440,real,,553,37.21,58.14,6.98,32.56,81.0,,,,,"- 밀, 우유, 대두 함유
* 달걀, 땅콩, 호두, 복숭아, 토마토, 돼지고기, 쇠고기, 닭고기, 오징어, 새우, 게, 조개류(굴, 홍함 포함) 혼입 가능",20,https://product-image.kurly.com/product/image/2620d07d-8929-47a9-842b-9f10ce8ad155.png,,https://www.kurly.com/goods/1002070553,kurly
[크라운] 마이쮸 토마토 120g,,간식/디저트,2160,real,,414,54.55,81.82,2.27,8.86,23.0,,,,,"- 돼지고기, 우유, 토마토 함유
* 땅콩, 대두, 밀, 복숭아 혼입 가능",20,https://product-image.kurly.com/product/image/c2e12de8-1745-4424-95d9-b811be257612.jpg,,https://www.kurly.com/goods/1002369661,kurly
[롯데] 말랑카우 밀크 158g,,음료,3900,real,,100,9.71,13.71,1.71,4.0,46.0,,,,,"-우유,돼지고기,대두함유
-복숭아,땅콩 혼입 가능",20,https://img-cf.kurly.com/shop/data/goods/1622003380892l0.jpg,,https://www.kurly.com/goods/5071403,kurly
[롯데] 말랑카우 딸기 158g,,간식/디저트,4400,real,,430,56.46,74.68,3.8,12.66,114.0,,,,,"- 우유, 돼지고기, 대두 함유
* 복숭아, 땅콩 혼입 가능",20,https://product-image.kurly.com/product/image/28c40112-5581-49fb-af09-4680191429f2.jpg,,https://www.kurly.com/goods/1001397567,kurly
[센자쿠] 바다의 소다향 캔디 76g,,간식/디저트,3000,real,,295,58.0,73.0,0.0,0.1,280.0,,,,,"- 대두, 우유 함유
* 본 제품은 계란, 밀을 사용한 제품과 같은 제조시설에서 제조하고 있습니다. ",20,https://product-image.kurly.com/product/image/a1444311-5b66-4114-82e5-e8eb04e5740a.jpg,,https://www.kurly.com/goods/1002373740,kurly
[오리온] 초코송이 말차케이크 144g,,간식/디저트,2720,real,,538,37.78,60.0,4.44,31.11,178.0,,,,,"- 밀, 우유, 대두, 쇠고기 함유
*달걀, 땅콩, 호두, 복숭아, 토마토, 돼지고기, 닭고기, 오징어, 새우, 게, 조개류(굴, 홍합 포함) 혼입 가능",20,https://product-image.kurly.com/product/image/4166d41d-b408-4259-b698-a56e9a96af8a.png,,https://www.kurly.com/goods/1001599390,kurly
[스톡] 리젠 초코토피 메가팩 900g,,간식/디저트,16980,real,,445,43.9,66.3,4.1,18.3,55.0,,,,,"- 밀, 우유, 대두 함유
- 땅콩, 잣, 호두 혼입가능성 있음",20,https://product-image.kurly.com/product/image/1bc09f47-b84a-4055-83a2-e2b6b0244a69.jpg,,https://www.kurly.com/goods/1000500342,kurly
[미카쿠토] 토쿠노 밀크 소프트 캔디 2종 (택1),,음료,2380,real,,390,60.0,89.0,3.0,2.5,100.0,,,,,"- 공통 : 우유, 돼지고기 함유 
",20,https://product-image.kurly.com/product/image/231f20ed-6f1a-4ca4-adc8-9d10c74ccb6b.jpg,,https://www.kurly.com/goods/1001793051,kurly
[롯데] 미니 가나 마일드 175g,,간식/디저트,6800,real,,560,51.0,55.0,9.0,34.0,80.0,,,,,"- 우유, 대두 함유
- 밀, 달걀, 땅콩, 돼지고기, 소고기 혼입 가능",20,https://product-image.kurly.com/product/image/317fe688-f0da-4a19-8d62-6211c3edfb2f.jpg,,https://www.kurly.com/goods/1000339543,kurly
[롯데] 카스타드 Cake 말차&딸기 288g,,간식/디저트,4760,real,,429,2.45,52.67,4.9,21.15,102.0,,,,,"- 달걀, 밀, 대두, 우유 함유",20,https://product-image.kurly.com/product/image/b88453e8-970f-40f1-a0c9-07013afb00bd.png,,https://www.kurly.com/goods/1002096104,kurly
[스톡] 크노퍼스 웨이퍼 미니 9.6g X 20입,,간식/디저트,7680,real,,540,34.6,51.3,9.2,33.2,230.0,,,,,"- 밀, 우유, 대두, 땅콩 함유
 - 잣, 호두, 계란 혼입가능성 있음",20,https://product-image.kurly.com/product/image/5533c124-ecc6-4d19-b5d2-402629027744.jpg,,https://www.kurly.com/goods/1000499715,kurly
[마요라] 코피코 커피캔디 지퍼백 2종 (택1),,음료,4260,real,,455,67.0,89.0,0.0,11.0,110.0,,,,,"- 우유, 대두 함유",20,https://product-image.kurly.com/product/image/2c335e8a-59ab-4bc5-8004-2b4c462fae0d.jpg,,https://www.kurly.com/goods/1000620612,kurly
[마즈] 초코 펀사이즈 믹스 3 버라이어티팩 750g,,간식/디저트,24700,real,,356,21.14,34.82,4.34,22.22,167.0,,,,,"1. 스니커즈 땅콩 펀사이즈
- 땅콩, 우유, 대두, 계란 함유
2. 엠 엔 엠즈 밀크
- 우유, 대두 함유
3. 몰티져스 밀크
-우유, 대두, 밀 함유",20,https://product-image.kurly.com/product/image/028be0b7-3d36-454d-a861-93dbc239d648.jpg,,https://www.kurly.com/goods/1001443799,kurly
[스톡] 웨더스 오리지날 팝콘 140g,,간식/디저트,5380,real,,424,71.56,86.89,0.33,8.44,410.0,,,,,"- 밀, 우유, 대두 함유",20,https://product-image.kurly.com/product/image/a6dd5a9b-7354-4b9e-8708-2bdb07763425.jpg,,https://www.kurly.com/goods/1000361207,kurly
[롯데] 말랑카우 빠삐코맛 158g,,간식/디저트,4680,real,,430,55.06,73.42,4.43,13.29,291.0,,,,,"- 우유, 돼지고기, 대두 포함
* 복숭아, 땅콩 혼입 가능",20,https://product-image.kurly.com/product/image/9c65d4ae-a4f3-47f8-b8b3-55b150e9f81d.jpg,,https://www.kurly.com/goods/1001479539,kurly
[크라운] 죠리퐁 마시멜로 195g (39g x 5팩),,간식/디저트,3780,real,,436,35.9,76.92,7.69,12.05,154.0,,,,,"-밀, 우유, 대두, 돼지고기, 땅콩 함유",20,https://img-cf.kurly.com/shop/data/goods/1625031678633l0.jpg,,https://www.kurly.com/goods/5077458,kurly
[떼르드글라스] 유기농 떼글이 달고나 (15g x 6개),,간식/디저트,10800,real,,400,86.67,93.33,0.0,0.0,0.0,,,,,,20,https://img-cf.kurly.com/shop/data/goods/1658473849529l0.jpg,,https://www.kurly.com/goods/5159610,kurly
[워커비]허니 얼그레이 카라멜,,기타,3000,real,,404,32.0,78.0,4.4,16.0,256.0,,,,,"*특이체질, 알레르기 체질의 경우에는 개인에 따라 과민 반응을 나타낼 수 있으므로 원료를 확인 후 섭취 바랍니다.",20,https://product-image.kurly.com/product/image/15f6c291-db5a-4b3d-97bd-68bcf41d6271.jpg,,https://www.kurly.com/goods/1001970561,kurly
[롯데] 목캔디 믹스베리 파우치 217g,,간식/디저트,4400,real,,395,76.32,97.37,0.0,0.0,39.0,,,,,"*우유, 대두, 복숭아, 땅콩, 돼지고기 혼입 가능",20,https://product-image.kurly.com/product/image/50054537-58b9-45e8-942b-ae33183b32e6.jpg,,https://www.kurly.com/goods/1001397571,kurly
[수세레] 빅 마시멜로우 100g ,,간식/디저트,1380,real,,336,35.0,80.0,4.0,0.0,40.0,,,,,- 쇠고기 함유,20,https://product-image.kurly.com/product/image/788d3ae4-e793-4b7f-991a-caeac2ec1074.jpg,,https://www.kurly.com/goods/1001945370,kurly
[롯데] 말랑카우 초코볼젤리 초코우유 134g,,간식/디저트,5100,real,,458,56.93,65.61,6.53,18.75,44.0,,,,,"- 우유, 대두, 돼지고기 함유
* 알류, 땅콩, 밀, 복숭아, 토마토, 닭고기, 쇠고기 혼입 가능",20,https://product-image.kurly.com/product/image/211cd7c5-4ba2-41cb-9c2b-cd9f9ec3d1d7.png,,https://www.kurly.com/goods/1002042327,kurly
[휘태커스] 미니슬랩 페퍼민트 다크초콜릿 180g,,간식/디저트,12500,real,,547,52.0,61.33,6.0,30.67,13.0,,,,,- 대두 함유,20,https://product-image.kurly.com/product/image/32e8fe85-d491-405c-a0a1-082b91bca47c.jpg,,https://www.kurly.com/goods/1000481375,kurly
[앤디스] 크림 민트 초콜릿 132g,,간식/디저트,4110,real,,571,54.0,57.0,5.0,33.0,40.0,,,,,,20,https://product-image.kurly.com/product/image/aac4df48-9014-4999-8768-808f5f288024.jpg,,https://www.kurly.com/goods/1001793065,kurly
[마즈] 트윅스 미니스 초코바 990g,,간식/디저트,21900,real,,495,50.0,65.0,5.0,24.0,160.0,,,,,"-밀, 우유, 대두 함유
* 이 제품은 땅콩을 사용한 제품과 같은 제조시설에서 제조하고 있습니다.",20,https://img-cf.kurly.com/shop/data/goods/1623392769435l0.jpg,,https://www.kurly.com/goods/5074069,kurly
[해태] 에이스 씬 솔티카라멜 291g,,간식/디저트,3980,real,,500,13.33,66.67,6.67,23.33,433.0,,,,,"- 밀, 쇠고기, 우유, 대두 함유
* 이 제품은 계란, 땅콩, 토마토를 사용한 제품과 같은 제조시설에서 제조하고 있습니다. ",20,https://product-image.kurly.com/product/image/3879d8e1-1f94-4cff-aa78-06a29e39a000.png,,https://www.kurly.com/goods/1002110078,kurly
[네이처오다] 달칩 초코샌드 세트 (4박스 x 4개입),,간식/디저트,10400,real,,458,16.67,75.0,7.5,13.33,125.0,,,,,"- 우유, 대두
* 이 제품은 대두를 사용한 제품과 같은 제조시설에서 제조하고 있습니다. ",20,https://product-image.kurly.com/product/image/6fd85117-332a-455a-8d73-69141a6cc8d7.jpg,,https://www.kurly.com/goods/5153245,kurly
[롯데] 사랑방 동결건조 캔디,,간식/디저트,2700,real,,422,76.0,92.0,0.0,6.0,52.0,,,,,,20,https://product-image.kurly.com/product/image/36c885ac-6efa-4d93-9f1a-3009695f3e48.jpg,,https://www.kurly.com/goods/1001592415,kurly
[앤디스] 민트 파르페 초콜릿 132g,,간식/디저트,4110,real,,571,56.0,59.0,5.0,35.0,55.0,,,,,"- 우유, 대두 함유",20,https://product-image.kurly.com/product/image/c881d2df-d061-461d-95da-69259b5f4945.jpg,,https://www.kurly.com/goods/1001793063,kurly
[빙그레] 붕어싸만코 말차 (150mL X 5개),,간식/디저트,7000,real,,145,16.67,25.34,2.0,4.0,43.0,,,,,"- 우유, 대두, 밀 함유",20,https://product-image.kurly.com/product/image/3b65334f-ae63-45da-856a-2b4f51a69d86.jpg,,https://www.kurly.com/goods/1001762237,kurly
[무료배송][몽슈슈] 몬테카를로 깔루아밀크 (40g X 5개),,음료,20000,real,,325,30.0,47.5,7.5,12.5,58.0,,,,,"- 계란, 우유, 대두, 밀, 아황산류 함유
- 돼지고기, 쇠고기, 복숭아, 호두를 사용한 제품과 같은 제조시설에서 제조.",20,https://product-image.kurly.com/product/image/72752fe3-e48f-4ebb-af8b-3e84cc72bd5d.jpg,,https://www.kurly.com/goods/5123011,kurly
[마즈] 엠앤엠즈 밀크 픽앤믹스 337.5g (25입),,음료,15300,real,,475,65.0,70.0,5.0,19.0,75.0,,,,,"-우유, 밀, 대두 함유
* 이 제품은 땅콩을 사용한 제품과 같은 제조시설에서 제조하고 있습니다.",20,https://img-cf.kurly.com/shop/data/goods/1623646030707l0.jpg,,https://www.kurly.com/goods/5074167,kurly
[슈퍼말차] 슈퍼보리 스윗 포켓 (5g X 10개),,음료,7900,real,,125,0.6,95.6,2.2,0.2,13.0,,,,,,20,https://product-image.kurly.com/product/image/b03f1723-522e-4c67-bd7b-cff7680c5439.jpg,,https://www.kurly.com/goods/1002358047,kurly
[오리온] 꼬북칩 말차초코맛 104g,,간식/디저트,1980,real,,600,23.33,53.33,6.67,40.0,300.0,,,,,"- 밀, 우유, 대두 함유
* 달걀, 땅콩, 호두, 복숭아, 토마토, 돼지고기, 쇠고기, 닭고기, 오징어, 새우, 게, 고등어, 조개류(굴, 홍합 포함) 혼입 가능",20,https://product-image.kurly.com/product/image/2d0ee4c1-abf5-481d-8392-aa51d3d60c67.png,,https://www.kurly.com/goods/1002070482,kurly
[롯데] 빼빼로 더블리치 솔티바닐라 40g,,간식/디저트,2150,real,,550,40.0,62.5,7.0,30.0,275.0,,,,,"- 우유, 대두, 땅콩, 밀 함유
* 달걀, 돼지고기, 아황산류, 쇠고기 혼입 가능",20,https://product-image.kurly.com/product/image/384f49b7-f31c-4080-aa18-c4629d9510ed.jpg,,https://www.kurly.com/goods/1002041918,kurly
[오리온] 초코칩쿠키 말차라떼맛 256g,,음료,3440,real,,498,27.0,69.0,6.0,22.0,220.0,,,,,"- 밀, 달걀, 우유, 대두, 쇠고기 함유
* 땅콩, 호두, 복숭아, 토마토, 돼지고기, 닭고기, 오징어, 새우, 게, 조개류(굴, 홍함 포함) 혼입 가능",20,https://product-image.kurly.com/product/image/6bc569d4-0aae-4549-b23d-891609a3c435.png,,https://www.kurly.com/goods/1002070555,kurly
[롯데] 프리미엄 몽쉘 생크림케이크 말차&딸기 444g,,간식/디저트,7600,real,,276,13.0,21.0,3.0,20.0,33.0,,,,,"- 밀, 대두, 우유, 달걀, 쇠고기 함유
* 돼지고기, 땅콩, 아황산류 혼입 가능",20,https://product-image.kurly.com/product/image/001499ec-de4f-4b5c-9a9b-6839f7613818.jpg,,https://www.kurly.com/goods/1002041916,kurly
[카바야] 사쿠사쿠 팬더 패밀리팩 85g,,간식/디저트,6780,real,,553,35.29,57.65,7.06,32.94,171.0,,,,,"- 밀, 우유, 계란, 대두 함유",20,https://product-image.kurly.com/product/image/db1e2f46-c3c8-4ecf-a71d-84f246e667b9.jpg,,https://www.kurly.com/goods/1000757571,kurly
[롯데] 몽쉘 생크림케이크 말차&딸기 408g,,간식/디저트,7600,real,,276,13.0,21.0,3.0,20.0,33.0,,,,,"- 밀, 대두, 우유, 달걀, 쇠고기 함유
*돼지고기, 땅콩, 아황산류 혼입 가능",20,https://product-image.kurly.com/product/image/0294e945-7a38-4873-882e-a55d59ff2d45.jpg,,https://www.kurly.com/goods/1001592413,kurly
[킷캣] 초콜릿 웨이퍼 태블릿 3종 (택1),,간식/디저트,6480,real,,488,23.0,62.0,6.0,24.0,132.0,,,,,"- 공통 : 밀, 우유 함유 
* 공통 : 이 제품은 알레르기 발생 가능성이 있는 대두를 사용한 제품과 같은 제조시설에서 제조하고 있습니다. ",20,https://product-image.kurly.com/product/image/38edc5c1-6acd-46c6-9d11-c76aaa88afb0.jpg,,https://www.kurly.com/goods/1001729376,kurly
[크라운] 쿠크다스 말차 289g,,간식/디저트,5680,real,,537,39.0,62.0,7.0,29.0,230.0,,,,,,20,https://product-image.kurly.com/product/image/cdbcd594-40e8-4125-b348-5bb68d7186c7.jpg,,https://www.kurly.com/goods/1001724878,kurly
[롯데] 드림카카오 말차 86g,,간식/디저트,4250,real,,570,46.3,53.43,6.77,35.07,11.0,,,,,"- 우유, 대두 함유
* 밀, 돼지고기, 땅콩 혼입 가능",20,https://product-image.kurly.com/product/image/93236593-a4aa-4ae6-a327-d8559d388e99.png,,https://www.kurly.com/goods/1002071358,kurly
[이토] 미타라시 당고모찌 170g,,간식/디저트,4900,real,,308,50.0,76.0,1.0,0.0,143.0,,,,,"- 대두, 밀, 돼지고기, 우유 함유",20,https://product-image.kurly.com/product/image/4caf7d37-0ded-41d7-8cde-4580e97ce57a.jpg,,https://www.kurly.com/goods/1000631363,kurly
[오리온] 과일꿀꺽 왕꿈틀이 210g,,간식/디저트,2990,real,,315,66.67,73.33,5.33,0.0,120.0,,,,,"- 우유, 복숭아, 돼지고기 함유",20,https://product-image.kurly.com/product/image/f1340931-5269-4260-a5f2-de542a23e787.jpg,,https://www.kurly.com/goods/1001382644,kurly
[떼르드글라스] 떼글이 초콜릿 (18g x 4개),,간식/디저트,12800,real,,528,33.33,50.0,5.56,38.89,0.0,,,,,"- 우유, 대두 함유
* 이 제품은 계란, 토마토, 돼지고기, 땅콩, 게, 호두, 밀을 사용한 제품과 같은 제조 시설에서 제조하고 있습니다. ",20,https://img-cf.kurly.com/shop/data/goods/1658472407797l0.jpg,,https://www.kurly.com/goods/5159609,kurly
[롯데] 마가렛트 호두과자맛 352g,,간식/디저트,5950,real,,436,27.27,54.55,4.55,22.27,318.0,,,,,"- 밀, 달걀, 우유, 대두, 쇠고기, 호두 함유",20,https://product-image.kurly.com/product/image/1466b6a1-2047-4d35-95c7-9845ee13e1ba.jpg,,https://www.kurly.com/goods/1002192029,kurly
[네이처오다] 달칩 초코샌드 20개입 (12g x 20개입),,간식/디저트,12800,real,,458,16.67,75.0,7.5,13.33,125.0,,,,,"- 우유, 대두
* 이 제품은 대두를 사용한 제품과 같은 제조시설에서 제조하고 있습니다. ",20,https://img-cf.kurly.com/shop/data/goods/1657102609435l0.jpg,,https://www.kurly.com/goods/5153247,kurly
[마즈] 몰티져스 트뤼플 200g,,간식/디저트,11000,real,,560,49.0,54.0,7.0,35.0,160.0,,,,,"- 밀, 우유, 대두 함유 ",20,https://product-image.kurly.com/product/image/d5bc1f0d-dfad-412b-b89e-52c8523ccd9c.jpg,,https://www.kurly.com/goods/1001029434,kurly
[꼬모쎔쁘레] 시그니처 초콜릿 2종,,간식/디저트,20400,real,,481,42.86,78.57,2.38,19.05,79.0,,,,,"- 대두, 우유 포함
* 밀, 계란, 땅콩, 쇠고기 혼입 가능",20,https://product-image.kurly.com/product/image/24ddabb2-2d9a-4516-a40a-b3fd0abf1417.jpg,,https://www.kurly.com/goods/1001543373,kurly
[하리보] 윈터 딜라이트 980g,,기타,18480,real,저당류,333,41.67,75.0,8.33,0.0,42.0,,,,,"- 밀, 돼지고기 함유
* 이 제품은 우유, 토마토, 복숭아, 대두를 사용한 제품과 같은 제조시설에서 제조하고 있습니다.",20,https://product-image.kurly.com/product/image/22ed4697-08ba-42eb-bdd3-2406dd130dd5.jpg,,https://www.kurly.com/goods/1001717886,kurly
[앤디스] 민트 쿠키 크런치 초콜릿 132g,,간식/디저트,5480,real,,557,56.0,60.0,5.0,33.0,75.0,,,,,"- 우유, 대두 함유",20,https://product-image.kurly.com/product/image/e8a06ab1-f606-4ae0-912d-125583ffce50.jpg,,https://www.kurly.com/goods/1001793067,kurly
[스위스미스] 마시멜로 러버스 핫 코코아 믹스 (34g X 8개),,음료,8980,real,,380,72.5,80.0,15.0,0.0,288.0,,,,,"- 우유, 돼지고기 함유
",20,https://product-image.kurly.com/product/image/e27e2bbf-3f68-4351-8d99-0587fe9c72d9.jpg,,https://www.kurly.com/goods/1000910119,kurly
[티젠] 식물성 멜라토닌 루이보스향 멜라티 (2g X 10개),,음료,6540,real,,347,10.22,78.49,6.09,0.99,53.0,,,,,,20,https://product-image.kurly.com/product/image/c1a60747-0695-4d7a-a3e8-a152077b86ba.jpg,,https://www.kurly.com/goods/1001438219,kurly
[맛의고수] 이게약과지 호박약과 (40g X 10개),,간식/디저트,5990,real,,400,17.5,72.5,2.5,9.25,43.0,,,,,"- 밀 함유
- 밀, 대두, 계란 혼입가능",20,https://product-image.kurly.com/product/image/faa853de-f1a9-42c0-9e2d-2c4b43559a13.jpg,,https://www.kurly.com/goods/1000033195,kurly
[청년제과] 말랑말랑 인절미 꿀오랑 (26g X 10개),,간식/디저트,16350,real,,470,23.23,61.37,8.77,21.04,156.0,,,,,"- 대두, 밀, 우유 함유
- 대두, 밀, 우유, 땅콩 혼입가능",20,https://img-cf.kurly.com/shop/data/goods/1652247758198l0.jpg,,https://www.kurly.com/goods/5136072,kurly
[청년제과] 말랑말랑 흑임자 꿀오랑 (26g X 10개),,간식/디저트,16350,real,,473,22.17,65.82,8.35,20.97,164.0,,,,,"- 밀, 우유, 대두 함유
- 대두, 밀, 우유, 땅콩 혼입가능",20,https://img-cf.kurly.com/shop/data/goods/1652247725322l0.jpg,,https://www.kurly.com/goods/5136073,kurly
[선물세트] 공덕농협 군고구마양갱 선물세트,,간식/디저트,23500,real,,288,40.0,70.0,0.0,0.0,0.0,,,,,"- 계란, 우유, 땅콩, 대두, 밀, 돼지고기, 복숭아, 호두, 아황산류, 오징어, 쇠고기, 잣 혼입가능",20,https://product-image.kurly.com/product/image/a9eb2384-a04b-4577-89a3-5ff9978360c2.jpg,,https://www.kurly.com/goods/1000074278,kurly
[더오담] 한입 현미 강정 100g,,간식/디저트,2900,real,,381,20.7,87.83,4.3,2.82,9.0,,,,,"-대두 함유
*이 제품은 밀, 닭고기, 토마토, 땅콩, 우유를 사용한 제품과 같은 제조시설에서 제조하고 있습니다. ",20,https://img-cf.kurly.com/shop/data/goods/159462193181l0.jpg,,https://www.kurly.com/goods/5054020,kurly
[올가] 한입에 쏙 우리밀 꼬마약과 2종 (택1),,간식/디저트,5800,real,,439,10.0,71.0,5.0,15.0,95.0,,,,,"- 밀 함유
* 달걀, 메추리알, 우유, 메밀, 땅콩, 대두, 고등어, 게, 새우, 돼지고기, 복숭아, 토마토, 호두, 닭고기, 쇠고기, 오징어, 조개류(굴, 전복, 홍합 포함), 잣 혼입가능",20,https://product-image.kurly.com/product/image/6e1a72bc-b5e3-46bf-a68d-bd540676b683.jpg,,https://www.kurly.com/goods/1000850016,kurly
[미송당] 우리쌀 현미강정 500g 2종 (택1),,간식/디저트,9900,real,,357,8.0,80.0,5.0,2.0,39.0,,,,,"땅콩톡톡 우리쌀 현미강정
- 땅콩 함유
- 이 제품은 계란, 땅콩, 토마토, 돼지고기, 게, 호두를 사용한 제품과 같은시설에서 제조

아몬드톡톡 우리쌀 현미강정
- 아몬드 함유
- 이 제품은 계란, 땅콩, 토마토, ",20,https://product-image.kurly.com/product/image/58cb32e8-8e7f-4681-82ff-6177fcf30d8f.jpg,,https://www.kurly.com/goods/1001942811,kurly
[밀레의 공방] 페스츄리 약과 200g,,간식/디저트,8980,real,,498,21.0,66.0,5.0,24.0,7.0,,,,,"- 밀, 대두 함유
- 대두, 밀, 아몬드, 잣 혼입가능",20,https://product-image.kurly.com/product/image/0f9c4918-70cf-445d-8163-0779263e763a.jpg,,https://www.kurly.com/goods/1000017173,kurly
[키친고메] 굳지 않는 오색 꿀방울떡 1kg,,간식/디저트,10900,real,,230,10.0,53.0,3.0,0.5,340.0,,,,,"- 대두, 밀 함유
- 호두, 땅콩, 알류(달걀) 우유 혼입가능",20,https://product-image.kurly.com/product/image/571c8a75-fd2e-4d70-83a6-66e0cd327dc1.jpg,,https://www.kurly.com/goods/1000200844,kurly
[키친고메] 굳지 않는 오색 앙금 구슬떡 1kg,,간식/디저트,10900,real,,215,7.0,48.0,4.0,0.6,340.0,,,,,"- 대두, 밀 함유
- 호두, 땅콩, 알류(달걀), 우유 혼입가능",20,https://product-image.kurly.com/product/image/58857c77-8a69-42ed-b874-caf8f73de91d.jpg,,https://www.kurly.com/goods/1000200842,kurly
[사토제과] 아주끼 모나카,,간식/디저트,6980,real,,327,48.48,75.76,6.06,0.0,15.0,,,,,,20,https://img-cf.kurly.com/shop/data/goods/1630303587206l0.jpg,,https://www.kurly.com/goods/5081428,kurly
[올가] 현미 국산쑥 모나카 (13g X 8개),,간식/디저트,5300,real,,346,43.27,81.73,3.46,0.77,10.0,,,,,"* 우유, 메밀, 땅콩, 대두, 밀, 고등어, 게, 새우, 돼지고기, 복숭아, 토마토, 아황산류, 호두, 닭고기, 쇠고기, 오징어, 잣, 알류, 조개류(굴, 전복, 홍합 포함) 혼입가능",20,https://product-image.kurly.com/product/image/7c2d350d-1977-4a05-9b74-e231367ffdeb.jpg,,https://www.kurly.com/goods/1001335272,kurly
[미송당] 우리쌀 오란다 (10g X 30개),,간식/디저트,9900,real,,479,21.46,67.28,5.17,21.07,73.0,,,,,"- 메밀, 우유, 대두, 땅콩 함유
- 이 제품은 계란, 땅콩, 토마토, 돼지고기, 게, 호두를 사용한 제품과 같은 시설에서 제조",20,https://product-image.kurly.com/product/image/8b000fb6-482c-4291-b6bb-ebbf01cd79c0.jpg,,https://www.kurly.com/goods/1001942805,kurly
[군산 이성당] 통팥 호두 찹쌀떡 (90g X 10개입),,간식/디저트,17500,real,,308,40.0,63.0,8.0,2.7,185.0,,,,,"- 대두, 밀, 호두 함유
- 본 제품은 계란, 우유, 땅콩, 돼지고기, 복숭아, 아황산류, 쇠고기, 오징어, 잣 조개류를 함유한 제품과 동일한 설비에서 생산된 제품입니다.",20,https://img-cf.kurly.com/shop/data/goods/1649398450639l0.jpg,,https://www.kurly.com/goods/5128370,kurly
[김미떡] 흑임자 가래떡 480g,,간식/디저트,10900,real,,238,0.0,45.0,4.8,4.0,236.0,,,,,"이 제품은 알류, 우유, 메밀, 땅콩, 대두, 밀, 잣, 호두, 게, 새우, 오징어, 고등어, 조개류, 복숭아, 토마토, 닭고기, 돼지고기, 소고기, 아황산류를 사용한 제품과 같은 시설에서 제조하고 있습니다.
대두 ",20,https://product-image.kurly.com/product/image/1bd05273-85af-4ddc-8238-b1adf7126b0a.jpg,,https://www.kurly.com/goods/1001092169,kurly
[선물세트] 호정가 찹쌀약과 미니세트 (대) (쇼핑백 증정),,간식/디저트,17100,real,,400,22.86,71.43,5.71,10.29,86.0,,,,,"밀, 대두 함유 
땅콩, 계란, 아항산류, 잣, 호두, 우유를 사용한 제품과 같은 시설에서 제조",20,https://product-image.kurly.com/product/image/0b3d5b38-93a5-4485-8344-710033dd85f4.jpg,,https://www.kurly.com/goods/1001052043,kurly
[바오담] 한입도라지정과 180g,,간식/디저트,27000,real,,338,38.31,74.66,4.54,2.37,20.0,,,,,"- 대두 함유
* 알류, 우유, 메밀, 밀, 호두, 땅콩, 잣, 아황산류를 사용한 제품과 같은 시설에서 제조
",20,https://product-image.kurly.com/product/image/4a0a831e-aa15-429b-99fc-40d83a82051f.jpg,,https://www.kurly.com/goods/1001516196,kurly
[농협] 우리쌀 인절미스낵 3종 (택1),,간식/디저트,2980,real,,534,16.88,60.48,7.04,30.4,148.0,,,,,"- 오리지널: 우유, 대두 함유 
- 검은콩: 우유, 대두 함유 
- 17곡: 밀, 우유, 대두 함유",20,https://product-image.kurly.com/product/image/4321c229-405c-4f43-889a-98c2fcabfd6e.jpg,,https://www.kurly.com/goods/1001297363,kurly
[도라지청년] 수제한입도라지정과 150g,,간식/디저트,16000,real,,324,21.42,79.46,1.04,0.0,1.0,,,,,,20,https://product-image.kurly.com/product/image/404aafb7-7a94-4ae5-9cce-0042ad8ab71c.jpg,,https://www.kurly.com/goods/1001557165,kurly
[김미떡] 앙금절편 세트 (50g X 20개) (쇼핑백포함),,간식/디저트,26900,real,,220,8.0,50.0,4.0,0.4,220.0,,,,,"이 제품은 알류, 우유, 메밀, 땅콩, 대두, 밀, 잣, 호두, 게, 새우, 오징어, 고등어, 조개류, 복숭아, 토마토, 닭고기, 돼지고기, 소고기, 아황산류를 사용한 제품과 같은 제조시설에서 제조하고 있습니다.",20,https://product-image.kurly.com/product/image/e6989f24-6cfe-4944-beda-2498bc723719.jpg,,https://www.kurly.com/goods/1001060388,kurly
[탁촌장] 안동참마 보리빵 (25g X 10개),,간식/디저트,8850,real,,276,20.0,40.0,8.0,9.6,480.0,,,,,"- 계란, 우유 함유
",20,https://img-cf.kurly.com/shop/data/goods/1648787536645l0.jpg,,https://www.kurly.com/goods/5127116,kurly
[선물세트] MY FIRST 우리팥 한입 단팥빵 6개 세트 360g,,간식/디저트,14500,real,,250,13.33,50.0,6.67,2.67,217.0,,,,,"- 알류(달걀), 우유, 대두, 밀 함유
- 본 제품은 호두를 사용한 제품과 같은 제조시설에서 제조",20,https://img-cf.kurly.com/shop/data/goods/1617161431881l0.jpg,,https://www.kurly.com/goods/5068118,kurly
[김미떡] 고구마 앙금 가래떡 (80g X 6개),,간식/디저트,10900,real,,223,5.6,49.7,3.1,1.3,237.0,,,,,"- 대두 함유
- 이 제품은 알류, 우유, 메밀, 땅콩, 대두, 밀, 잣, 호두, 게, 새우, 오징어, 고등어, 조개류(굴, 전복, 홍합 포함), 복숭아, 토마토, 닭고기, 돼지고기, 소고기, 아황산류를 사용한 제품",20,https://product-image.kurly.com/product/image/5d2113c0-338b-43d1-875c-884343a81b70.jpg,,https://www.kurly.com/goods/1002206810,kurly
[선물세트] 삼청동 에그롤 혼합 (30g x 10봉),,기타,29980,real,,555,26.6,56.5,7.8,33.1,59.0,,,,,"- 계란, 우유, 밀 함유 
* 이 제품은 대두, 오징어, 호두를 사용한 제품과 같은 제조 시설에서 제조합니다. ",20,https://product-image.kurly.com/product/image/1d1f5113-23dd-4855-a653-9d95e4f3aab1.jpg,,https://www.kurly.com/goods/1000910094,kurly
[아띠몽] 팥 앙금 쌀 호두과자 (34g X 15개),,간식/디저트,8200,real,,314,23.92,59.02,6.08,6.08,107.0,,,,,"- 달걀, 우유, 대두, 호두 함유
- 난류, 땅콩, 메밀, 고등어, 게, 새우, 돼지고기, 복숭아, 토마토, 잣, 아황산류, 닭고기, 쇠고기, 오징어, 조개류(굴, 홍합, 전복포함) 혼입가능",20,https://img-cf.kurly.com/shop/data/goods/1655879505117l0.jpg,,https://www.kurly.com/goods/5138996,kurly
우도삼춘 땅콩 샌드 39개입,,간식/디저트,12000,real,,531,28.75,61.25,7.5,28.75,376.0,,,,,"- 밀, 우유, 대두, 땅콩 함유
- 계란, 게, 쇠고기 혼입가능",20,https://product-image.kurly.com/product/image/3d8ea334-8bbc-46df-ab14-e9c433c171c1.jpg,,https://www.kurly.com/goods/1000074282,kurly
[창억] 흑임자인절미 (50g X 10개입),,간식/디저트,10900,real,,189,33.33,35.56,2.22,3.89,61.0,,,,,"- 대두 함유
- 이 제품은 호두, 계란, 밀, 잣, 우유를 사용한 제품과 같은 시설에서 제조",20,https://product-image.kurly.com/product/image/89928744-f357-4e32-80d8-3c9c7148b369.jpg,,https://www.kurly.com/goods/1000351653,kurly
[우리쌀 왕호두] 앙버터 호두과자 (32g X 10개) (개별 포장),,간식/디저트,8500,real,,277,26.0,50.9,6.2,5.4,83.0,,,,,"본 제품은 밀, 대두, 호두, 땅콩, 아황산류, 복숭아, 닭고기, 토마토, 잣, 메밀을 사용한 제품과 같은 제조시설에서 제조",20,https://product-image.kurly.com/product/image/2edb5474-31e4-4a9a-b6ec-b55f76dc66d5.jpg,,https://www.kurly.com/goods/1000304686,kurly
[도라지청년] 수제도라지정과 500g 2종 (택1),,간식/디저트,60000,real,,334,17.03,81.54,1.4,0.29,66.0,,,,,,20,https://product-image.kurly.com/product/image/357eeb84-fb95-4917-9a79-bc735843ada0.jpg,,https://www.kurly.com/goods/1001557163,kurly
[동병상련] 쑥카스테라 찹쌀떡 (50gX4개),,간식/디저트,11500,real,,244,4.11,53.76,5.61,0.75,239.0,,,,,"* 대두 호두, 우유, 밀, 계란 함유
* 이 제품은 땅콩, 잣, 돼지고기, 아황산류를 사용한 제품과 같은 제조시설에서 제조한 제품입니다.",20,https://product-image.kurly.com/product/image/72225314-b8b0-4eaf-bdb7-48bdd20fbcef.jpg,,https://www.kurly.com/goods/1001939228,kurly
[마음이가] 흑임자 앙금 찹쌀떡 (50g X 12개),,간식/디저트,13900,real,,304,38.0,61.34,5.33,4.5,137.0,,,,,"* 대두, 계란, 우유, 땅콩, 호두, 밀, 메밀, 아황산류, 견과류 혼입가능",20,https://product-image.kurly.com/product/image/2e718050-729e-4a2b-8c5a-89aad003729c.jpg,,https://www.kurly.com/goods/1001320019,kurly
허니 한입 꽈배기 520g,,간식/디저트,9000,real,,553,8.0,58.0,6.0,33.0,350.0,,,,,"밀, 계란, 대두 함유",20,https://product-image.kurly.com/product/image/61aa0576-215d-49e2-8f09-904e10720089.jpg,,https://www.kurly.com/goods/1000891658,kurly
[중앙상회] 추억의 옛날호떡 (110g X 3개),,간식/디저트,4720,real,,250,8.18,40.0,4.55,8.18,291.0,,,,,"- 밀, 우유, 대두, 쇠고기, 땅콩 함유
* 달걀, 메밀, 고등어, 게, 새우, 돼지고기, 복숭아, 토마토, 아황산류, 호두, 닭고기, 오징어, 조개류 (굴, 전복, 홍합 포함), 잣 혼입가능",20,https://product-image.kurly.com/product/image/8b0a2102-03cd-4108-9962-4611a5a5d5d4.jpg,,https://www.kurly.com/goods/1001105397,kurly
[떡편] 옥수수 기정떡(술떡) (30g X 8개),,간식/디저트,6600,real,,212,12.0,44.0,6.0,1.4,340.0,,,,,"- 밀, 메밀 함유
* 계란,땅콩,대두,우유,돼지고기,복숭아,토마토,아황산류,호두,오징어,잣 과 같은 시설에서 제조",20,https://img-cf.kurly.com/shop/data/goods/1653040785954l0.jpg,,https://www.kurly.com/goods/5061708,kurly
[롯데] 명가 찰떡파이 오리지널 6입 210g,,간식/디저트,3840,real,,409,30.97,68.8,1.74,9.9,298.0,,,,,"- 우유, 밀, 대두 함유",20,https://product-image.kurly.com/product/image/4221519e-99fe-4cac-86b7-a4fd8802ae4d.jpg,,https://www.kurly.com/goods/1001397569,kurly
[아우름] 수제 씨앗호떡 (100g X 5개),,간식/디저트,8900,real,,332,21.4,38.9,6.6,16.7,376.0,,,,,"- 밀, 대두, 우유, 땅콩 함유
- 이 제품은 알레르기 발생 가능성이 있는 알류, 메밀, 고등어, 게, 새우, 돼지고기, 복숭아, 토마토, 아황산류, 호두, 닭고기, 쇠고기, 오징어, 조개류(굴, 전복, 홍합 포함",20,https://product-image.kurly.com/product/image/04857c6f-3547-483c-b6f4-54b1f627d411.jpg,,https://www.kurly.com/goods/1001822406,kurly
제주 오메기 찰떡파이  215g,,간식/디저트,6000,real,,450,30.0,67.0,5.0,18.0,180.0,,,,,"- 밀, 대두, 달걀, 우유 함유
* 땅콩 혼입 가능",20,https://product-image.kurly.com/product/image/0878f101-477d-41c0-95f1-5f111becdd36.jpg,,https://www.kurly.com/goods/1002207192,kurly
[큰행복] 제주 오메기떡 (70g X 6개),,간식/디저트,13900,real,,204,1.5,43.29,6.74,0.45,206.0,,,,,"- 대두, 땅콩, 밀가루 혼입가능",20,https://product-image.kurly.com/product/image/6c32b451-b014-4e90-ac87-2310c626d3e5.jpg,,https://www.kurly.com/goods/5161501,kurly
[큰행복] 제주 단호박 설기 2종 (90g X 5개) (택1),,간식/디저트,11900,real,,264,5.86,60.46,3.68,0.83,212.0,,,,,"- 본 제품은 대두, 땅콩, 밀가루, 우유 등을 사용한 제품과 같은 제조 시설에서 제조하고 있습니다.",20,https://product-image.kurly.com/product/image/1d1bd366-5278-4eeb-83d2-a32e1ad71336.jpg,,https://www.kurly.com/goods/1001819554,kurly
[우리쌀 왕호두] 말차 호두과자 (30g X 10개),,간식/디저트,6500,real,,396,18.0,47.0,7.0,20.0,212.0,,,,,"- 계란, 우유, 대두, 호두 함유
- 본 제품은 밀, 땅콩, 아황산류, 복숭아, 닭고기, 토마토, 잣, 메밀을 사용한 제품과 같은 제조시설에서 제조하고 있습니다.",20,https://product-image.kurly.com/product/image/ccea5b06-2605-4f54-a1a8-1d47bef77183.jpg,,https://www.kurly.com/goods/1001828650,kurly
[혜인담] 홍삼절편골드 (20g x 8포),,간식/디저트,28900,real,,275,3.75,70.0,0.0,0.0,0.0,,,,,"※ 본 제품은 우유, 대두, 고등어, 오징어를 사용한 제품과 같은 제조시설에서 제조하고 있습니다.",20,https://product-image.kurly.com/product/image/675cd65a-05d3-4c19-a67d-fccb25d940d7.jpg,,https://www.kurly.com/goods/1001502201,kurly
[우리쌀 왕호두] 말차 앙버터 호두과자 (32g X 10개) (개별포장),,간식/디저트,9600,real,,393,20.0,50.0,6.0,19.0,254.0,,,,,"- 계란, 우유, 대두, 호두 함유
- 본 제품은 밀, 대두, 호두, 땅콩, 아황산류, 복숭아, 닭고기, 토마토, 잣, 메밀을 사용한 제품과 같은 제조시설에서 제조하고 있습니다.",20,https://product-image.kurly.com/product/image/bb165b59-db0b-4814-be10-1d7330213122.jpg,,https://www.kurly.com/goods/1001828652,kurly
[태극당] 고방 카스테라 130g,,간식/디저트,4300,real,,374,26.49,52.85,6.56,15.17,158.0,,,,,"- 밀, 계란, 우유, 대두 함유
- 쇠고기, 호두, 잣을 사용한 제품과 같은 제조시설에서 제조",20,https://product-image.kurly.com/product/image/44aac5ae-951d-4b30-92cb-c04109afda25.jpg,,https://www.kurly.com/goods/1001228065,kurly
[배대감] 겉바속쫀 상하이 버터떡 믹스 1kg,,간식/디저트,9980,real,,352,0.0,80.0,6.0,0.9,22.0,,,,,,20,https://product-image.kurly.com/product/image/0eaff833-5dfb-4ab4-aa99-f8ec5993d768.jpg,,https://www.kurly.com/goods/1002129924,kurly
[큰행복] 흑임자 오메기떡 (70g X 6개),,간식/디저트,13900,real,,232,11.3,47.3,6.0,2.1,142.0,,,,,"- 대두, 땅콩, 밀가루 혼입가능",20,https://product-image.kurly.com/product/image/7ce278bf-4df8-41f4-8de4-d112311161f8.jpg,,https://www.kurly.com/goods/5161502,kurly
[이웃집통통이] 고구마찰떡 쫀득빵 180g,,간식/디저트,5225,real,,267,8.89,37.78,6.11,10.0,356.0,,,,,"- 대두, 우유, 밀 함유
- 이 제품은 메밀, 땅콩, 고등어, 게, 새우, 복숭아, 토마토, 호두, 닭고기, 쇠고기, 돼지고기, 오징어, 조개류(굴, 전복, 홍합 포함), 아황산류, 잣을 사용한 제품과 같은 제조시",20,https://product-image.kurly.com/product/image/e9d2c790-72aa-44f9-b70c-565570404ffd.jpg,,https://www.kurly.com/goods/1001591008,kurly
[나폴레옹] 해풍 쑥 크럼블 파운드 케이크 350g,,간식/디저트,19900,real,,494,6.11,49.44,7.78,27.22,31.0,,,,,"-우유, 계란, 밀, 땅콩, 대두 함유
-이 제품은 호두, 돼지고기, 쇠고기, 이산화황을 사용하는 제품과 같은 제조시설에서 제조",20,https://product-image.kurly.com/product/image/0be32f56-2059-4dae-8198-99a085b4bc6c.jpg,,https://www.kurly.com/goods/5141676,kurly
[미자언니네 방앗간] 찰흑임자 인절미,,간식/디저트,4830,real,,297,4.8,47.2,6.0,9.4,239.0,,,,,"- 이 제품은 계란, 우유, 견과류, 대두, 밀을 사용한 제품과 같은 제조시설에서 생산하고 있습니다. ",20,https://product-image.kurly.com/product/image/f87fe273-abe3-4eb1-bca7-123ef2e5ea34.jpg,,https://www.kurly.com/goods/5055185,kurly
[선물세트] 신라명과 사브레 쿠키 3종 세트 260g,,간식/디저트,13900,real,,469,18.0,45.0,3.0,30.0,118.0,,,,,"-계란, 우유, 대두, 밀 함유
-이 제품은 땅콩, 돼지고기, 호두, 쇠고기를 사용한 제품과 같은 제조시설에서 제조하고 있습니다.",20,https://product-image.kurly.com/product/image/c38199ca-bee8-497b-9d08-01f67f4b6bb3.jpg,,https://www.kurly.com/goods/1001068929,kurly
[태극당] 후르츠파운드 760g,,간식/디저트,22500,real,,410,26.4,44.05,5.94,23.89,69.0,,,,,"밀, 계란, 우유, 대두, 호두, 잣 함유
본 제품은 아황산류를 사용한 제품과 같은 제조시설에서 제조하고 있습니다",20,https://product-image.kurly.com/product/image/67ab8265-f986-4c09-a77a-7250d02984fc.jpg,,https://www.kurly.com/goods/1000746911,kurly
[떡편] 카스텔라 인절미 (150g X 2개),,간식/디저트,6690,real,,227,5.2,44.73,4.35,3.39,182.0,,,,,"- 계란, 밀, 우유 함유
*메밀, 땅콩, 대두, 돼지고기, 복숭아, 토마토, 아황산류, 호두, 오징어, 잣 혼입가능",20,https://product-image.kurly.com/product/image/bc000c7c-cddd-40a8-af51-f2957993e58c.jpg,,https://www.kurly.com/goods/1000357002,kurly
[아띠몽] 고구마 앙금 쌀 호두과자 510g,,간식/디저트,9790,real,,319,28.04,48.24,6.47,12.35,106.0,,,,,"- 달걀, 우유, 대두, 호두 함유
- 이 제품은 난류, 땅콩, 메밀, 고등어, 게, 새우, 돼지고기, 복숭아, 토마토, 잣, 아황산류, 닭고기, 쇠고기, 오징어, 조개류(굴, 홍합, 전복포함)를 사용한 제품과 같은",20,https://product-image.kurly.com/product/image/8527c657-ffb1-4d1d-8c0b-c3531ad8171c.jpg,,https://www.kurly.com/goods/1001753685,kurly
[신라명과] 골드바 휘낭시에 (28g X 9개),,간식/디저트,21750,real,,500,32.14,46.43,7.14,32.14,89.0,,,,,"- 계란, 밀, 우유 함유
- 대두, 메밀, 땅콩, 호두, 복숭아, 토마토, 돼지고기, 아황산류, 닭고기, 쇠고기를 사용한 제품과 같은 제조시설에서 제조",20,https://product-image.kurly.com/product/image/5b1dc941-309c-4cf2-a337-dbb43e90fb73.jpg,,https://www.kurly.com/goods/1001476383,kurly
[선물세트] 로로멜로 두바이 쫀득 쿠키 세트 (55g X 6개입),,간식/디저트,41900,real,,518,14.55,54.55,10.91,29.09,236.0,,,,,"- 우유, 대두, 쇠고기, 밀 함유
- 땅콩, 호두, 계란, 아황산류를 사용한 제품과 같은 제조시설에서 제조",20,https://product-image.kurly.com/product/image/42845d35-c428-46a6-84d1-63b3aa657272.jpg,,https://www.kurly.com/goods/1001940089,kurly
[소소미담] 서문시장식 왕땅콩빵 300g,,간식/디저트,9900,real,,466,22.77,44.76,12.1,26.48,144.0,,,,,"- 계란, 밀, 우유, 대두, 땅콩 함유
- 호두, 아몬드, 아황산류 혼입가능",20,https://product-image.kurly.com/product/image/c67ed455-79e1-4362-8f2a-54bdcc08ff83.jpg,,https://www.kurly.com/goods/1002194633,kurly
[마음이가] 이북식 쑥 인절미 400g (개별 포장),,간식/디저트,10500,real,,199,6.62,43.94,5.88,1.38,230.0,,,,,"* 대두, 계란, 우유, 땅콩, 호두, 밀, 메밀, 아황산류, 견과류 혼입가능",20,https://product-image.kurly.com/product/image/4f555844-21c2-4ab6-a208-ff21536959b5.jpg,,https://www.kurly.com/goods/1000641545,kurly
[유키앤러브] 누가비스킷 오리지널 112g,,간식/디저트,6280,real,,456,22.0,66.3,5.5,18.7,491.0,,,,," - 밀, 계란, 우유 함유",20,https://product-image.kurly.com/product/image/794dcd7b-3365-486b-836e-bbef6aa79393.jpg,,https://www.kurly.com/goods/1001413381,kurly
[김정환홍삼] 6년근 꿀먹은 홍삼절편,,간식/디저트,19900,real,,368,67.59,85.01,2.77,1.87,3.0,,,,,,20,https://product-image.kurly.com/product/image/c7dd34d1-abf8-4ebe-b41f-bd08e99dea74.jpg,,https://www.kurly.com/goods/5072914,kurly
[농협] 달콤바삭 쌀크룽지 (25g X 6개),,간식/디저트,9980,real,,333,9.33,38.67,5.33,17.33,307.0,,,,,"- 계란, 우유, 대두, 밀 함유",20,https://product-image.kurly.com/product/image/cca06b54-943d-46d9-9129-91388d9037ee.jpg,,https://www.kurly.com/goods/1001453799,kurly
[해아람]통팥 쏙 호박찰떡 (85g x 5개),,간식/디저트,11900,real,,167,8.33,45.0,3.33,0.0,0.0,,,,,"- 이 제품은 우유, 대두를 사용한 제품과 같은 시설에서 제조하고 있습니다.",20,https://product-image.kurly.com/product/image/0187f447-aaad-4983-ab3c-adfb536b1b68.jpg,,https://www.kurly.com/goods/1002070564,kurly
[단미정] 호박앙금카스테라 인절미 (50g X 6개),,간식/디저트,9900,real,,219,0.0,48.0,4.0,1.2,100.0,,,,,"- 밀, 우유, 계란, 대두 함유
- 본 제품은 땅콩, 호두, 잣을 사용한 제품과 같은 제조시설에서 제조하였습니다.",20,https://product-image.kurly.com/product/image/0d19133d-4148-47b1-9ee7-bcdfea4526be.jpg,,https://www.kurly.com/goods/1002146175,kurly
[선물세트] 기화병가 틴케이스 쿠키 판다 198g,,간식/디저트,19800,real,,529,9.3,59.7,9.2,28.1,105.0,,,,,"- 밀, 우유, 계란 함유
* 이 제품은 땅콩, 대두, 견과류(호두), 갑각류(새우)를 사용한 제품과 같은 제조시설에서 제조하고 있습니다. ",20,https://product-image.kurly.com/product/image/68eb8362-14a1-483e-93b8-b177f77f72c6.jpg,,https://www.kurly.com/goods/1002135652,kurly
[근대골목단팥빵] 우리맛 단팥빵 3개 2종 (택1),,간식/디저트,9000,real,,230,12.0,35.0,7.0,7.0,201.0,,,,,"- 밀, 우유, 대두, 알류(달걀), 호두 함유
- 메밀, 땅콩, 고등어, 게, 새우, 돼지고기, 복숭아, 토마토, 닭고기, 쇠고기, 아황산류, 오징어, 조개류(굴, 전복, 홍합 포함), 잣을 사용한 제품과 같은 제",20,https://product-image.kurly.com/product/image/f24c69d7-84a4-4c2e-b088-787b64ddd660.jpg,,https://www.kurly.com/goods/1001632447,kurly
[감코리아] 곶감 쏙 떡바라기 5입팩 135g,,간식/디저트,13900,real,,260,14.0,46.0,3.2,8.0,44.0,,,,,,20,https://product-image.kurly.com/product/image/2d2810e3-51bf-459b-8211-54d911d3e0af.jpg,,https://www.kurly.com/goods/1000497766,kurly
[근대골목단팥빵] 소보루단팥빵 (90g X 5개),,간식/디저트,15000,real,,309,2.5,45.0,11.25,8.75,228.0,,,,,"-밀, 대두, 알류(달걀), 우유, 땅콩, 호두 함유
-메밀, 고등어, 게, 새우, 돼지고기, 복숭아, 토마토, 아황산류, 쇠고기, 닭고기, 오징어, 조개류, 잣 등을 사용한 제품과 같은 제조시설에서 제조",20,https://product-image.kurly.com/product/image/463d021e-c730-491c-b64f-466b70f38b8a.jpg,,https://www.kurly.com/goods/1000052811,kurly
[근대골목단팥빵] 큼직한 우리맛 단팥빵 (120g X 3개),,간식/디저트,9000,real,,230,12.0,35.0,7.0,7.0,201.0,,,,,"- 밀, 우유, 대두, 알류(달걀), 호두 함유
- 메밀, 땅콩, 고등어, 게, 새우, 돼지고기, 복숭아, 토마토, 닭고기, 쇠고기, 아황산류, 오징어, 조개류(굴, 전복, 홍합 포함), 잣을 사용한 제조시설에서 제",20,https://product-image.kurly.com/product/image/f7deb161-ad12-4eb1-9078-83e7ea29655c.jpg,,https://www.kurly.com/goods/1001632442,kurly
[선물세트] 몽슈슈 구움과자 세트 414g,,간식/디저트,48000,real,,349,28.0,44.0,5.0,17.0,159.0,,,,,"- 계란, 밀, 우유, 대두 함유
- 돼지고기, 쇠고기, 복숭아, 호두, 아황산류를 사용한 제품과 같은 시설에서 제조.",20,https://img-cf.kurly.com/shop/data/goods/1637659923994l0.jpg,,https://www.kurly.com/goods/5097731,kurly
[러브앤러브] 땅콩 필링 에그롤 180g,,간식/디저트,12580,real,,571,26.9,45.9,15.5,36.2,108.0,,,,,"- 땅콩, 계란, 대두, 밀 함유",20,https://product-image.kurly.com/product/image/3f49fa79-dfe6-464a-848c-fbf6412e46b6.jpg,,https://www.kurly.com/goods/1001370327,kurly
[올가] 검정콩 단팥빵 (75g X 3개),,간식/디저트,10500,real,,265,27.06,54.12,8.24,5.88,265.0,,,,,"- 우유, 대두, 밀, 달걀 함유
- 이 제품은 메밀, 땅콩, 고등어, 게, 새우, 돼지고기, 복숭아, 토마토, 아황산류, 호두, 닭고기, 쇠고기, 오징어, 잣, 조개류(굴, 전복, 홍합 포함)를 사용한 제품과 같은",20,https://product-image.kurly.com/product/image/335acdfd-0d87-4943-a8f1-ffef6999c8dc.jpg,,https://www.kurly.com/goods/1002296184,kurly
[농심] 빵부장 말차빵 55g,,간식/디저트,1440,real,,482,29.09,69.09,6.36,20.0,136.0,,,,,"- 밀, 우유, 대두 함유
* 본 제품은 쇠고기, 돼지고기, 토마토, 게, 새우, 땅콩, 잣, 닭고기, 계란, 오징어, 조개류(굴, 전복, 홍합 포함)를 사용한 제품과 같은 시설에서 제조하고 있습니다.",20,https://product-image.kurly.com/product/image/82697216-cc9a-46f0-ae03-b1581433d1cb.png,,https://www.kurly.com/goods/1002129071,kurly
[언니가 숨겨놓은 과자상자] 올망졸망 마들렌 세트 (14g X 10개입),,간식/디저트,16900,real,,393,14.29,35.71,7.14,25.71,179.0,,,,,"밀가루, 우유, 대두, 달걀 함유
- 본제품은 계란, 우유, 글루텐(밀)을 사용한 제품과 같은 제조실에서 제조",20,https://product-image.kurly.com/product/image/86efd1d8-a7be-4eb0-9e2e-7e4a0db9b9af.jpg,,https://www.kurly.com/goods/1000490711,kurly
[근대골목단팥빵] 생크림단팥빵 3종 세트 420g,,간식/디저트,11400,real,,280,15.0,45.0,6.25,7.5,165.0,,,,,"- 알류(달걀), 우유, 밀, 대두, 호두 함유
- 메밀, 고등어, 게, 새우, 땅콩, 돼지고기, 복숭아, 토마토, 쇠고기, 닭고기, 오징어, 조개류(굴, 전복, 홍합 포함), 아황산류, 잣 등을 사용하는 제조시설에",20,https://product-image.kurly.com/product/image/6eb30a3d-303a-49d1-b97d-a772ae407371.jpg,,https://www.kurly.com/goods/1001879442,kurly
[탁촌장] 안동참마 모나카 (30g X 5개),,간식/디저트,6900,real,,350,30.0,83.33,3.33,0.0,50.0,,,,,"계란, 우유, 땅콩, 대두, 밀을 사용한 제품과 같은 제조시설에서 제조.",20,https://img-cf.kurly.com/shop/data/goods/1653039149683l0.jpg,,https://www.kurly.com/goods/5086477,kurly
[선물세트] 삼청동 에그롤 오리지널 (30g x 10봉),,기타,24980,real,,555,26.6,56.5,7.8,33.1,59.0,,,,,"- 계란, 우유, 밀 함유
*이 제품은 대두, 오징어, 호두를 사용한 제품과 같은 제조시설에서 제조합니다. ",20,https://product-image.kurly.com/product/image/1a5b4dac-e758-48a7-b083-e5ff632b96b5.jpg,,https://www.kurly.com/goods/1000910092,kurly
[두레촌] 강원도 강냉이,,간식/디저트,3500,real,,310,0.9,86.0,9.0,1.9,55.0,,,,,,20,https://img-cf.kurly.com/shop/data/goods/159729144168l0.jpg,,https://www.kurly.com/goods/5056008,kurly
[해마루] 파주 장단콩 팥소빵 (5개입),,간식/디저트,13000,real,,288,31.75,57.75,7.13,3.25,147.0,,,,,"- 계란, 밀, 대두 함유",20,https://img-cf.kurly.com/shop/data/goods/1656916472222l0.jpg,,https://www.kurly.com/goods/5152511,kurly
[마루산] 도쿄바나나의 연인,,간식/디저트,11120,real,,388,38.0,47.0,5.0,20.0,200.0,,,,,"-밀, 계란, 대두, 우유 함유
-이 제품은 땅콩을 사용한 제품과 같은 제조시설에서 제조",20,https://product-image.kurly.com/product/image/3ae75ffb-d54b-4f8f-b523-00367de02900.jpg,,https://www.kurly.com/goods/1000400351,kurly
[선물세트] 기화병가 틴케이스 쿠키 펭귄 198g,,간식/디저트,19800,real,,529,9.3,59.7,9.2,28.1,105.0,,,,,"-밀, 우유, 계란, 함유
",20,https://product-image.kurly.com/product/image/99e90e1e-072a-445a-b95c-3c5fa08bab7b.jpg,,https://www.kurly.com/goods/5079589,kurly
[더오담] 한입 땅콩강정 110g,,간식/디저트,2400,real,,434,24.78,83.63,5.21,8.75,4.0,,,,,"밀,닭고기,토마토,우유를 사용한 제품과 같은 제조시설에서 제조하고 있습니다. ",20,https://img-cf.kurly.com/shop/data/goods/1603339540877l0.jpg,,https://www.kurly.com/goods/5060052,kurly
 [선물세트] 오설록 시그니처 비스킷 100g,,간식/디저트,14000,real,,585,43.0,50.0,8.0,39.0,140.0,,,,,"- 밀, 우유, 계란, 쇠고기, 대두 함유
- 메밀, 땅콩, 복숭아, 고등어, 게, 새우, 돼지고기, 토마토, 호두, 아황산류, 닭고기, 오징어, 조개류, 잣을 사용한 제품과 같은 제조시설에서 제조.",20,https://product-image.kurly.com/product/image/6bbdc65f-d9ba-4d9a-b1df-284b28bf174b.jpg,,https://www.kurly.com/goods/5116364,kurly
[선물세트] 기화병가 틴케이스 쿠키 코알라 198g,,간식/디저트,19800,real,,529,9.3,59.7,9.2,28.1,105.0,,,,,"-밀, 우유, 계란 함유
",20,https://product-image.kurly.com/product/image/c28c045c-8ee8-410f-ab5c-aa07dada67a6.jpg,,https://www.kurly.com/goods/5079588,kurly
[선물세트] 사층빵집 수제 샌드 쿠키 3종 세트,,간식/디저트,20700,real,,469,18.0,45.0,3.0,30.0,118.0,,,,,"-우유, 계란, 대두, 밀 함유
-이 제품은 돼지고기, 쇠고기, 호두, 땅콩, 오징어, 복숭아, 닭고기, 토마토, 잣, 아황산류, 메밀, 고등어, 게, 새우, 조개류(굴, 전복, 홍합 포함)를 사용한 제품과 같은 제",20,https://product-image.kurly.com/product/image/4d27833b-97a3-4582-9cbe-0fcc526dc98e.jpg,,https://www.kurly.com/goods/1000235872,kurly
[혜인담] 홍삼정과골드 (30g x 8포),,간식/디저트,41900,real,,330,20.0,76.67,3.33,1.67,17.0,,,,,"※ 본 제품은 우유, 대두, 고등어, 오징어를 사용한 제품과 같은 제조시설에서 제조하고 있습니다.",20,https://product-image.kurly.com/product/image/1328d313-1575-4add-9fd6-04aa4c32f47f.jpg,,https://www.kurly.com/goods/1001502199,kurly
[미야타제과] 쿄노 오츠마미 센베 120g,,간식/디저트,4200,real,,399,48.0,89.2,7.2,1.5,50.0,,,,," - 밀, 계란, 우유 함유",20,https://product-image.kurly.com/product/image/d48bf95a-d497-45e8-bf85-25177ff5ef1e.jpg,,https://www.kurly.com/goods/1001418746,kurly
[설아래] 홍도라지 캔디 40개입,,간식/디저트,15000,real,,393,83.0,97.0,0.0,0.34,12.0,,,,,"※ 본 제품은 우유, 복숭아, 대두, 밀, 땅콩, 토마토, 호두, 닭고기, 게, 새우, 돼지고기, 쇠고기, 오징어, 조개류{굴, 전복, 홍합 포함} 난류, 아황산류를 사용한 제품과 같은 제조시설에서 제조하고 있습니다",20,https://product-image.kurly.com/product/image/9db1dbad-7475-4039-ae97-2936d36719ae.jpg,,https://www.kurly.com/goods/1001558087,kurly
[빠삐용빵] 까까마루 기프트 쿠키 세트 500g,,간식/디저트,24650,real,,500,30.0,60.0,10.0,20.0,170.0,,,,,"-밀, 우유, 대두, 계란 함유
-이 제품은 우유, 메밀, 호두, 토마토, 돼지고기, 닭고기, 소고기, 계란, 땅콩을 사용한 제품과 같은 제조시설에서 제조",20,https://product-image.kurly.com/product/image/09abfdb1-b67c-4f3d-87d1-8ca53fb5c32d.jpg,,https://www.kurly.com/goods/1000530170,kurly
[설아래] 홍생강레몬 캔디 40개입 ,,간식/디저트,15000,real,,399,76.52,99.29,0.15,0.11,2.0,,,,,,20,https://product-image.kurly.com/product/image/a68a8db3-2939-404a-b28c-68167dff7054.jpg,,https://www.kurly.com/goods/1001558091,kurly
[센터커피] 게이샤 콜드브루 200mL,,음료,12500,real,,15,0.0,2.0,1.0,0.4,14.0,,,,,,20,https://product-image.kurly.com/product/image/e6d9e97f-193a-460a-b6f4-594f33eb1265.jpg,,https://www.kurly.com/goods/5008425,kurly
[바리스타룰스] 그란데 무라벨 아메리카노 (350mL X 20개),,음료,20900,real,,3,0.0,0.59,0.21,0.0,21.0,,,,,,20,https://product-image.kurly.com/product/image/c1a6ee84-2af3-48cb-8378-73f26b055fbd.jpg,,https://www.kurly.com/goods/1000886213,kurly
[웅진] 자연은 알로에 (500mL X 6개),,음료,6980,real,,6,1.67,1.67,0.0,0.0,11.0,,,,,"- 이 제품은 알류, 우유, 메밀, 땅콩, 대두, 밀, 복숭아, 토마토, 아황산류, 호두, 잣을 사용한 제품과 같은 시설에서 제조",20,https://product-image.kurly.com/product/image/7e3cf10b-c73e-47db-b288-643da9e3b054.jpg,,https://www.kurly.com/goods/1000953930,kurly
[대림선] 로얄크랩 디핑 100g,,수산가공품,3980,real,,104,3.32,10.57,11.25,1.83,695.0,,,,,"- 게, 밀, 알류(달걀), 대두, 고등어, 토마토 함유",20,https://product-image.kurly.com/product/image/ee56b454-4b49-43ca-8497-6088b5d1ca04.jpg,,https://www.kurly.com/goods/1002370608,kurly
[산토리] 크래프트 보스 베리&아사이 500mL,,음료,3280,real,,36,3.0,9.0,0.0,0.0,51.0,,,,,,20,https://product-image.kurly.com/product/image/87d5e8eb-07a1-471c-b4d1-6a904a97b292.jpg,,https://www.kurly.com/goods/1002033334,kurly
사탕수수 원당 1kg,,간식/디저트,4080,real,,399,99.8,99.8,0.0,0.0,0.0,,,,,,20,https://img-cf.kurly.com/shop/data/goods/1590138255446l0.jpg,,https://www.kurly.com/goods/5052771,kurly
[바디아] 핑크 히말라야 소금 226g,,조미료/소스,9980,real,,179,26.32,29.73,1.62,5.9,2.0,,,,,,20,https://product-image.kurly.com/product/image/0bf47d7c-c191-498c-bd7a-e2e14b10f870.jpg,,https://www.kurly.com/goods/1000135790,kurly
[산가리아] 마로야카 멜론 음료 500mL,,음료,2800,real,,48,8.6,9.4,0.6,0.9,40.0,,,,,"우유, 전지분유 함유",20,https://product-image.kurly.com/product/image/3d078a0a-117c-47cf-a061-af9767f17090.jpg,,https://www.kurly.com/goods/1001971245,kurly
[바리스타룰스] 원데이 디카페인 아메리카노 무라벨(350mL X 20개),,음료,23900,real,,3,0.0,0.6,0.2,0.02,0.0,,,,,,20,https://product-image.kurly.com/product/image/ca3b720f-b478-46a0-a07f-b02bee20d9e2.png,,https://www.kurly.com/goods/1002140793,kurly
[비비드키친] 저칼로리 데리야끼소스,,조미료/소스,3850,real,저당류,27,0.61,30.0,1.88,0.1,1179.0,,,,,"-대두,밀,고등어 함유
*이 제품은 알류,우유,메밀,땅콩,게,새우,돼지고기,복숭아,토마토,아황산류,호두,닭고기,쇠고기,오징어,조개류(굴,전복,홍합 포함),잣을 사용한 제품과 같은 제조시설에서 제조하고 있습니다. ",20,https://product-image.kurly.com/product/image/bf86ed97-3074-4cd3-9c23-359eb803928a.jpg,,https://www.kurly.com/goods/1000165835,kurly
[해태] 칼로리바란스 치즈 (38g x 7개),,간식/디저트,6280,real,,428,22.37,69.74,7.89,13.16,382.0,,,,,"- 밀, 우유, 대두, 계란 함유
- 쇠고기, 땅콩,호두를 사용한 제품과 같은 제조시설에서 제조",20,https://product-image.kurly.com/product/image/468f196e-45d6-4a08-829d-9c9931bc9302.jpg,,https://www.kurly.com/goods/1000125337,kurly
[오뚜기] 가뿐한끼 닭가슴살짜장 130g,,육가공품,1800,real,,96,4.62,11.54,4.62,3.31,377.0,,,,,"-계란,우유,대두,밀,돼지고기,닭고기,쇠고기 함유
*게,새우,토마토,오징어,조개류(굴,전복,홍합 포함),아황산류,잣 혼입 가능",20,https://product-image.kurly.com/product/image/145fc225-8d77-4e4d-9964-f4297229d34a.jpg,,https://www.kurly.com/goods/1000554068,kurly
[오뚜기]컵누들 참깨라면 컵 37.5g*6입,,주식/면류,8480,real,,373,5.33,69.33,5.33,8.0,2533.0,,,,,"- 밀, 대두, 계란, 우유, 토마토, 쇠고기, 돼지고기, 닭고기, 오징어, 조개류(굴,홍합,바지락 포함) 함유",20,https://product-image.kurly.com/product/image/da764710-fef4-414c-b603-f6cbbee1bfc6.jpg,,https://www.kurly.com/goods/1001095509,kurly
[행복담기] 훈제메추리알3입 (20입),,기타,13550,real,,217,1.0,1.58,15.0,16.67,729.0,,,,,"- 알류(메추리알) 함유
- 이 제품은 우유, 메밀, 땅콩, 밀, 대두, 고등어, 게, 새우, 돼지고기, 복숭아, 토마토, 아황산류, 호두, 닭고기, 쇠고기, 오징어, 조개류, 잣을 사용한 제품과 같은 제조시설에서 ",20,https://product-image.kurly.com/product/image/c131e71b-d72c-4a3a-918e-39b91f9f5d1e.jpg,,https://www.kurly.com/goods/1001054003,kurly
[오뚜기] 가벼운참치 라이트스탠다드 (135GX4),,즉석식품,9900,real,저당류,144,0.0,1.48,19.26,6.67,252.0,,,,,"- 대두 함유
* 계란, 우유, 메밀, 땅콩, 밀, 고등어, 게, 새우, 돼지고기, 복숭아, 토마토, 호두, 닭고기, 쇠고기, 오징어, 조개류(전복, 홍합 포함), 잣 혼입가능",20,https://product-image.kurly.com/product/image/52f6d73a-cade-4858-b240-e8f3a61ce13a.jpg,,https://www.kurly.com/goods/5136179,kurly
[오뚜기] 컵누들 로제맛 6입,,주식/면류,8500,real,,304,8.63,62.75,1.96,5.29,1549.0,,,,,"-밀, 대두, 계란, 우유, 쇠고기, 돼지고기, 닭고기, 조개류(굴) 함유
*메밀, 땅콩, 고등어, 게, 새우, 복숭아, 토마토, 호두, 오징어, 조개류(홍합, 전복 포함), 잣 혼입가능",20,https://product-image.kurly.com/product/image/546d2318-aab0-46a3-ad0e-d0ab43c12e66.jpg,,https://www.kurly.com/goods/1000044725,kurly
[오뚜기] 가벼운참치 더마일드 (135GX4),,즉석식품,9900,real,,106,0.0,0.0,17.06,4.12,529.0,,,,,"- 대두, 밀, 조개류(굴,바지락) 함유
* 계란, 우유, 메밀, 땅콩, 고등어, 게, 새우, 돼지고기, 복숭아, 토마토, 호두, 닭고기, 쇠고기, 오징어, 조개류(전복, 홍합 포함), 잣 혼입가능",20,https://img-cf.kurly.com/shop/data/goods/165355608842l0.jpg,,https://www.kurly.com/goods/5136180,kurly
[풀무원] 지구식단 찰곤약 떡볶이,,간식/디저트,6480,real,,200,5.7,46.0,4.0,1.5,510.0,,,,," - 밀, 대두 함유
 - 본 제품은 게, 새우, 고등어, 계란, 땅콩, 우유, 메밀, 돼지고기, 쇠고기, 복숭아, 토마토, 호두, 닭고기, 오징어, 조개류 (굴, 전복, 홍합 포함), 아황산류, 잣을 사용한 제품과",20,https://product-image.kurly.com/product/image/d0ee7578-08b1-4a16-b514-a059d7618d2d.jpg,,https://www.kurly.com/goods/1001412580,kurly
[오뚜기] LIGHT&JOY 당을줄인컵누들 로제맛 51G*6입,,주식/면류,8980,real,,304,8.63,62.75,1.96,5.29,1549.0,,,,,하단 표시사항 참조,20,https://product-image.kurly.com/product/image/bb1ca7b7-dc81-4875-8829-81b2d6d67212.jpg,,https://www.kurly.com/goods/1002313733,kurly
[Kurly's] 동물복지 반숙란 6구,,기타,4980,real,,124,0.0,0.0,13.2,7.6,170.0,,,,,- 계란 함유,20,https://img-cf.kurly.com/shop/data/goods/1592801411686l0.jpg,,https://www.kurly.com/goods/5041764,kurly
[그로서리서울] 곤약쫀드기 옥수수 (10개입),,간식/디저트,8900,real,,336,25.0,73.0,5.8,1.7,540.0,,,,,"- 밀, 대두 함유
* 알류(계란), 우유, 쇠고기, 닭고기, 토마토, 조개류(굴, 바지락, 홍합 포함)를 사용한 제품과 같은 제조시설에서 제조",20,https://product-image.kurly.com/product/image/4c198719-2dfe-4e67-a5d4-4c2d0c294e9a.jpg,,https://www.kurly.com/goods/5149031,kurly
[풀무원] 순두부 또띠아 8인치(5입),,즉석식품,3680,real,,288,5.5,53.3,7.5,5.0,720.0,,,,,"-대두,밀 함유",20,https://product-image.kurly.com/product/image/8cf737a7-8af0-4bec-a7a5-c50349e1a598.jpg,,https://www.kurly.com/goods/1000390905,kurly
[오뚜기] 컵누들 얼큰쌀국수 6입,,주식/면류,7990,real,,344,7.94,76.72,7.94,0.0,3069.0,,,,,"-밀, 대두, 쇠고기, 조개류(굴, 홍합 포함) 함유
*계란, 우유, 메밀, 땅콩, 고등어, 게, 새우, 돼지고기, 복숭아, 토마토, 아황산류, 호두, 닭고기, 오징어, 조개류(전복 포함), 잣 혼입가능",20,https://img-cf.kurly.com/shop/data/goods/1636629349446l0.jpg,,https://www.kurly.com/goods/5095019,kurly
[오뚜기] 컵누들 베트남쌀국수 6입,,주식/면류,7990,real,,301,6.82,64.77,6.82,1.48,1705.0,,,,,"-밀, 대두, 우유, 쇠고기, 돼지고기, 닭고기, 땅콩 함유
*계란, 토마토, 오징어, 새우, 조개류(굴, 홍합 포함) 혼입가능",20,https://img-cf.kurly.com/shop/data/goods/1636626934947l0.jpg,,https://www.kurly.com/goods/5095018,kurly
[오뚜기] 가벼운참치 고추 (135gX4),,즉석식품,11480,real,,100,5.19,10.37,11.11,1.63,578.0,,,,,"- 대두, 밀, 토마토, 쇠고기 함유",20,https://product-image.kurly.com/product/image/b1c647dd-c7b0-4f73-9448-6185b3f5ebbb.jpg,,https://www.kurly.com/goods/1001458445,kurly
[오뚜기] 컵누들 김치쌀국수 6입,,주식/면류,7690,real,,345,11.49,77.59,8.62,0.0,2644.0,,,,,"-밀, 대두, 우유, 쇠고기, 조개류(굴, 홍합 포함) 함유
*계란, 메밀, 땅콩, 고등어, 게, 새우, 돼지고기, 복숭아, 토마토, 아황산류, 호두, 닭고기, 오징어, 조개류(전복 포함), 잣 혼입가능",20,https://img-cf.kurly.com/shop/data/goods/1636633086557l0.jpg,,https://www.kurly.com/goods/5095021,kurly
[굽네] 닭가슴살 김치볶음밥(4개입),,육가공품,11600,real,,143,2.8,18.0,8.8,4.0,308.0,,,,,"* 쇠고기, 돼지고기, 닭고기, 대두, 밀, 우유, 조개류(굴), 토마토 함유
* 이 제품은 오징어, 게, 조개류(전복, 홍합 포함), 새우, 복숭아, 메밀, 고등어, 호두, 땅콩, 난류(계란), 아황산류를 사용한 ",20,https://product-image.kurly.com/product/image/52b5085e-c47d-403e-aa41-7a6a5440a032.jpg,,https://www.kurly.com/goods/1000015089,kurly
[Kurly's] 동물복지 반숙란 10구,,기타,7490,real,,124,0.0,0.0,13.2,7.6,170.0,,,,,"- 계란 함유
- 알류(메추리알), 우유, 메밀, 땅콩, 대두, 밀, 고등어, 게, 새우, 돼지고기, 복숭아, 토마토, 아황산류, 호두, 닭고기, 쇠고기, 오징어, 조개류(굴, 전복, 홍합 포함), 잣을 사용한 제품",20,https://img-cf.kurly.com/shop/data/goods/159280152372l0.jpg,,https://www.kurly.com/goods/5041772,kurly
[농심] 후루룩쌀국수 미역국 6입,,주식/면류,8760,real,,358,5.41,75.68,5.41,5.41,1757.0,,,,,"메밀,땅콩,잣,고등어,게,새우,토마토,호두,닭고기,오징어,조개류를 사용한 제품과 같은 시설에서 제조하고 있습니다.",20,https://product-image.kurly.com/product/image/ab0df415-1b68-47dd-9bbd-e337f8091fb4.jpg,,https://www.kurly.com/goods/1001416026,kurly
[오뚜기] 컵누들 매콤한맛 6입,,주식/면류,7790,real,,317,7.94,76.72,2.65,0.0,2354.0,,,,,"밀,대두,우유,쇠고기,조개류 함유",20,https://img-cf.kurly.com/shop/data/goods/1636622857252l0.jpg,,https://www.kurly.com/goods/5095016,kurly
[Kurly's] 동물복지 반숙란 20구,,기타,13980,real,,124,0.0,0.0,13.2,7.6,170.0,,,,,- 계란 함유,20,https://img-cf.kurly.com/shop/data/goods/1592801647848l0.jpg,,https://www.kurly.com/goods/5041773,kurly
[풀무원] 우유 또띠아 8인치(5입),,유제품,3680,real,,288,5.5,53.3,7.5,5.0,720.0,,,,,"-밀,대두,우유 함유",20,https://product-image.kurly.com/product/image/45f7a218-00f1-4b36-a7c5-bdde2e5055aa.jpg,,https://www.kurly.com/goods/1000390903,kurly
[풀무원] 리얼해초미역면 150g,,수산가공품,2280,real,,61,8.14,12.21,1.53,1.22,290.0,,,,,,20,https://product-image.kurly.com/product/image/eb07056e-1c17-4ea5-8716-887ee962c475.jpg,,https://www.kurly.com/goods/1001130175,kurly
[풀무원] 시금치 또띠아 8인치(5입),,즉석식품,3680,real,,288,5.5,53.3,7.5,5.0,720.0,,,,,"-대두,밀 함유",20,https://product-image.kurly.com/product/image/64ca5f8d-c8c0-4d95-b6a3-fef0964e064b.jpg,,https://www.kurly.com/goods/1000390907,kurly
[오뚜기] 가벼운참치 김치찌개용 (135GX4),,즉석식품,9900,real,,133,2.22,5.19,20.0,3.7,667.0,,,,,"- 대두, 밀, 쇠고기, 조개류(굴,바지락) 함유
* 계란, 우유, 메밀, 땅콩, 고등어, 게, 새우, 돼지고기, 복숭아, 토마토, 호두, 닭고기, 오징어, 조개류(전복, 홍합 포함), 잣 혼입가능",20,https://img-cf.kurly.com/shop/data/goods/1653556692248l0.jpg,,https://www.kurly.com/goods/5136183,kurly
[굽네] 닭가슴살 야채볶음밥(4개입),,육가공품,11600,real,,130,3.4,22.13,8.51,0.72,213.0,,,,,"* 쇠고기, 닭고기, 대두, 밀, 오징어, 조개류(굴, 바지락), 난류(계란) 함유
* 이 제품은 오징어, 게, 조개류(전복, 홍합 포함), 새우, 복숭아, 메밀, 고등어, 호두, 땅콩, 난류(계란), 아황산류를 사",20,https://product-image.kurly.com/product/image/9d1e0b7f-79cb-4b9b-a248-2b15f0215b92.jpg,,https://www.kurly.com/goods/1000015091,kurly
[오리온] 마켓오네이처 오 그래놀라 단백질바 미니 192g,,간식/디저트,4560,real,,458,21.0,64.0,19.0,14.0,420.0,,,,,"- 밀, 우유, 대두, 땅콩 함유",20,https://product-image.kurly.com/product/image/922afe36-2d1e-4dc0-b8f3-d34f55bb50e1.jpg,,https://www.kurly.com/goods/1001391080,kurly
[빙그레] 바나나맛 우유 라이트 (240mL X 4개),,유제품,5160,real,저당류,80,10.0,12.5,2.0,2.5,30.0,,,,,"-우유 함유
이 제품은 복숭아, 토마토를 사용한 제품과 같은 제조시설에서 제조하고 있습니다.",20,https://img-cf.kurly.com/shop/data/goods/1618894472137l0.jpg,,https://www.kurly.com/goods/5069779,kurly
[동원] 리챔 순살꼬꼬 200g x 3캔,,즉석식품,14480,real,,206,1.0,1.0,19.0,14.0,510.0,,,,,"- 닭고기, 쇠고기, 우유, 알류 함유",20,https://product-image.kurly.com/product/image/5f5050cd-9166-42a1-be17-94dd27e4dc79.jpg,,https://www.kurly.com/goods/1000643377,kurly
[사조] 안심 닭가슴살 135g,,육가공품,3240,real,,115,0.51,1.0,25.0,1.3,430.0,,,,,"-닭고기, 밀, 달걀 함유",20,https://product-image.kurly.com/product/image/e5415621-da9c-4705-abf3-477d7169a3ff.jpg,,https://www.kurly.com/goods/1000436778,kurly
[동원] 리챔 순닭가슴살 135g x 3캔,,육가공품,11980,real,,65,0.0,0.6,12.0,1.5,350.0,,,,,"-닭고기, 대두, 밀, 조개류(바지락,홍합 포함) 함유",20,https://product-image.kurly.com/product/image/acafec61-30be-47e9-89d6-1b16ab53711c.jpg,,https://www.kurly.com/goods/1000643379,kurly
[그로서리서울] 잘지은 곤약 현미밥 (110g X 5입),,즉석식품,12480,real,,86,0.0,18.18,1.82,0.82,55.0,,,,,"*계란, 우유, 메밀, 땅콩, 대두, 밀, 고등어, 게, 새우, 돼지고기, 복숭아, 토마토, 아황산류, 호두, 닭고기, 쇠고기, 오징어, 조개류(굴, 전복, 홍합 포함) 혼입가능",20,https://product-image.kurly.com/product/image/94c88696-7b58-44f9-9f3e-1025f09d9095.jpg,,https://www.kurly.com/goods/5159561,kurly
[라이틀리] 곤약즉석밥 현미퀴노아 150g*10개,,즉석식품,25000,real,,60,0.0,14.0,1.33,0.0,3.0,,,,,"-달걀,우유,메밀,땅콩,대두,밀,고등어,게,새우,돼지고기,복숭아,토마토,아황산류,호두,닭고기,쇠고기,오징어,잣,조개류(굴,전복,홍합 포함) 혼입 가능",20,https://product-image.kurly.com/product/image/69e07610-eeb1-4472-b5dd-2c267af3a67c.jpg,,https://www.kurly.com/goods/1000264004,kurly
[그로서리서울] 배부른 현미 곤약밥 (4개입),,즉석식품,10480,real,,104,0.0,21.23,4.27,1.3,4.0,,,,,"- 본 제품은 알류, 우유, 메밀, 땅콩, 대두, 밀, 고등어, 게, 새우, 돼지고기, 복숭아, 토마토, 아황산류, 호두, 닭고기, 쇠고기, 오징어, 조개류(굴, 전복, 바지락, 홍합 포함), 잣을 사용한 제품과 같",20,https://product-image.kurly.com/product/image/ef70d2a6-44e2-4f16-ad8d-1f422894dd7f.jpg,,https://www.kurly.com/goods/5051177,kurly
[그로서리서울] 찰보리 흑미 곤약밥 (4개입),,즉석식품,10480,real,,106,0.0,22.69,2.54,0.53,10.0,,,,,"- 본 제품은 우유, 대두, 밀, 오징어, 조개류(굴, 바지락), 잣을 사용한 제품과 같은 제조시설에서 제조하고 있습니다.",20,https://img-cf.kurly.com/shop/data/goods/1597892753435l0.jpg,,https://www.kurly.com/goods/5055963,kurly
[농심] 누들핏 마라탄탄맛 8입,,주식/면류,11680,real,,329,7.32,63.41,2.44,8.54,2024.0,,,,,"계란,메밀,고등어,게,새우,돼지고기,복숭아,토마토,아황산류,호두,닭고기,오징어,조개류,잣을 사용한 제품과 같은 시설에서 제조하고 있습니다.",20,https://product-image.kurly.com/product/image/f42f211c-3cfa-4982-bfc4-41bbc51a3efd.jpg,,https://www.kurly.com/goods/1001416012,kurly
[그로서리서울] 배부른 병아리콩 곤약밥(4개입),,즉석식품,10480,real,,119,0.0,25.05,3.46,0.52,4.0,,,,,"* 알류, 우유, 메밀, 땅콩, 대두, 밀, 고등어, 게, 새우, 돼지고기, 복숭아, 토마토, 아황산류, 호두, 닭고기, 쇠고기, 오징어, 조개류(굴, 전복, 바지락, 홍합 포함), 잣 혼입가능",20,https://product-image.kurly.com/product/image/fdb30903-28a6-4618-8e61-dfc96b316875.jpg,,https://www.kurly.com/goods/1000087253,kurly
[한둘푸드] 두부로 만든 비빔면 (2인분),,주식/면류,8900,real,,255,7.65,53.02,4.0,3.0,484.0,,,,,"- 대두, 밀 함유",20,https://product-image.kurly.com/product/image/b320654a-ab52-42c6-a64b-88c6ace19816.jpg,,https://www.kurly.com/goods/1001337945,kurly
[잇츠온] 가벼운 두부면 (180g) ,,수산가공품,3300,real,,27,0.0,3.89,2.78,1.11,110.0,,,,,- 대두 함유,20,https://product-image.kurly.com/product/image/afc8f687-2bd1-49f0-af8b-2c1f9a928168.jpg,,https://www.kurly.com/goods/1001502423,kurly
[아르토스베이커리] 통밀 카카오빵 (56g X 2개),,간식/디저트,2604,real,,263,4.18,46.68,11.51,3.35,140.0,,,,,"-밀 함유
-이 제품은 글루텐, 견과류를 원료로 사용하는 제품과 같은 제조시설에서 제조",20,https://img-cf.kurly.com/shop/data/goods/1603092555637l0.jpg,,https://www.kurly.com/goods/5060868,kurly
[아르토스베이커리] 통밀 베이글빵 3종 (택1),,간식/디저트,1980,real,,258,7.19,48.91,12.07,1.61,293.0,,,,,"- 밀 함유
- 글루텐, 견과류를 원료로 사용하는 제품과 같은 제조 시설에서 제조",20,https://product-image.kurly.com/product/image/2ce16f60-fcf1-42aa-8bb2-e63faa9edc9c.jpg,,https://www.kurly.com/goods/1001839352,kurly
[GANSIK] 두부 티라미수 4종 (90g X 2개) (택1),,간식/디저트,7000,real,,293,23.33,26.67,4.17,18.33,73.0,,,,,"- 밀, 난류, 우유, 대두 함유
- 소고기, 닭고기, 돼지고기, 새우, 호두, 토마토를 사용한 제품과 같은 제조시설에서 제조.",20,https://img-cf.kurly.com/shop/data/goods/1658389881935l0.jpg,,https://www.kurly.com/goods/5159362,kurly
[모두의식단] 탱글탱글 닭가슴살 어묵바 2종,,육가공품,1790,real,,114,0.0,8.57,15.72,2.29,400.0,,,,,"- 쇠고기, 닭고기, 대두, 옥수수 함유
- 이 제품은 우유, 알류, 메밀, 땅콩, 고등어, 새우, 돼지고기, 쇠고기, 닭고기, 복숭아, 토마토, 호두, 조개류(굴, 전복, 홍합 포함), 오징어, 아황산류, 잣을 사",20,https://product-image.kurly.com/product/image/9de0d444-2f92-4e0d-aea8-8f0120996dce.jpg,,https://www.kurly.com/goods/1000345063,kurly
[풀무원] 현미 또띠아 8인치 (5입),,즉석식품,3680,real,,288,5.5,53.3,7.5,5.0,720.0,,,,,"- 밀, 대두 함유",20,https://product-image.kurly.com/product/image/dcd7b721-e138-49fb-8860-2666c2864ac3.jpg,,https://www.kurly.com/goods/1001560240,kurly
[제일맞게컬리] 전주비빔 현미곤약 주먹밥,,기타,5980,real,,183,3.78,32.0,4.89,3.78,440.0,,,,,"대두, 밀, 돼지고기, 쇠고기 함유
- 알류, 우유, 메밀, 땅콩, 고등어, 게, 새우, 복숭아, 토마토, 아황산류, 호두, 닭고기, 오징어, 조개류(굴,전복,홍합 포함), 잣 혼입가능",20,https://product-image.kurly.com/product/image/3e620835-6e43-423a-9466-4d2645e0adc9.jpg,,https://www.kurly.com/goods/1001170131,kurly
[Kurly's] 동물복지 구운란 10구,,기타,7490,real,,165,0.0,1.0,16.0,11.0,210.0,,,,,"-계란 함유
- 이 제품은 알레르기 발생 가능성이 있는 알류(메추리알), 우유, 메밀, 땅콩, 대두, 밀, 고등어, 게, 새우, 돼지고기, 복숭아, 토마토, 아황산류, 호두, 닭고기, 쇠고기, 오징어, 조개류(굴, ",20,https://img-cf.kurly.com/shop/data/goods/1592284248795l0.jpg,,https://www.kurly.com/goods/5051889,kurly
[풀무원] 유기농 콩 100% 연두부 2개입,,수산가공품,2680,real,,67,0.0,2.67,5.33,4.0,27.0,,,,,- 대두 함유,20,https://product-image.kurly.com/product/image/2f041555-08f7-465d-a3f7-7786e2fafe34.jpg,,https://www.kurly.com/goods/1001330600,kurly
[어니스트그릭] 피스타치오 그릭요거트 100g,,유제품,4800,real,,195,7.0,9.0,10.0,13.0,40.0,,,,,-우유 함유,20,https://product-image.kurly.com/product/image/b400e319-6d93-4539-8ad2-cda9964c006b.jpg,,https://www.kurly.com/goods/1001387252,kurly
[오뚜기] 컵누들 짜슐랭 41g*6입,,주식/면류,9000,real,,402,12.2,68.29,3.66,12.2,902.0,,,,,하단 표시사항 참조,20,https://product-image.kurly.com/product/image/54e3b3a9-dc4a-4494-9db8-12d5e45ff57c.jpg,,https://www.kurly.com/goods/1002313740,kurly
닭가슴살 곤약볶음밥 3종 (4개입) 택1,,육가공품,10100,real,,110,1.5,16.5,8.0,1.4,275.0,,,,,"불고기맛 곤약볶음밥
- 계란, 대두, 밀, 닭고기, 쇠고기, 조개류(굴) 함유
- 이 제품은 우유, 메밀, 땅콩, 고등어, 게, 새우, 돼지고기, 복숭아, 토마토, 아황산류, 호두, 오징어, 조개류(전복, 홍합 포함",20,https://product-image.kurly.com/product/image/295ff79f-ecc1-4689-b55f-01fe8de5bd26.jpg,,https://www.kurly.com/goods/1000149207,kurly
[유얼거트] 블루베리 그릭요거트 130g,,유제품,3900,real,,333,7.69,48.47,40.53,1.45,373.0,,,,,"*우유 함유
*이 제품은 난류, 우유, 메밀, 땅콩, 대두, 밀, 고등어, 게, 새우, 돼지고기, 복숭아, 토마토, 아황산류, 호두, 닭고기, 쇠고기, 오징어, 조개류(굴,전복,홍합 포함), 잣을 사용한 제품과 같은",20,https://product-image.kurly.com/product/image/03672ae6-f9da-4183-995b-6b71b9770b58.jpg,,https://www.kurly.com/goods/1000400617,kurly
[오뚜기] 가뿐한끼 고단백 닭가슴살 브리또 콤비네이션 500g(125gx4개입),,육가공품,13920,real,,315,3.0,28.0,15.0,16.0,490.0,,,,,"- 밀, 대두, 우유, 토마토, 쇠고기, 돼지고기, 닭고기 함유
- 알류, 땅콩, 돼지고기, 고등어, 아황산류, 조개류(전복, 홍합 포함), 메밀, 게, 새우, 복숭아, 호두, 오징어, 잣 혼입가능",20,https://product-image.kurly.com/product/image/29807aae-a0d6-4bbf-8113-e33b8a852dcd.jpg,,https://www.kurly.com/goods/1002103705,kurly
[비비고] 닭가슴살 김치 만두 168g,,육가공품,2990,real,,175,1.67,18.89,8.33,7.22,517.0,,,,,"-밀, 대두, 메밀, 계란, 닭고기, 돼지고기, 쇠고기, 우유, 새우 함유 
-땅콩, 고등어, 게, 복숭아, 토마토, 아황산류, 호두, 오징어, 조개류 (굴, 전복, 홍합 포함), 잣 혼입 가능",20,https://product-image.kurly.com/product/image/be5e94cd-5a22-4cc9-b54e-d55bb3d0b25e.jpg,,https://www.kurly.com/goods/1001973189,kurly
[쉐이크베이비] 다이어트 단백질 쉐이크 630g ,,건강기능식품,32800,real,,421,5.89,35.5,43.65,11.56,759.0,,,,,"- 우유, 대두 함유
- 본 제품은 알류(가금류), 메밀, 땅콩, 밀, 고등어, 게, 새우, 돼지고기, 복숭아, 토마토, 아황산류, 호두, 닭고기, 쇠고기, 오징어, 조개류, 잣을 사용한 제품과 같은 시설에서 제조하",20,https://product-image.kurly.com/product/image/ed6bedbf-b598-4111-8459-5ef8846fde6d.jpg,,https://www.kurly.com/goods/1000482231,kurly
[자연실록] 동물복지 닭가슴살 큐브 스테이크 4종,,육가공품,7425,real,,103,0.0,9.0,9.33,3.33,125.0,,,,,"- 갈릭, 청양고추, 오리지널 : 닭고기 함유
- 바비큐 : 닭고기, 대두, 밀, 아황산류 함유
- 본 제품은 알류,우유,메밀,땅콩,대두,밀,고등어,게,새우,돼지고기,복숭아,토마토,호두,쇠고기,오징어,조개류,아황산류",20,https://product-image.kurly.com/product/image/ac58906f-8b8e-4b46-b2db-f271741ca640.jpg,,https://www.kurly.com/goods/1001177248,kurly
[가농바이오] 촉촉하게 구워낸 오메가3 구운란 10구,,기타,6590,real,,125,0.0,1.75,12.5,7.25,150.0,,,,,-계란 함유,20,https://img-cf.kurly.com/shop/data/goods/1586151348766l0.jpg,,https://www.kurly.com/goods/5050569,kurly
[YOZM] 플레인그릭요거트 100g,,유제품,3900,real,,145,9.23,13.85,6.15,7.69,23.0,,,,,"- 우유 함유
- 호두가 함유된 제품과 같은 제조시설에서 제조",20,https://product-image.kurly.com/product/image/110ec3ac-37ed-4524-93e0-6e531136a807.jpg,,https://www.kurly.com/goods/5026539,kurly
[샐러드판다] 모닝빵 샌드위치 (2입) 3종,,간식/디저트,6000,real,,150,6.0,20.0,4.0,6.0,240.0,,,,,"- 에그 : 계란, 대두, 밀, 우유, 조개류(굴), 돼지고기 함유
- 참치&에그 : 계란, 우유, 대두, 밀, 조개류(굴), 쇠고기, 돼지고기 함유
-케이준 게맛살&에그 : 계란, 우유, 대두, 밀, 조개류(굴),",20,https://product-image.kurly.com/product/image/0459fc74-75ab-4408-a3b3-93394131705a.jpg,,https://www.kurly.com/goods/1000420905,kurly
[그릭데이] 그릭요거트 시그니처 100g,,유제품,3900,real,,225,2.0,6.0,14.0,16.0,21.0,,,,,- 우유 함유,20,https://product-image.kurly.com/product/image/d0dfdfb7-fcd6-4f12-b144-0a121473b20c.jpg,,https://www.kurly.com/goods/5062447,kurly
[웰리카] 다이어트 플러스 프로바이오틱스 (30일분),,건강기능식품,89000,real,,398,38.32,95.15,0.27,1.78,13.0,,,,,"※ 본 제품은 알류(가금류), 우유, 메밀, 땅콩, 대두, 밀, 고등어, 게, 새우, 돼지고기, 복숭아, 토마토, 잣 등을 사용한 제품과 같은 제조시설에서 제조하고 있습니다.",20,https://product-image.kurly.com/product/image/6b8c7808-6cad-489f-bf2f-335348231185.jpg,,https://www.kurly.com/goods/1001508934,kurly
[Kurly's] 동물복지 구운란 20구,,기타,13900,real,,165,0.0,1.0,16.0,11.0,210.0,,,,,"- 계란 함유
- 이 제품은 알레르기 발생 가능성이 있는 알류(메추리알), 우유, 메밀, 땅콩, 대두, 밀, 고등어, 게, 새우, 돼지고기, 복숭아, 토마토, 아황산류, 호두, 닭고기, 쇠고기, 오징어, 조개류(굴,",20,https://img-cf.kurly.com/shop/data/goods/1653036939202l0.jpeg,,https://www.kurly.com/goods/5051888,kurly
[풀무원] 특등급 국산콩 네컵 연두부 360g,,수산가공품,2800,real,,47,0.83,1.39,4.17,2.78,14.0,,,,,"- 대두, 우유 함유",20,https://product-image.kurly.com/product/image/42ac0c1b-59fd-4fe8-a410-2cfe736734ad.jpg,,https://www.kurly.com/goods/1001446656,kurly
[볼비] 두유 그릭요거트 클래식 100g,,유제품,3150,real,,118,0.0,6.0,14.0,4.0,43.0,,,,,"대두 함유
",20,https://product-image.kurly.com/product/image/42cd20ad-6c77-40b9-922f-8e58eaa8e7c3.jpg,,https://www.kurly.com/goods/1000033199,kurly
[Better me] 오리지널 닭가슴살 (냉장),,육가공품,13024,real,,125,2.73,11.36,15.45,2.27,205.0,,,,,"- 닭고기 함유
- 알류, 우유, 메밀, 땅콩, 대두, 밀, 고등어, 게, 새우, 돼지고기, 복숭아, 토마토, 아황산류, 쇠고기, 조개류(굴, 전복, 홍합 포함), 잣을 사용한 제품과 같은 시설에서 제조하고 있습니다",20,https://img-cf.kurly.com/shop/data/goods/1637655320801l0.jpg?v=0531,,https://www.kurly.com/goods/5006227,kurly
[쉐푸드] B.E.L.T 샌드위치 & 닭가슴살 흑임자 샌드위치 (택1),,육가공품,4900,real,,162,5.62,14.05,5.62,8.99,444.0,,,,,"-B.E.L.T 샌드위치 : 알류(달걀),우유,대두,밀,돼지고기,토마토,쇠고기,조개류(굴)함유
이 제품은 알류(메추리알),메밀,땅콩,고등어,게,새우,복숭아,아황산류,호두,닭고기,오징어,조개류(전복,홍합 포함), 잣",20,https://img-cf.kurly.com/shop/data/goods/1572324205916l0.jpg,,https://www.kurly.com/goods/5042318,kurly
[CJ] 행복한콩 1등급 국산콩 순두부 330g,,수산가공품,1800,real,,40,0.6,2.0,4.0,1.8,20.0,,,,,대두 함유,20,https://product-image.kurly.com/product/image/159d747d-0eda-45e3-a935-d89dff3826e0.jpg,,https://www.kurly.com/goods/1001381967,kurly
[KF365] 백색반숙란+갈색훈제란 20구 반반팩,,기타,12280,real,,128,0.05,3.06,12.99,7.06,238.0,,,,,"- 알류 (계란) 함유
- 본 제품은 알류(메추리알), 우유, 메밀, 땅콩, 대두, 밀, 고등어, 게, 새우, 돼지고기, 복숭아, 토마토, 호두, 아황산류, 닭고기, 쇠고기, 오징어, 조개류(굴, 전복, 홍합 포함)",20,https://product-image.kurly.com/product/image/81e09550-3790-4e58-9fc6-413a6a7b5cb8.jpg,,https://www.kurly.com/goods/1000263760,kurly
[소와나무] 생크림 요거트 (85g X 8개),,유제품,5980,real,,119,11.25,13.75,2.13,6.25,25.0,,,,,"-우유 함유
-이 제품은 알류, 메밀, 땅콩, 대두, 밀, 복숭아, 토마토, 호두, 쇠고기, 돼지고기를 사용한 제품과 같은 제조시설에서 제조",20,https://img-cf.kurly.com/shop/data/goods/1653034385162l0.jpg,,https://www.kurly.com/goods/5055395,kurly
[샐러드판다] 판다의 카프레제 샐러드,,기타,8900,real,,122,3.7,5.31,4.25,9.41,121.0,,,,,"-우유,토마토, 이산화황 함유 
-이 제품은 계란, 메밀, 땅콩, 대두, 밀, 새우, 돼지고기, 복숭아, 호두, 닭고기, 쇠고기를 사용한 제품과 같은 시설에서 제조하고 있습니다. ",20,https://product-image.kurly.com/product/image/4c9876e5-9bd4-4ea5-aee2-e7c7f69d7bbd.jpg,,https://www.kurly.com/goods/1000071849,kurly
[자연실록] 동물복지 한입 닭가슴살 2종,,육가공품,8300,real,,135,0.0,1.0,25.0,3.2,540.0,,,,,닭고기 함유,20,https://product-image.kurly.com/product/image/bf919fd7-2cee-47e7-82da-b0a3b92f8bbd.jpeg,,https://www.kurly.com/goods/5090278,kurly
[Better me] 닭가슴살 큐브 3종 (1팩/4팩) (택1),,육가공품,2250,real,,110,0.6,3.0,23.0,0.8,460.0,,,,,"- 플레인 : 대두, 밀, 닭고기, 조개류(굴) 함유
- 블랙페퍼 : 대두, 밀, 닭고기, 조개류(굴) 함유
- 청양치즈 : 우유, 대두, 밀, 닭고기, 조개류(굴) 함유
이 제품은 알류, 우유, 땅콩, 돼지고기, ",20,https://product-image.kurly.com/product/image/e8261f3e-e234-44cc-b75e-acb3382acaaa.jpg,,https://www.kurly.com/goods/5161784,kurly
[조인] 동물복지 유정 구운란 20구,,기타,12582,real,,165,0.0,1.0,16.0,11.0,210.0,,,,,"- 계란 함유
- 본 제품은 알류 (메추리알), 우유, 메밀, 땅콩, 대두, 밀, 고등어, 게, 새우, 돼지고기, 복숭아, 토마토, 아황산류, 호두, 닭고기, 쇠고기, 오징어, 조개류(굴, 전복, 홍합 포함), 잣을",20,https://product-image.kurly.com/product/image/88172fd9-113b-4d46-a9f7-e7767778f5f2.jpg,,https://www.kurly.com/goods/1000094203,kurly
[매일] 바이오 플레인 요거트 450g 2종 (택1),,유제품,3680,real,,88,12.5,12.5,3.25,2.5,63.0,,,,,"-우유 함유
-이 제품은 대두, 계란, 복숭아, 밀을 사용한 제품과 같은 제조시설에서 제조",20,https://product-image.kurly.com/product/image/89b9e2f5-a837-44d8-83bf-b4caa51b063e.jpg,,https://www.kurly.com/goods/5035448,kurly
[풀무원] 통밀 또띠아 6인치(6입),,즉석식품,3780,real,,296,0.1,48.57,10.07,6.83,226.0,,,,,"-밀,대두 함유
",20,https://product-image.kurly.com/product/image/0e2bcf2a-64f1-4304-b8a9-bde2ee091d4b.jpg,,https://www.kurly.com/goods/1000390901,kurly
[도리깨침] 월남쌈 밀키트 ,,즉석식품,19080,real,,120,7.0,17.0,5.0,3.4,240.0,,,,,"- 소고기, 계란, 대두, 밀, 새우, 땅콩, 토마토 함유
- 이 제품은 우유, 메밀, 고등어, 게, 돼지고기, 복숭아, 호두, 닭고기, 오징어, 조개류 (굴, 전복, 홍합 포함), 잣을 사용한 제품과 같은 제조시설",20,https://product-image.kurly.com/product/image/cec23a52-67d0-4d80-bbe1-21f8eb96c58c.jpg?v=0531,,https://www.kurly.com/goods/1000270007,kurly
[저스트그린] 데일리 샐러드 4종,,기타,2290,real,,29,4.18,5.56,1.24,0.18,114.0,,,,,,20,https://product-image.kurly.com/product/image/a2263bf5-c7bf-46d6-af4d-a03811b658f9.jpg,,https://www.kurly.com/goods/1000476602,kurly
[제일맞게컬리] 김치베이컨 현미곤약 주먹밥,,기타,5980,real,,172,2.0,30.89,4.0,3.11,551.0,,,,,"밀, 돼지고기, 대두, 조개류(굴), 쇠고기, 우유 함유
- 알류, 메밀, 땅콩, 고등어, 게, 새우, 복숭아, 토마토, 아황산류, 호두, 닭고기, 오징어, 잣 혼입가능",20,https://product-image.kurly.com/product/image/1a693ba1-fc91-41cd-9cbb-1d0f2a70e0b1.jpg,,https://www.kurly.com/goods/1001170120,kurly
[Dole] 유기농 바나나 500g,,기타,4290,real,,88,10.8,10.8,2.8,3.6,48.0,,,,,,20,https://img-cf.kurly.com/shop/data/goods/1653037704404l0.jpeg,,https://www.kurly.com/goods/5031443,kurly
[탄단지] 닭가슴살 소시지 1개입 (3종),,육가공품,2500,real,,120,3.04,14.78,8.7,3.04,288.0,,,,,"- 훈제맛 : 닭고기, 대두, 쇠고기, 우유 함유
- 할라피뇨맛 : 닭고기, 대두, 우유, 쇠고기, 밀, 토마토 함유
- 갈릭맛 : 닭고기, 대두, 쇠고기, 우유 함유
- 본 제품은 알류, 땅콩, 밀, 게, 새",20,https://product-image.kurly.com/product/image/514be58c-343c-48d2-b98e-535b29706e54.jpg,,https://www.kurly.com/goods/5155729,kurly
[덴마크] 하이그릭요거트 400g,,유제품,3980,real,,70,3.2,4.5,3.0,4.2,50.0,,,,,- 우유 함유,20,https://product-image.kurly.com/product/image/74822d2e-ae24-42c2-8e6f-f4fa2efe1476.jpg,,https://www.kurly.com/goods/1001540057,kurly
[YOZM] 플레인 그릭요거트 소프트 100g,,유제품,3150,real,,135,2.64,3.79,7.86,9.85,31.0,,,,,우유 함유,20,https://product-image.kurly.com/product/image/18b4aa02-b818-455a-afa1-789cfde38af6.jpg,,https://www.kurly.com/goods/1000123955,kurly
[조인] 동물복지 유정 반숙란 20구,,기타,13980,real,,130,0.0,0.0,13.2,8.4,190.0,,,,,"- 계란 함유
- 본 제품은 알류 (메추리알), 우유, 메밀, 땅콩, 대두, 밀, 고등어, 게, 새우, 돼지고기, 복숭아, 토마토, 아황산류, 호두, 닭고기, 쇠고기, 오징어, 조개류(굴, 전복, 홍합 포함), 잣을",20,https://product-image.kurly.com/product/image/356e968a-1869-41c4-a975-0b9382ff35cf.jpeg,,https://www.kurly.com/goods/1000094205,kurly
[샐러드판다] 판다의 부라타치즈 샐러드,,유제품,7900,real,,156,3.0,6.0,9.0,10.0,210.0,,,,,"- 토마토, 복숭아, 우유, 이산화황 함유
- 이 제품은 밀, 메밀, 계란, 땅콩, 대두, 새우, 호두, 돼지고기, 닭고기, 쇠고기를 사용한 제품과 같은 시설에서 제조하고 있습니다. ",20,https://product-image.kurly.com/product/image/0ff922d7-5485-45e7-8395-c92daf86140a.jpg,,https://www.kurly.com/goods/5072943,kurly
[한둘] 국산 도토리묵,,수산가공품,4240,real,,375,0.0,90.0,1.17,0.83,83.0,,,,,* 메밀 과 같은 시설에서 제조,20,https://product-image.kurly.com/product/image/92067c45-c8e3-4c5a-9f2a-901e748c8ddb.jpg,,https://www.kurly.com/goods/5053794,kurly
[그릭데이] 그릭요거트 라이트 100g,,유제품,3500,real,저당류,142,2.56,7.13,8.83,8.73,31.0,,,,,- 우유 함유,20,https://product-image.kurly.com/product/image/d3d24117-483c-4877-9f8a-94b3c6c28235.jpg,,https://www.kurly.com/goods/5062448,kurly
[바른우유연구소] 그릭요거트 플레인 2종 (택1),,유제품,3700,real,,156,15.0,15.0,6.0,7.75,113.0,,,,,- 우유 함유,20,https://img-cf.kurly.com/shop/data/goods/1608798305489l0.jpg,,https://www.kurly.com/goods/5062983,kurly
[한둘] 국산 무농약콩으로 만든 손순두부,,수산가공품,2900,real,,75,0.75,5.0,5.0,4.0,5.0,,,,,- 대두 함유,20,https://img-cf.kurly.com/shop/data/goods/1603699973446l0.jpg,,https://www.kurly.com/goods/5060004,kurly
[샐러드판다] 카프레제 치아바타 샌드위치,,기타,7200,real,,196,3.03,22.43,9.09,7.88,330.0,,,,,"- 대두, 밀, 우유, 토마토, 닭고기, 조개류(굴) 함유
- 이 제품은 계란, 메추리알, 메밀, 땅콩, 고등어, 게, 새우, 돼지고기, 복숭아, 아황산류, 호두, 쇠고기, 오징어, 조개류(전복, 홍합 포함)를 사용",20,https://product-image.kurly.com/product/image/d210b4f8-3897-41f2-aaac-5c88b98ee6ed.jpg,,https://www.kurly.com/goods/1000552443,kurly
[모두의식단] 저염 블랙페퍼 닭가슴살(냉동) 택1,,육가공품,2400,real,,100,1.0,2.0,19.0,1.5,200.0,,,,," - 닭고기, 대두, 우유 함유
- 이 제품은 알류, 메밀, 땅콩, 밀, 고등어, 게, 새우, 돼지고기, 복숭아, 토마토, 호두, 오징어, 소고기, 조개류(굴, 전복, 홍합 포함), 잣, 아황산류를 사용한 제품과 같",20,https://product-image.kurly.com/product/image/715bd99b-c91a-4f34-ac11-b61261f9e5ed.jpg,,https://www.kurly.com/goods/1001246949,kurly
[서울우유] 더 진한 순수 플레인 요거트 1.8L,,유제품,7480,real,,88,12.5,12.5,3.25,2.5,63.0,,,,,"- 우유 함유
* 대두,달걀,땅콩,호두,잣 혼입 가능",20,https://product-image.kurly.com/product/image/5caaddf7-08cb-44ee-bf01-843cb9aba27a.jpg,,https://www.kurly.com/goods/1000319350,kurly
[제일맞게컬리] 닭가슴살블랙페퍼 현미곤약 주먹밥,,육가공품,5980,real,,172,4.44,31.55,6.0,3.11,447.0,,,,,"닭고기, 계란, 우유, 쇠고기, 대두, 밀 함유
-메밀, 땅콩, 고등어, 게, 새우, 돼지고기, 복숭아, 토마토, 아황산류, 호두, 오징어, 조개류(굴,전복,홍합 포함), 잣 혼입가능",20,https://product-image.kurly.com/product/image/daacb9c5-ac76-4cac-aa71-2c638c1e050d.jpg,,https://www.kurly.com/goods/1001170127,kurly
[매일] 바이오 그릭요거트 플레인 (80g X 4개),,유제품,5180,real,,156,15.0,15.0,6.0,7.75,113.0,,,,,- 우유 함유,20,https://product-image.kurly.com/product/image/21c95de9-6ecf-4bed-87e8-35e4b9746f7d.jpg,,https://www.kurly.com/goods/5125882,kurly
[Kurly's] R15 통밀 모닝롤 (28g X 8개입),,간식/디저트,3990,real,,304,7.14,50.0,10.71,7.14,357.0,,,,,"- 우유, 대두, 밀 함유
- 알류(계란), 메밀, 땅콩, 게, 새우, 돼지고기, 복숭아, 토마토, 호두, 닭고기, 쇠고기, 오징어, 조개류(굴 포함), 잣을 사용한 제품과 같은 제조시설에서 생산",20,https://product-image.kurly.com/product/image/e7439260-84b4-487a-a328-863f1ecb7360.jpg,,https://www.kurly.com/goods/5053178,kurly
[맛있게 한끼] 국산콩 콩비지,,수산가공품,2900,real,,61,0.68,5.13,4.6,2.46,106.0,,,,,-대두 함유,20,https://img-cf.kurly.com/shop/data/goods/1594884733702l0.jpg,,https://www.kurly.com/goods/5054991,kurly
[어니스트그릭] 그릭요거트 딸기 100g,,유제품,4500,real,,70,6.9,8.55,9.0,0.0,111.0,,,,,- 우유 함유,20,https://product-image.kurly.com/product/image/5a5ffa83-e237-4457-a0c0-73bab6a801ef.jpg,,https://www.kurly.com/goods/5131279,kurly
[상하목장] 유기농 요거트 플레인 저지방 400g,,유제품,3880,real,,45,3.0,4.0,4.0,1.4,40.0,,,,,"- 우유 함유
- 본 제품은 대두, 계란, 복숭아, 밀을 사용한 제품과 같은 제조시설에서 제조하고 있습니다.",20,https://product-image.kurly.com/product/image/1c44f7ab-637b-45d2-8518-e2050b3b8423.jpg,,https://www.kurly.com/goods/5141795,kurly
[농협두부] 내린천 원당 연두부 160g*6개입,,수산가공품,7200,real,,50,0.0,3.0,5.0,3.0,37.0,,,,,-대두 함유,20,https://product-image.kurly.com/product/image/0c387d13-381d-4786-b26f-5b81f34ab696.jpg,,https://www.kurly.com/goods/5121537,kurly
진짜 아보카도 퓨레 100g*2입,,조미료/소스,7650,real,,170,0.5,5.0,2.0,16.0,5.0,,,,,,20,https://product-image.kurly.com/product/image/c501fe92-98a1-4bf1-b87c-24f30a7ebce2.jpg,,https://www.kurly.com/goods/1000956618,kurly
[조인] 동물복지 백색 유정 구운란 20구,,기타,14090,real,,148,0.0,3.82,16.1,7.6,155.0,,,,,"- 계란 함유
- 본 제품은 알류 (메추리알), 우유, 메밀, 땅콩, 대두, 밀, 고등어, 게, 새우, 돼지고기, 복숭아, 토마토, 아황산류, 호두, 닭고기, 쇠고기, 오징어, 조개류(굴, 전복, 홍합 포함), 잣을",20,https://product-image.kurly.com/product/image/592d2b1d-f3a4-457e-af54-c11cfb7f6e2e.jpeg,,https://www.kurly.com/goods/1000175872,kurly
[굽네] 닭가슴살 소시지 김치볶음밥 (2개입),,육가공품,5525,real,,160,2.38,27.62,3.81,3.81,724.0,,,,,"알류(달걀),우유,대두,밀,닭고기,쇠고기,조개류(굴) 함유",20,https://product-image.kurly.com/product/image/08213033-6393-4cd3-89cc-6a69d789395c.jpg,,https://www.kurly.com/goods/1002413123,kurly
[더벨로] 무화과 통밀빵 220g,,간식/디저트,4690,real,,274,6.49,53.97,9.55,2.22,279.0,,,,,,20,https://img-cf.kurly.com/shop/data/goods/1595308958903l0.jpg,,https://www.kurly.com/goods/5054647,kurly
[상하목장] 유기농 요구르트 플레인 400g,,유제품,3880,real,,93,8.67,10.67,3.33,3.33,29.0,,,,,"-우유 함유
",20,https://product-image.kurly.com/product/image/8d1eaedc-0277-4121-84ba-71b5f2f987bc.jpg,,https://www.kurly.com/goods/5000601,kurly
[풀무원] 식물성 지구식단 얇은 두유면,,유제품,5980,real,,57,0.0,10.0,3.33,1.33,20.0,,,,,"- 대두 함유
본 제품은 알류,우유,밀,메밀,땅콩,고등어,게,새우,아황산류,돼지고기,복숭아,토마토,호두,닭고기,쇠고기,오징어,조개류,잣을 사용한 제품과 같은 제조시설에서 제조하고 있습니다.",20,https://product-image.kurly.com/product/image/6982d821-e4c1-4154-8ee7-2c385e73ac38.jpg,,https://www.kurly.com/goods/1000191926,kurly
[어니스트그릭] 그릭요거트 플레인 오리지널 100g,,유제품,3980,real,,156,15.0,15.0,6.0,7.75,113.0,,,,,- 우유 함유,20,https://product-image.kurly.com/product/image/9678f61a-6958-4fe0-9df3-1a96d1d77b71.jpg,,https://www.kurly.com/goods/5070057,kurly
[컬리X햇반] 향긋한 골든퀸현미밥 200g*6입 ,,즉석식품,7980,real,,227,0.0,47.69,4.62,1.92,4.0,,,,,,20,https://product-image.kurly.com/product/image/a2412c58-33ac-48df-a9a9-77c0389f54ef.jpg,,https://www.kurly.com/goods/1000832403,kurly
[한끼통살] 닭가슴살 소시지꼬치(4개입) 3종 (택1),,육가공품,5780,real,,115,0.75,1.0,24.0,1.4,150.0,,,,,- 옵션별로 상이하여 상세페이지 확인 부탁드립니다. ,20,https://product-image.kurly.com/product/image/9b57ad6d-97e8-403e-ba2f-303512c146db.jpg,,https://www.kurly.com/goods/1002354893,kurly
[디어파인] 두유 그릭요거트 100g,,유제품,3500,real,,143,0.0,6.0,14.0,7.0,50.0,,,,,- 대두 함유,20,https://product-image.kurly.com/product/image/f6b2dd08-789d-4467-bcd2-c95106d242cb.jpg,,https://www.kurly.com/goods/1000610979,kurly
[매일] 바이오 요거트 8개입 (딸기&백도),,유제품,5680,real,,95,8.0,11.67,3.0,3.83,60.0,,,,,"- 딸기: 우유 함유 (밀,대두,계란,토마토,복숭아를 사용한 제품과 같은 제조시설에서 제조)
- 백도: 우유 함유 (밀,대두,계란,토마토를 사용한 제품과 같은 제조시설에서 제조) ",20,https://product-image.kurly.com/product/image/7db30e9e-0ab5-4847-9f71-ea0a7b9e37a6.jpg,,https://www.kurly.com/goods/1000074619,kurly
[범산목장] 유기농 목초 그릭 요구르트 350mL,,유제품,7000,real,,125,7.71,8.0,7.43,6.86,83.0,,,,,-우유 함유,20,https://img-cf.kurly.com/shop/data/goods/1594103830841l0.jpg,,https://www.kurly.com/goods/5053915,kurly
[티아시아] 베트남 월남쌈 200g,,즉석식품,2780,real,,350,0.0,82.5,2.5,1.2,380.0,,,,,,20,https://product-image.kurly.com/product/image/cd94dee2-0122-4c5f-92bf-a64d5c7778b2.jpg,,https://www.kurly.com/goods/1000170422,kurly
[더건강한] 닭가슴살 샌드위치햄 90g*3,,육가공품,6480,real,,114,1.63,4.52,18.2,2.55,658.0,,,,,"- 대두, 밀, 닭고기, 쇠고기, 우유 함유
- 돼지고기, 토마토, 알류와 같은 시설에서 제조",20,https://product-image.kurly.com/product/image/4cb4eed6-b1a9-4d73-af68-663f12f4da2c.jpg,,https://www.kurly.com/goods/1000071612,kurly
[피그인더가든] 데일리믹스 샐러드키트 6봉,,기타,9490,real,,45,6.47,7.81,1.86,0.73,212.0,,,,,"-이 제품은 알류(달걀, 메추리알), 잣, 우유, 메밀, 땅콩, 밀, 게, 새우, 돼지고기 복숭아, 토마토, 호두, 닭고기, 쇠고기, 오징어, 고등어, 아황산류, 조개류(굴, 전복, 홍합 포함)을 사용한 제품과 같은",20,https://img-cf.kurly.com/shop/data/goods/1569398408792l0.jpg,,https://www.kurly.com/goods/5041753,kurly
[스윗밸런스] 샐러드랩 파티팩,,기타,9900,real,,205,3.83,26.23,6.01,8.47,470.0,,,,,"-계란, 대두, 밀, 우유, 돼지고기, 닭고기, 쇠고기, 조개류(굴) 함유
- 본 제품은 메밀, 땅콩, 고등어, 게, 새우, 복숭아, 토마토, 아황산류, 호두, 오징어, 조개류(전복, 홍합포함), 잣을 사용한 제품과",20,https://product-image.kurly.com/product/image/f1492d77-321f-498b-9c4a-fc1e27255730.jpg,,https://www.kurly.com/goods/1001610764,kurly
[룩트] 아이슬란딕 요거트 띠크 450g,,유제품,13900,real,,190,0.0,2.0,12.83,14.53,30.0,,,,,"- 우유 함유
- 메밀, 대두, 복숭아, 토마토, 알류, 밀, 호두, 땅콩, 돼지고기, 쇠고기, 잣을 사용한 제품과 같은 시설에서 제조",20,https://img-cf.kurly.com/shop/data/goods/1655694119851l0.jpg,,https://www.kurly.com/goods/5145673,kurly
[한끼통살] 닭가슴살 스테이크 5종 (1팩/4팩) (택1),,육가공품,2800,real,,134,0.87,19.42,10.44,1.45,81.0,,,,,"[떡볶이맛]
- 닭고기, 쇠고기, 토마토, 대두, 밀, 우유, 달걀, 조개류(굴, 홍합), 새우 함유
- 이 제품은 돼지고기, 아황산류를 사용한 제품과 같은 제조시설에서 제조하고 있습니다.

[왕갈비맛]
- 닭고기,",20,https://product-image.kurly.com/product/image/ded33154-2513-49be-80ad-0f65bd22dfa6.jpg,,https://www.kurly.com/goods/1001052470,kurly
[비비고] 닭가슴살 만두 오리지널 168g,,육가공품,2990,real,,173,2.38,18.2,7.97,7.63,343.0,,,,,"-밀, 대두, 메밀, 계란, 닭고기, 돼지고기, 쇠고기, 우유 함유 
-땅콩, 고등어, 게, 복숭아, 토마토, 아황산류, 호두, 오징어, 새우, 조개류 (굴, 전복, 홍합 포함), 잣 혼입 가능",20,https://product-image.kurly.com/product/image/08601a4f-43d4-4209-a53b-38a053be28dd.jpg,,https://www.kurly.com/goods/1001973187,kurly
[탄단지] 닭가슴살 곤약볶음밥 4종 (4개입) (택1),,육가공품,11300,real,,110,1.5,16.5,8.0,1.4,275.0,,,,,"[탄두리 곤약볶음밥]
- 우유, 대두, 밀, 돼지고기, 토마토, 아황산류, 닭고기, 쇠고기, 조개류(굴) 함유
- 알류, 메밀, 땅콩, 고등어, 게, 새우, 복숭아, 호두, 오징어, 잣, 조개류(전복, 홍합포함)",20,https://img-cf.kurly.com/shop/data/goods/1657519757995l0.jpg,,https://www.kurly.com/goods/5155727,kurly
[풀무원] 식물성 지구식단 납작 두유면,,유제품,2280,real,,57,0.0,10.67,2.67,1.2,23.0,,,,,"이 제품은 우유,메밀,땅콩,밀,고등어,게,새우,돼지고기,복숭아,토마토,아황산류,호두,닭고기,쇠고기,오징어,잣,알류,조개류를 사용한 제품과 같은 제조시설에서 제조하고 있습니다.",20,https://product-image.kurly.com/product/image/b87b0493-bce6-41fb-9c50-b94657f29192.jpg,,https://www.kurly.com/goods/1001059460,kurly
[요플레] 플레인 화이트 430g,,유제품,3680,real,,65,1.6,5.2,3.0,3.5,45.0,,,,,우유 함유 ,20,https://img-cf.kurly.com/shop/data/goods/1608180172855l0.jpg,,https://www.kurly.com/goods/5062915,kurly
[아르토스베이커리] 통밀 그대로빵 180g,,간식/디저트,2139,real,,253,3.2,42.3,10.7,4.4,98.0,,,,,"-밀 함유
-이 제품은 글루텐, 견과류를 원료로 사용하는 제품과 같은 제조시설에서 제조",20,https://img-cf.kurly.com/shop/data/goods/160309068428l0.jpg,,https://www.kurly.com/goods/5060866,kurly
[상하목장] 마이리틀 유기농 짜먹는 요거트 3종 (85g X 3개) (택1),,유제품,3876,real,,67,6.0,10.0,3.33,2.0,67.0,,,,,"-우유 함유
-이 제품은 대두, 계란, 복숭아, 밀을 사용한 제품과 같은 제조시설에서 제조하고 있습니다.",20,https://img-cf.kurly.com/shop/data/goods/1653874090904l0.jpg,,https://www.kurly.com/goods/5052824,kurly
[저스트그린] 케이준 치킨샐러드 160g,,기타,3990,real,,136,4.8,12.21,4.02,7.95,321.0,,,,,"-달걀, 우유, 대두, 아황산류, 쇠고기, 밀, 토마토, 닭고기 함유 
-메밀, 땅콩, 고등어, 게, 새우, 돼지고기, 복숭아, 호두, 오징어, 조개류(굴,홍합,전복포함),잣 혼입가능",20,https://img-cf.kurly.com/shop/data/goods/1615427605184l0.jpg,,https://www.kurly.com/goods/5035174,kurly
[그릭데이] 유자 그릭요거트 100g,,유제품,4500,real,,150,2.13,15.15,8.54,9.95,26.0,,,,,- 우유 함유,20,https://product-image.kurly.com/product/image/df5c4049-3426-4880-a106-88fbd72f2ae1.jpg,,https://www.kurly.com/goods/1001366235,kurly
[비움브레드] 비건 프로틴 베이글 (110g X 4개),,간식/디저트,8700,real,,265,7.27,47.27,12.66,2.82,557.0,,,,,"-대두, 밀 함유
-우유, 알류, 오징어, 아황산류, 쇠고기, 호두, 대두를 사용한 제품과 같은 제조시설에서 제조",20,https://product-image.kurly.com/product/image/e61a7499-d630-4a9d-90c1-a3a6c545a215.jpg,,https://www.kurly.com/goods/5141519,kurly
[모두의식단] 오리지널 통 닭가슴살 100g(1개입),,육가공품,2350,real,,106,1.0,1.19,23.77,0.68,449.0,,,,,"- 닭고기, 대두, 우유 함유",20,https://product-image.kurly.com/product/image/e5936e22-07ac-44a8-a62a-82089efb32dd.jpg,,https://www.kurly.com/goods/1000780151,kurly
오븐에 구운 고구마 말랭이 150g,,기타,5490,real,,252,27.8,59.2,3.0,0.4,100.0,,,,,"- 본 제품은 난류, 우유, 메밀, 땅콩, 대두, 밀, 고등어, 게, 새우, 돼지고기, 복숭아, 토마토, 호두, 닭고기, 쇠고기, 오징어, 조개류(굴, 전복, 홍합 포함)를 사용한 제품과 같은 생산시설에서 포장하였습",20,https://product-image.kurly.com/product/image/d1643d34-2906-4ed3-8274-441941ccc3b9.jpg,,https://www.kurly.com/goods/5061790,kurly
[모두의식단] 닭가슴살 소시지 2종 (1입/4입),,육가공품,2400,real,,115,0.75,1.0,24.0,1.4,150.0,,,,,"- 닭고기, 옥수수, 대두, 우유 함유
- 이 제품은 알류, 메밀, 밀, 쇠고기, 땅콩, 고등어, 게, 새우, 돼지고기, 복숭아, 토마토, 아황산류, 호두, 오징어, 조개류, 잣을 사용한 제품과 같은 시설에서 제조하",20,https://product-image.kurly.com/product/image/57acc2b4-f078-477f-a50d-f52a1d9902c5.jpg,,https://www.kurly.com/goods/1001073125,kurly
[저스트그린] 모짜렐라치즈 과일 샐러드,,유제품,7200,real,,287,0.0,2.4,24.0,20.0,509.0,,,,,"- 토마토, 우유, 대두, 아황산류 함유
- 알류, 메밀, 땅콩, 밀, 고등어, 게, 새우, 돼지고기, 쇠고기, 복숭아, 호두, 닭고기, 오징어, 조개류, 잣 혼입가능",20,https://img-cf.kurly.com/shop/data/goods/1647589247168l0.jpg,,https://www.kurly.com/goods/5062673,kurly
[풀무원다논] 생크림 요거트 플레인 (80g X 4개),,유제품,4180,real,,119,11.25,13.75,2.13,6.25,25.0,,,,,"우유 함유
복숭아, 피쉬 젤라틴 혼입 가능성이 있습니다.",20,https://product-image.kurly.com/product/image/5b65b449-4faa-4082-a869-209e8b6c6baf.jpg,,https://www.kurly.com/goods/5095727,kurly
[남양] 마시는 불가리스 사과 (150mL X 4개입),,유제품,4990,real,,105,12.0,16.0,4.0,3.0,60.0,,,,,"- 우유 함유
*호두,복숭아,쇠고기,토마토,대두 혼입 가능",20,https://product-image.kurly.com/product/image/fe7e4fef-5018-47cc-a473-a1cdc815225c.png,,https://www.kurly.com/goods/1000216162,kurly
[홀베리] 1일 1레몬 유기농 레몬즙 25g 14포 ,,음료,9500,real,,34,2.9,3.65,0.85,1.8,1.0,,,,,"※ 본 제품은 알류(가금류), 우유, 메밀, 땅콩, 잣, 대두, 밀, 고등어, 게, 새우, 돼지고기, 복숭아, 토마토, 아황산류, 호두, 닭고기, 쇠고기, 오징어, 조개류(굴, 전복, 홍합 포함)를 사용한 제품과 같",20,https://product-image.kurly.com/product/image/e06d82e8-fedd-46b2-93a7-7de59829dcda.jpg,,https://www.kurly.com/goods/1000649670,kurly
[CJ] 행복한콩 고소한 촌두부 300g,,수산가공품,1980,real,,120,0.3,7.9,11.4,4.8,3.0,,,,,대두 함유,20,https://product-image.kurly.com/product/image/ad4f76e6-5a80-4457-bed1-1b76897012ae.jpg,,https://www.kurly.com/goods/1001381953,kurly
[마켓오네이처] 오!그래놀라 다이제 2종 (택1),,간식/디저트,5560,real,,483,24.0,72.0,6.0,19.0,360.0,,,,,"- 밀, 우유, 대두 함유
- 달걀, 땅콩, 호두, 복숭아, 토미토, 돼지고기, 쇠고기, 닭고기, 오징어, 새우, 게, 고등어, 조개류(굴, 홍합) 혼입 가능",20,https://product-image.kurly.com/product/image/7e743b53-831b-4446-ba89-a7427c2b9b1c.jpg,,https://www.kurly.com/goods/1000593035,kurly
[경주미정당] 쌀로 만든 물쫄면 (2인분),,즉석식품,7900,real,,213,8.0,49.15,2.67,0.63,617.0,,,,,"- 대두, 밀, 닭고기, 쇠고기 함유
- 이 제품은 알류, 우유, 메밀, 땅콩, 고등어, 게, 새우, 돼지고기, 복숭아, 토마토,  아황산류, 호두, 오징어, 조개류(굴, 전복, 홍합 포함), 잣을 사용한 제품과 같",20,https://product-image.kurly.com/product/image/45b651f3-a1dd-4693-8992-863fe891e10b.jpg,,https://www.kurly.com/goods/1001252356,kurly
[더건강한] 닭가슴살 샐러드 톡톡 96g,,육가공품,2480,real,,172,2.08,4.17,15.63,10.42,552.0,,,,," - 닭고기, 대두, 밀 함유
 - 이 제품은 알류, 우유, 메밀, 땅콩, 고등어, 게, 새우, 돼지고기, 복숭아, 토마토, 아황산류, 호두, 쇠고기, 오징어, 조개류(굴, 전복, 홍합 포함), 잣을 사용한 제품과 ",20,https://product-image.kurly.com/product/image/057a07f5-af31-4072-9e78-9772871b5614.jpg,,https://www.kurly.com/goods/1001448392,kurly
[풀무원] 소가 크고 단단한 두부 500g,,수산가공품,2500,real,,95,0.75,2.0,9.0,6.0,5.0,,,,,- 대두 함유,20,https://product-image.kurly.com/product/image/14a00b7b-8d5e-4c97-8d64-e407a75107f4.jpg,,https://www.kurly.com/goods/1001446646,kurly
[오뚜기] 컵누들 마라탕 6입,,주식/면류,8500,real,,344,2.81,61.71,5.33,8.42,1865.0,,,,,"계란,메밀,고등어,게,복숭아,토마토,호두,오징어,조개류,잣 혼입 가능",20,https://product-image.kurly.com/product/image/174d65ef-ddfa-4104-8410-e11c7371da2e.jpg,,https://www.kurly.com/goods/1000358332,kurly
[몽콩] 두유 플레인 요거트 (100g X 3개),,유제품,4165,real,,109,0.0,7.0,13.0,4.5,68.0,,,,,- 두유 함유,20,https://product-image.kurly.com/product/image/8373a40f-cd41-407d-b575-59e84bbd18c4.jpg,,https://www.kurly.com/goods/1001773634,kurly
[디어파인] 라즈베리 그릭요거트,,유제품,4600,real,,198,8.0,21.0,11.0,8.0,26.0,,,,,- 우유 함유,20,https://img-cf.kurly.com/shop/data/goods/1657022125252l0.jpg,,https://www.kurly.com/goods/5075518,kurly
[디어파인] 두유 흑임자 그릭요거트 100g,,유제품,3900,real,,116,1.0,6.0,11.0,5.0,42.0,,,,,-대두 함유,20,https://product-image.kurly.com/product/image/d11b8973-fd7e-4b10-b038-e02953003b40.jpg,,https://www.kurly.com/goods/1002001823,kurly
[자연담은] 국산 유기농 오트밀 600g,,기타,9990,real,,440,1.29,72.18,15.83,9.78,2.0,,,,,"이 제품은 대두, 밀, 메밀을 사용한 제품과 같은 제조시설에서 제조하고 있습니다.",20,https://product-image.kurly.com/product/image/0306b67c-106e-4e96-9ebb-7c23b35614a3.jpg,,https://www.kurly.com/goods/1000127034,kurly
[타르틴베이커리] 호밀 사워도우 320g,,간식/디저트,10000,real,,284,0.57,43.65,7.91,10.87,422.0,,,,,"- 밀 함유
- 이 제품은 계란, 우유, 메밀, 땅콩, 대두, 호두, 아황산류 제조시설에서 제조하고 있습니다.",20,https://product-image.kurly.com/product/image/a7ade593-c6af-491f-b42c-4302debd895b.jpg,,https://www.kurly.com/goods/1000935849,kurly
[잇더핏] 잇더핏 단백질쉐이크 대용량 520g (6종),,음료,34800,real,,342,4.35,32.15,53.45,4.51,563.0,,,,,"- 대두, 밀, 우유 함유
- 본 제품은 달걀, 돼지고기, 땅콩, 메밀, 쇠고기, 아황산류, 잣, 토마토, 호두를 사용한 제품과 같은 시설에서 제조하고 있습니다.",20,https://product-image.kurly.com/product/image/04c12b33-5d22-44ed-8f81-0d0627868a3f.jpg,,https://www.kurly.com/goods/1000679414,kurly
[오뚜기] 컵누들 우동맛 6입,,주식/면류,7790,real,,315,7.87,70.87,5.25,1.31,2336.0,,,,,"밀,대두,계란,우유,쇠고기,새우,조개류 함유",20,https://img-cf.kurly.com/shop/data/goods/1636624773977l0.jpg,,https://www.kurly.com/goods/5095017,kurly
[풀무원다논] 그릭콩포트 블루베리 (140g X 2입),,유제품,4480,real,,100,10.0,13.57,5.71,2.57,46.0,,,,,"복숭아 : 우유, 복숭아, 대두 함유
망고 : 우유, 대두 함유
블루베리 : 우유 함유",20,https://product-image.kurly.com/product/image/540ed72e-3d7c-47ab-a45f-5134f77587a9.jpg,,https://www.kurly.com/goods/1000400773,kurly
[김구원선생] 국산콩 연두부 6입,,수산가공품,9300,real,,62,0.3,2.8,6.4,2.8,2.0,,,,,"- 연두부 : 대두 함유
- 오리엔탈 소스 : 대두, 밀 함유

* 난류, 우유, 메밀, 땅콩, 대두, 밀, 고등어, 게, 새우, 돼지고기, 복숭아, 토마토, 호두, 닭고기, 쇠고기, 오징어, 아황산류, 조개류(굴,",20,https://product-image.kurly.com/product/image/3abbb635-cc3d-4c05-85a1-a0fe25b42d62.jpg,,https://www.kurly.com/goods/1000029112,kurly
우리집 건강한 망고 요거트 750mL,,유제품,3845,real,,88,14.63,15.0,2.25,2.13,43.0,,,,,"- 우유 함유 
- 이 제품은 알레르기 유발성분 (메밀, 땅콩, 대두, 복숭아, 토마토, 알류, 밀, 호두, 돼지고기, 쇠고기, 잣)을 사용한 제품과 같은 제조 시설에서 제조하고 있습니다.",20,https://img-cf.kurly.com/shop/data/goods/1603094851936l0.jpg,,https://www.kurly.com/goods/5057769,kurly
[알라보] 수비드 닭가슴살 샐러드,,육가공품,9900,real,,116,4.68,9.35,9.09,7.53,226.0,,,,,"- 대두, 밀, 알류, 우유, 닭고기, 쇠고기, 아황산류 함유
- 이 제품은 메밀, 땅콩, 고등어, 게, 새우, 돼지고기, 복숭아, 토마토, 호두, 오징어, 조개류(굴, 전복, 홍합 포함), 잣을 사용한 제품과 같은",20,https://product-image.kurly.com/product/image/f2f4a36c-1bcd-4efc-8b99-467ba06a266a.jpg,,https://www.kurly.com/goods/1002189972,kurly
[대상웰라이프] 뉴케어 구수한맛 24팩,,음료,43990,real,,100,2.61,15.22,3.48,3.04,87.0,,,,,"대두, 우유, 함유",20,https://product-image.kurly.com/product/image/3d890ef4-d3f9-4ba2-8b4b-f793849993e7.png,,https://www.kurly.com/goods/1001924136,kurly
[켈로그] 리얼 그래놀라 400g,,간식/디저트,6240,real,,455,0.0,61.52,14.33,21.72,130.0,,,,,"- 대두, 밀 함유
- 우유, 아몬드, 쇠고기 혼입 가능",20,https://product-image.kurly.com/product/image/3de9b024-a602-4d6a-b8b6-8f59cdf1d6ba.jpg,,https://www.kurly.com/goods/1000934311,kurly
[강훈목장] 수제 그릭요거트 시그니처 (100g X 3개),,유제품,11800,real,,225,2.0,6.0,14.0,16.0,21.0,,,,,- 우유 함유,20,https://product-image.kurly.com/product/image/ea71f2b7-b2c9-4c97-aa5c-918129becb05.jpg,,https://www.kurly.com/goods/1001421853,kurly
[픽미롤] 귀리곤약 유부우엉김밥 (2개입),,주식/면류,8700,real,,162,2.99,28.64,3.85,3.85,385.0,,,,,"대두, 밀 함유",20,https://product-image.kurly.com/product/image/2322efec-7d52-49fe-9f1c-5ce2e9304ed7.jpg,,https://www.kurly.com/goods/1000891799,kurly
하루 건강견과 Excellent 500g (20gX25봉),,기타,21900,real,,585,6.01,41.25,15.55,39.73,6.0,,,,,"-호두,우유,대두,밀 함유
-본 제품은 땅콩, 돼지고기, 잣, 쇠고기, 닭고기, 이산화황을 사용 하는 제품과 동일한 제조라인에서 생산되었습니다.",20,https://img-cf.kurly.com/shop/data/goods/1637924326883l0.jpeg,,https://www.kurly.com/goods/5052626,kurly
[ardo] 유기농 콜리플라워 600g (냉동),,기타,6790,real,,25,2.0,5.0,2.0,0.0,30.0,,,,,"-이 제품은 계란, 우유, 메밀, 땅콩, 대두, 밀, 게, 새우, 고등어, 복숭아, 토마토, 돼지고기, 아황산류, 호두, 쇠고기, 닭고기, 오징어, 조개류(굴, 전복, 홍합 포함), 잣을 사용한 제품과 같은 제조시설",20,https://img-cf.kurly.com/shop/data/goods/1557723926836l0.jpg,,https://www.kurly.com/goods/5036686,kurly
[파스퇴르] 에이요 요구르트 (145mL X 8개),,유제품,4800,real,,54,9.23,10.77,1.23,0.58,17.0,,,,,"우유 함유
",20,https://product-image.kurly.com/product/image/53419aa1-cd87-449a-a608-7c2445f01f3f.jpg,,https://www.kurly.com/goods/1000131437,kurly
[어니스트그릭] 쿠키앤크림 그릭요거트 100g,,간식/디저트,4500,real,,123,4.0,6.0,7.33,8.0,30.0,,,,,"- 우유, 밀, 대두 함유
* 난류, 복숭아, 땅콩, 아황산류, 토마토, 호두 혼입 가능",20,https://product-image.kurly.com/product/image/b4bed4c4-dfe6-4ce6-967c-4789573d089f.jpg,,https://www.kurly.com/goods/1001406970,kurly
[알라보] 헬시 보울 샐러드,,기타,8900,real,,158,4.33,23.33,5.67,4.67,227.0,,,,,"- 대두, 밀, 알류, 우유, 쇠고기, 아황산류 함유
- 이 제품은 메밀, 땅콩, 고등어, 게, 새우, 돼지고기, 복숭아, 토마토, 호두, 닭고기, 오징어, 조개류(굴, 전복, 홍합 포함), 잣을 사용한 제품과 같은",20,https://product-image.kurly.com/product/image/ab8c1ca7-3b10-4da3-863c-293c3ace2bd8.jpg,,https://www.kurly.com/goods/1002189970,kurly
[아르토스베이커리] 통밀 견과스틱 (66g X 5개),,간식/디저트,5115,real,,277,4.24,45.45,12.12,5.0,145.0,,,,,"-밀 함유
-이 제품은 글루텐, 견과류를 원료로 사용하는 제품과 같은 제조시설에서 제조",20,https://img-cf.kurly.com/shop/data/goods/1603091918151l0.jpg,,https://www.kurly.com/goods/5060867,kurly
[어니스트그릭] 더블초코쿠키 그릭요거트 100g,,간식/디저트,4500,real,,492,10.83,52.67,9.17,27.33,55.0,,,,,"- 우유, 밀, 대두 함유
* 난류, 복숭아, 땅콩, 아황산류, 토마토, 호두 혼입 가능",20,https://product-image.kurly.com/product/image/944c9d88-5631-414b-ad00-ee94e56ba07c.jpg,,https://www.kurly.com/goods/1001406976,kurly
우리집 건강한 요구르트 750mL,,유제품,2277,real,,75,17.5,17.5,1.13,0.0,31.0,,,,,"- 우유 함유
- 이 제품은 알레르기 유발성분(메밀, 땅콩, 대두, 복숭아, 토마토, 알류, 밀, 호두, 돼지고기, 쇠고기, 잣)을 사용한 제품과 같은 제조 시설에서 제조하고 있습니다.
",20,https://img-cf.kurly.com/shop/data/goods/1603097107212l0.jpg,,https://www.kurly.com/goods/5055914,kurly
[굽네] 닭가슴살 잡채볶음밥(4개입),,육가공품,11600,real,,164,2.1,24.6,12.1,1.9,483.0,,,,,"* 쇠고기, 닭고기, 대두, 밀, 우유, 오징어, 조개류(바지락) 함유
* 이 제품은 돼지고기, 게, 조개류(전복, 굴, 홍합 포함), 새우, 토마토, 복숭아, 메밀, 고등어, 호두, 땅콩, 난류(계란), 아황산류를",20,https://product-image.kurly.com/product/image/31fcbd0d-8cb3-402d-84f9-46b54b8855a2.jpg,,https://www.kurly.com/goods/1000015093,kurly
[아우어베이커리] 호두 크랜베리 호밀빵 175g X 2개입,,간식/디저트,10400,real,,302,6.11,49.38,7.35,8.37,411.0,,,,,"- 밀, 우유, 계란, 호두 함유
- 메밀, 땅콩, 돼지고기, 토마토, 호두, 닭고기, 쇠고기, 오징어를 사용한 제품과 같은 제조시설에서 제조",20,https://product-image.kurly.com/product/image/fe6859c9-a41c-4504-bda0-bf03c8a7d6d0.jpg,,https://www.kurly.com/goods/1001611425,kurly
[드니그리스] 유기농 사과 식초 2종 (언필터) (택1),,조미료/소스,7880,real,,0,0.0,0.0,0.0,0.0,0.0,,,,,,20,https://product-image.kurly.com/product/image/8bd9f99f-ebc8-49b4-b0b2-8b647e4b43b9.jpg,,https://www.kurly.com/goods/5013725,kurly
[비움브레드] 비건 플레인 베이글 (110g X 4개),,간식/디저트,8300,real,,267,7.27,52.73,10.0,1.91,506.0,,,,,"-밀 함유
-우유, 알류, 오징어, 아황산류, 쇠고기, 호두, 대두를 사용한 제품과 같은 제조시설에서 제조",20,https://product-image.kurly.com/product/image/6d7032db-32a4-41f7-81fe-b90967491ccc.jpg,,https://www.kurly.com/goods/5141518,kurly
[주원산오리] 싸먹는 오리 슬라이스 80g*3개입,,육가공품,8930,real,,225,0.0,9.0,16.0,14.0,490.0,,,,,"- 아황산류, 밀, 대두, 우유, 돼지고기, 쇠고기 함유
- 이 제품은 알레르기 유발성분(알류, 메밀, 땅콩, 고등어, 게, 새우, 복숭아, 토마토, 호두, 닭고기, 오징어, 조개류(굴, 전복, 홍합 포함),잣을 사",20,https://product-image.kurly.com/product/image/7851e819-8945-4490-a25f-04daae4d91be.jpg,,https://www.kurly.com/goods/1000053704,kurly
[덴마크] 떠먹는 요거트 플레인 450g,,유제품,3280,real,,88,12.5,12.5,3.25,2.5,63.0,,,,,*우유 함유,20,https://product-image.kurly.com/product/image/20986573-27ac-4b23-8ee3-73f6d581fa38.jpg,,https://www.kurly.com/goods/1000463951,kurly
[풀무원] PGA플러스 칼슘 연두부 6입,,수산가공품,5700,real,,75,1.25,1.25,6.25,5.13,125.0,,,,,"- 대두, 우유 함유",20,https://product-image.kurly.com/product/image/924b1edd-4db1-4fcb-a948-98d02c0872fd.jpg,,https://www.kurly.com/goods/1001446654,kurly
[미자언니네] 흑임자 연근샐러드,,기타,5800,real,,103,3.0,15.95,0.8,4.0,445.0,,,,,"- 대두, 난류 함유
- 본 제품은 우유, 땅콩, 밀, 난류, 메밀, 대두, 고등어, 게, 새우, 돼지고기, 복숭아, 토마토, 아황산류, 호두, 닭고기, 쇠고기, 오징어, 조개류를 사용한 제품과 같은 제조시설에서 ",20,https://img-cf.kurly.com/shop/data/goods/1591164831531l0.jpg,,https://www.kurly.com/goods/5052873,kurly
[오뚜기] 컵누들 열라면 6입,,주식/면류,8530,real,,343,5.71,77.14,2.86,2.0,2543.0,,,,,하단 표시사항 참조,20,https://product-image.kurly.com/product/image/c10f2cea-f4f9-4b39-8627-c27ea4b1490d.jpg,,https://www.kurly.com/goods/1001986907,kurly
[프레시코트] 100% 아보카도 펄프 2종 (택1),,조미료/소스,9800,real,,147,0.9,1.0,2.0,15.0,320.0,,,,,,20,https://product-image.kurly.com/product/image/cab3c8a0-e33c-44db-bd4d-ea0a5a5b0720.jpg,,https://www.kurly.com/goods/1000864015,kurly
그릴드 달디단호박 400g,,기타,6790,real,,103,5.15,24.21,1.24,0.2,0.0,,,,,"이 제품은 알류, 우유, 메밀, 대두, 땅콩, 밀, 고등어, 게, 새우, 돼지고기, 복숭아, 토마토, 아황산류, 호두, 닭고기, 쇠고기, 오징어, 조개류(굴, 전복, 홍합 포함), 잣을 사용한 제품과 같은 제조시설에",20,https://product-image.kurly.com/product/image/1bc56b26-400b-4138-9938-3fe9a07488a2.jpg,,https://www.kurly.com/goods/1000831218,kurly
[하림] 닭가슴살 핫도그 450g(90gX5개입),,육가공품,8980,real,,247,9.41,31.76,10.59,8.24,494.0,,,,,"* 밀, 대두, 우유, 닭고기, 계란 함유
* 본 제품은 메밀, 땅콩, 고등어, 게, 새우, 복숭아, 토마토, 아황산류, 호두, 돼지고기, 쇠고기, 오징어, 조개류(굴, 전복, 홍합 포함), 잣을 사용한 제품과 같",20,https://product-image.kurly.com/product/image/d4f339c4-5758-42ac-80fa-9a434fe6f3ce.jpeg,,https://www.kurly.com/goods/5138708,kurly
[풀무원] 식물성 지구식단 두부텐더 마일드 400g,,수산가공품,6280,real,,250,1.0,19.0,11.0,16.0,300.0,,,,,"* 대두, 밀 함유
* 본 제품은 알류, 돼지고기, 닭고기, 쇠고기, 고등어, 아황산류, 복숭아, 잣, 메밀, 땅콩, 게, 새우, 토마토, 호두, 오징어, 조개류(굴, 전복, 홍합 포함)를 사용한 제품과 같은 제조시",20,https://product-image.kurly.com/product/image/0459af06-b80e-40a0-9239-2a2708e50158.jpg,,https://www.kurly.com/goods/1000234933,kurly
[농심]누들핏 육개장사발면맛(8입),,주식/면류,11680,real,,352,8.45,76.06,2.82,5.63,2817.0,,,,,"밀,대두,계란,우유,쇠고기,닭고기,돼지고기 함유",20,https://product-image.kurly.com/product/image/39fd9694-8b8b-4bbd-bbc0-8ee5d8f7b110.jpg,,https://www.kurly.com/goods/1000466110,kurly
[올핏] 슬림 유기농 레몬즙100 50포/14포 2종 (택1),,음료,9900,real,,25,2.0,5.0,0.5,0.0,1.0,,,,,,20,https://product-image.kurly.com/product/image/bd4701ab-ae35-41ba-9bdd-0c20afcc31e9.jpg,,https://www.kurly.com/goods/1000652024,kurly
컬리플라워 라이스 1kg,,기타,7990,real,,132,3.46,11.54,10.0,5.0,333.0,,,,,"- 이 제품은 닭고기, 새우, 우유, 계란, 밀, 대두를 사용한 제품과 같은 제조시설에서 제조하고 있습니다.",20,https://img-cf.kurly.com/shop/data/goods/1613378083970l0.jpg,,https://www.kurly.com/goods/5067288,kurly
[11시 45분] 고추장비빔밥 비건 곤약김밥 (2개입),,조미료/소스,8500,real,,134,2.93,27.9,2.83,1.27,283.0,,,,,"- 대두, 밀 함유
- 메밀, 잣, 땅콩, 복숭아, 토마토, 호두, 난류(계란), 우유, 돼지고기, 쇠고기, 닭고기, 고등어, 게, 새우, 오징어, 조개류(굴,전복,홍합 포함), 아황산류를 사용한 제품과 동일 시설에",20,https://product-image.kurly.com/product/image/7bd8a473-c1e4-499f-8f51-fb40b8e650c0.jpg,,https://www.kurly.com/goods/1000093640,kurly
[오뚜기] 컵누들 매콤찜닭맛 6입,,주식/면류,7980,real,,300,5.56,64.44,2.22,4.67,1111.0,,,,,"밀,대두,계란,우유,쇠고기,돼지고기,닭고기,조개류 함유",20,https://img-cf.kurly.com/shop/data/goods/1636694281694l0.jpg,,https://www.kurly.com/goods/5095022,kurly
[ESTI] 치폴레 후무스 283g,,조미료/소스,8490,real,,295,9.0,20.0,5.0,21.0,640.0,,,,,"- 토마토 함유
* 우유, 계란, 대두, 견과류, 고등어 혼입 가능",20,https://product-image.kurly.com/product/image/df628fae-7033-4ddf-ad63-25884eb76e9d.jpg,,https://www.kurly.com/goods/1001061511,kurly
[잇츠베러] 고단백 베이글칩 2종 (택1),,간식/디저트,2900,real,,364,5.53,59.48,19.12,5.55,812.0,,,,,"- 공통 : 밀, 대두 함유
* 본 제품은 알류(계란), 우유, 땅콩, 호두, 토마토, 아황산류를 사용한 제품과 같은 제조시설에서 제조하고 있습니다. ",20,https://product-image.kurly.com/product/image/faf77aa0-acaf-407e-ae07-c37b5964fa93.jpg,,https://www.kurly.com/goods/1001719251,kurly
[더건강한] 닭가슴살 큐브 80g (냉장),,육가공품,1480,real,,160,2.22,27.93,6.23,3.43,325.0,,,,,"닭고기,대두,밀 함유
- 알류,우유,메밀,땅콩,고등어,게,새우,돼지고기,복숭아,토마토,아황산류,호두,쇠고기,오징어,조개류(굴,전복,홍합 포함),잣 혼입 가능성 있음",20,https://product-image.kurly.com/product/image/dd6774b1-b011-44d7-b1b7-91ce51441c19.png,,https://www.kurly.com/goods/1002101808,kurly
[유얼거트] 청귤 그릭요거트 130g,,유제품,3510,real,,125,7.77,14.15,5.77,5.08,28.0,,,,,"*우유함유
*이 제품은 난류, 우유, 메밀, 땅콩, 대두, 밀, 고등어, 게, 새우, 돼지고기, 복숭아, 토마토, 아황산류, 호두, 닭고기, 쇠고기, 오징어, 조개류(굴,전복,홍합 포함), 잣을 사용한 제품과 같은 ",20,https://product-image.kurly.com/product/image/0dd5d1e4-a44f-4fa9-aa25-0f247bb36e28.jpg,,https://www.kurly.com/goods/1000400612,kurly
[KF365] 무항생제 닭가슴살 슬라이스 구이 400g,,육가공품,6800,real,,124,6.25,7.5,21.25,1.0,438.0,,,,,- 닭고기함유,20,https://product-image.kurly.com/product/image/105aceb9-4660-4e97-bce1-2d8f0a9826e0.jpg,,https://www.kurly.com/goods/1001297812,kurly
[Dole] 스위티오 파인애플 청크 400g,,즉석식품,7990,real,,68,16.0,17.0,0.0,0.0,0.0,,,,,,20,https://product-image.kurly.com/product/image/ed39eabd-e679-4493-8f05-a35419fc4620.jpg,,https://www.kurly.com/goods/5063479,kurly
[햇반] 현미 귀리 김치볶음밥 (2개입),,기타,5980,real,,164,0.95,27.14,7.38,3.33,290.0,,,,,"닭고기, 대두, 밀, 쇠고기, 우유, 조개류(굴) 함유",20,https://product-image.kurly.com/product/image/2ede362b-b178-4910-948c-144a1c1f9999.jpg,,https://www.kurly.com/goods/1001638440,kurly
영주햇살듬뿍 사과즙 30포,,음료,10900,real,,55,12.9,13.5,0.0,0.0,0.0,,,,,,20,https://product-image.kurly.com/product/image/2fbd06d8-a171-4486-b9f1-0612b4d522f7.jpg,,https://www.kurly.com/goods/5157173,kurly
[샐러디] 통밀 가득 올리브 치아바타 (115g X 6개입),,간식/디저트,11000,real,,230,6.0,46.0,7.0,2.1,630.0,,,,,"- 밀 함유
- 본 제품은 대두, 우유, 알류, 땅콩, 호두, 토마토, 돼지고기, 닭고기, 쇠고기, 오징어, 조개류 (굴, 전복, 홍합 포함), 게, 메밀, 새우, 고등어, 복숭아, 잣, 아황산류를 사용한 제품과 같",20,https://product-image.kurly.com/product/image/34ea3e98-b67b-4c70-955a-09da751d7999.jpg,,https://www.kurly.com/goods/1001831735,kurly
[남양] 떠먹는 불가리스 플레인 (85g X 8개),,유제품,5680,real,,94,11.76,11.76,4.71,3.29,53.0,,,,,"- 우유,쇠고기 함유
* 복숭아,대두 혼입 가능",20,https://product-image.kurly.com/product/image/ec81562c-4b94-4997-ae39-025f32428baf.png,,https://www.kurly.com/goods/1000273439,kurly
[11시 45분] 포두부 야채말이 비건 곤약김밥 (2개입),,주식/면류,8800,real,,98,2.8,14.0,6.4,1.96,240.0,,,,,"- 대두, 밀 함유
- 메밀, 잣, 땅콩, 복숭아, 토마토, 호두, 난류(계란), 우유, 돼지고기, 쇠고기, 닭고기, 고등어, 게, 새우, 오징어, 조개류(굴,전복,홍합 포함), 아황산류를 사용한 제품과 같은 제조시",20,https://product-image.kurly.com/product/image/b2c3f3b5-5325-48be-aac8-efbf046e62bd.jpg,,https://www.kurly.com/goods/1000093646,kurly
[잔다리마을] 볶은 검은콩가루 220g,,조미료/소스,10800,real,,453,6.45,30.45,38.68,15.86,0.0,,,,,"-대두 함유
-이 제품은 땅콩, 메밀, 호두, 잣을 사용한 제품과 같은 제조시설에서 제조하고 있습니다.",20,https://img-cf.kurly.com/shop/data/goods/1577154600704l0.jpg,,https://www.kurly.com/goods/5045537,kurly
[유가원] 유기농 아몬드 스프레드 200g,,조미료/소스,17900,real,,569,55.2,55.2,3.5,36.6,10.0,,,,,"- 호두, 대두, 땅콩, 밀, 잣, 메밀, 우유 혼입 가능",20,https://product-image.kurly.com/product/image/4407a9bc-299f-498e-a01e-736fab576751.jpg,,https://www.kurly.com/goods/1000760305,kurly
[강훈목장] 수제 그릭요거트 마일드 (100g X 3개),,유제품,10800,real,,175,3.0,5.0,9.0,13.0,25.0,,,,,- 우유 함유,20,https://product-image.kurly.com/product/image/2c0392a8-96ba-4c9c-a5c9-0934b706dc2f.jpg,,https://www.kurly.com/goods/1001421867,kurly
[청정원] 참깨흑임자드레싱 300g,,조미료/소스,3980,real,,310,1.0,6.0,2.0,31.0,860.0,,,,,"* 난류, 대두, 밀, 우유, 토마토를 사용한 제품과 같은 제조시설에서 제조하고 있습니다. ",20,https://product-image.kurly.com/product/image/3743d2f5-d2d0-4c5c-8ff7-af53cdfd3787.jpg,,https://www.kurly.com/goods/5068311,kurly
[햇반] 라이스플랜 12곡잡곡밥 210g*6입,,즉석식품,9980,real,,160,0.0,35.0,4.0,1.1,0.0,,,,,,20,https://product-image.kurly.com/product/image/e852f1ae-5646-4849-bb9a-6b0637d59208.jpg,,https://www.kurly.com/goods/1001521024,kurly
[상하목장] 유기농 우유 저지방 900mL,,유제품,4990,real,,50,5.0,5.0,3.0,2.0,50.0,,,,,"- 우유 함유
- 본 제품은 대두, 땅콩, 밀, 계란, 토마토, 복숭아를 사용한 제품과 같은 제조 시설에서 제조하고 있습니다.",20,https://img-cf.kurly.com/shop/data/goods/1645697759181l0.jpg,,https://www.kurly.com/goods/5048853,kurly
[서울우유] 더 진한 스위트 플레인 요거트 1.8L,,유제품,7480,real,,88,12.5,12.5,3.25,2.5,63.0,,,,,"- 우유 함유
* 대두,달걀,땅콩,호두,잣 혼입 가능",20,https://product-image.kurly.com/product/image/69c6ecb1-0bdf-45fd-8ac0-ad9cdea0904f.jpg,,https://www.kurly.com/goods/1000320270,kurly
[맑은물에] 참좋은 국산 서리태콩물 2종,,음료,6480,real,,36,0.0,1.76,3.25,1.77,386.0,,,,,-대두 함유,20,https://product-image.kurly.com/product/image/aa728c93-76c0-4fbd-a564-4e226c2f5234.jpg,,https://www.kurly.com/goods/5144855,kurly
[본마망] 땅콩 스프레드 2종 (택1),,조미료/소스,9990,real,,574,0.0,10.0,29.0,47.0,0.0,,,,,,20,https://product-image.kurly.com/product/image/ea1eb0d4-93cb-45c5-9c0f-5f20c2932af7.jpg,,https://www.kurly.com/goods/1000321562,kurly
[푸드올로지] 레드비트 진저 샷,,기타,19800,real,,79,15.5,18.26,1.15,0.11,32.0,,,,,"*특이체질, 알레르기 체질의 경우에는 개인에 따라 과민 반응을 나타낼 수 있으므로 원료를 확인 후 섭취 바랍니다.",20,https://product-image.kurly.com/product/image/c7f117b6-1386-407c-bfbb-a450c30f08e7.jpg,,https://www.kurly.com/goods/1001874404,kurly
[그릭슈바인] 닭가슴살 비엔나,,육가공품,10980,real,,143,2.8,18.0,8.8,4.0,308.0,,,,,"- 우유, 밀, 대두, 닭고기, 쇠고기 함유
- 이 제품은 알류(달걀), 메밀, 땅콩, 고등어, 게, 새우, 돼지고기, 복숭아, 토마토, 아황산류, 호두, 오징어, 조개류(굴, 전복, 홍합 포함)를 사용한 제품과 같",20,https://product-image.kurly.com/product/image/99e7f208-780b-434c-a6c0-45dc9241275f.jpg,,https://www.kurly.com/goods/5155493,kurly
[농심]누들핏 김치사발면맛(8입),,주식/면류,11680,real,,347,10.67,77.33,2.67,4.27,3173.0,,,,,"계란,메밀,땅콩,고등어,게,새우,복숭아,토마토,아황산류,호두,닭고기,오징어,조개류,잣을 사용한 제품과 같은 시설에서 제조하고 있습니다. ",20,https://product-image.kurly.com/product/image/af58b9a0-e57e-434b-8ac3-3fe42e98e364.jpg,,https://www.kurly.com/goods/1000466115,kurly
[밸런스밀] 고단백 간장비빔면 (2인분),,조미료/소스,6980,real,,212,0.4,39.0,11.8,1.0,580.0,,,,,"밀, 대두, 계란, 닭고기, 조개류(가리비) 함유 ",20,https://product-image.kurly.com/product/image/4d868b25-4209-44f6-99e9-1e5101b3443b.jpg,,https://www.kurly.com/goods/1002030745,kurly
[덴마크] 요거밀 통오트 단호박 (85g X 8개),,유제품,6580,real,,124,12.94,20.0,3.53,4.71,47.0,,,,,- 우유 함유,20,https://product-image.kurly.com/product/image/bd8f7809-a035-494c-a907-a35aa5ecea90.jpg,,https://www.kurly.com/goods/1001520139,kurly
[삼바존] 아사이소르베(아사이볼) 500mL,,간식/디저트,14900,real,,112,17.0,28.0,0.0,0.0,5.0,,,,,,20,https://product-image.kurly.com/product/image/6aea6f7f-0155-4de9-a45c-76def622549e.jpg,,https://www.kurly.com/goods/1002003501,kurly
[햇반] 라이스플랜 파로녹두닭죽 2종 (택1),,즉석식품,2980,real,,64,0.38,12.08,2.64,0.68,181.0,,,,,하단 표시사항 참조 ,20,https://product-image.kurly.com/product/image/a1484a19-f1ed-4d67-a25a-77d4ca983f2a.jpg,,https://www.kurly.com/goods/1001623121,kurly
[해태] 칼바 프로틴바란스 코코아퍼지 266g,,간식/디저트,6280,real,,425,19.0,64.0,9.0,15.0,270.0,,,,,"- 밀, 우유, 대두, 계란 함유
*쇠고기, 땅콩, 호두 혼입 가능",20,https://product-image.kurly.com/product/image/f5c5994d-d162-493a-8080-53cf11a97a15.jpg,,https://www.kurly.com/goods/1001479541,kurly
[오뚜기] 가뿐한끼 100% 현미로 지은 부드러운 현미밥 130g*30입,,즉석식품,28900,real,,155,0.48,33.33,2.86,1.19,24.0,,,,,,20,https://product-image.kurly.com/product/image/b21277c0-528b-4e5f-aaaa-cbac6b5ea1b2.jpg,,https://www.kurly.com/goods/1001207777,kurly
[풀무원다논] 액티비아 스무디 딸기바나나 (150mL X 4개),,음료,4980,real,,47,8.67,10.0,2.67,0.0,37.0,,,,,"- 복숭아, 피쉬 젤라틴 혼입 가능성 있음",20,https://product-image.kurly.com/product/image/6b00609c-1e4d-4695-854a-b6d19b60e329.jpg,,https://www.kurly.com/goods/5141790,kurly
[오넛티] 100% 땅콩버터 오리지널 포켓(30gx8개입),,조미료/소스,17500,real,,599,6.15,24.54,27.96,43.17,0.0,,,,,- 땅콩 함유,20,https://product-image.kurly.com/product/image/6ef62e90-a73a-4ad8-8be0-921a2749e726.jpg,,https://www.kurly.com/goods/1001406692,kurly
[아미노바이탈] 아미노샷 퍼펙트 에너지 4포 (x 5박스),,기타,52900,real,,242,27.56,54.22,6.22,0.0,0.0,,,,,,20,https://3p-image.kurly.com/files/7fed71f3-1b50-4ae3-9daf-b1d17d1dd1e5/a74bfb41-faf3-4b80-a037-3e9a485e4b3c.jpg,,https://www.kurly.com/goods/1001318637,kurly
[빙그레] 더단백 드링크 다크초코 단백질 35g 12팩,,음료,29300,real,,52,0.27,1.42,10.61,0.46,19.0,,,,,"- 우유 함유
- 알류(가금류), 대두, 밀, 고등어, 게, 새우, 돼지고기, 복숭아, 토마토, 아황산류, 호두, 닭고기, 쇠고기, 오징어, 조개류(굴, 전복, 홍합 포함), 잣, 메밀, 땅콩 혼입가능",20,https://product-image.kurly.com/product/image/0ed1620a-4962-4747-8de4-97b2a502b78b.jpg,,https://www.kurly.com/goods/1001823933,kurly
[단백질 과자점] 고단백 누네띠네 칩 55g x 4입,,간식/디저트,8400,real,,455,23.64,60.0,12.73,20.0,382.0,,,,,"- 알류(달걀), 우유, 대두, 밀 함유
* 이 제품은 메밀, 땅콩, 잣, 게, 새우, 돼지고기, 복숭아, 토마토, 호두, 오징어, 닭고기, 쇠고기, 조개류(굴 포함)를 사용한 제품과 같은 제조시설에서 생산하였습니다",20,https://product-image.kurly.com/product/image/84a32d5e-5885-4c81-b541-6a5aeb457971.jpg,,https://www.kurly.com/goods/1000017119,kurly
[가농바이오] 단백이 치즈맛 10입,,유제품,9900,real,,63,0.0,0.0,11.09,1.56,359.0,,,,,"계란, 우유, 대두 함유
- 이 제품은 밀,쇠고기,닭고기,돼지고기,토마토, 메밀,땅콩,고등어,게,새우, 복숭아,호두,오징어,아황산류,조개류(굴,홍합,바지락포함)을 사용하는 제품과 같은 제조시설에서 제조하고 있습니다.",20,https://product-image.kurly.com/product/image/23730619-470b-4030-ae1c-bee7015b384a.jpg,,https://www.kurly.com/goods/1002082937,kurly
[닥터유] 단백질칩 해물야끼소바맛 60g,,간식/디저트,1290,real,,480,5.0,55.0,20.0,20.0,1083.0,,,,,"- 밀, 달걀, 우유, 대두, 토마토, 쇠고기, 오징어, 새우, 조개류(굴) 함유
* 땅콩, 호두, 복숭아, 돼지고기, 닭고기, 게, 고등어, 조개류(홍합 포함) 혼입 가능",20,https://product-image.kurly.com/product/image/04d3a06b-3a7a-46a6-ae9e-2d55134181ed.png,,https://www.kurly.com/goods/1002121364,kurly
[빙그레] 프로틴 스트링 치즈 (20g X 10개),,유제품,10980,real,,300,0.0,0.5,30.0,18.5,550.0,,,,,"- 우유, 대두 함유
- 밀, 달걀, 토마토, 쇠고기, 닭고기, 돼지고기, 아황산류 혼입 가능",20,https://img-cf.kurly.com/shop/data/goods/1655800731570l0.jpg,,https://www.kurly.com/goods/5141792,kurly
[아몬드브리즈] 뉴트리플러스 프로틴 (190mL X 24팩),,음료,19350,real,,34,2.68,2.95,2.21,1.58,63.0,,,,,,20,https://product-image.kurly.com/product/image/5759de7a-58ad-4417-ad60-0efa4b1b09f5.jpg,,https://www.kurly.com/goods/5044423,kurly
[한끼통살] 그릴드 닭가슴살 13종 (1입/4입),,육가공품,3200,real,,165,0.0,0.3,21.8,8.1,560.0,,,,,"저크바베큐 : 닭고기, 대두, 밀, 토마토, 쇠고기, 조개류(굴) 함유
오리지널 : 닭고기, 대두, 밀, 토마토, 쇠고기 함유
블랙페퍼 : 닭고기, 우유, 대두, 밀, 쇠고기, 토마토, 알류(계란) 함유
소이갈릭 :",20,https://product-image.kurly.com/product/image/84cc024c-7bd8-428e-ab40-473a46735ee6.jpg,,https://www.kurly.com/goods/1000133658,kurly
[포스트] 단백질바 미니 231g,,간식/디저트,6080,real,,364,12.73,50.91,21.82,11.82,227.0,,,,,"- 땅콩, 대두 함유
*밀, 호두, 달걀, 쇠고기, 잣, 메밀, 돼지고기, 닭고기, 복숭아, 토마토, 아황사뉴 혼입 가능",20,https://product-image.kurly.com/product/image/9ca161d5-99bd-47d1-81e3-47fdf43e382f.jpg,,https://www.kurly.com/goods/1001382108,kurly
[삼양] 탱글 갈릭 쉬림프 프로틴 파스타 큰컵 100G,,주식/면류,1920,real,,376,9.93,64.84,17.87,6.0,1246.0,,,,,하단 표시사항 참조,20,https://product-image.kurly.com/product/image/bbbe047a-07d5-4803-8db3-bffbfcd8ff7d.png,,https://www.kurly.com/goods/1002143793,kurly
[비단식당] 단백질 블랙미숫가루 800g,,조미료/소스,6990,real,,480,4.0,46.0,32.0,16.0,5.0,,,,,"밀, 대두, 땅콩함유
본 제품은 메밀, 호두, 우유를 사용한 제품과 같은 제조시설에서 제조하였습니다. ",20,https://product-image.kurly.com/product/image/23482b7a-db42-4bc2-8daa-7b7307fc79b6.jpg,,https://www.kurly.com/goods/1001468184,kurly
[오뚜기]가뿐한끼_매콤닭가슴살카레 130g,,육가공품,1800,real,,77,3.08,6.92,3.85,3.85,492.0,,,,,"- 우유, 대두, 밀, 토마토, 닭고기, 쇠고기 함유",20,https://product-image.kurly.com/product/image/bfec2e69-7de3-4f18-9015-e1d06a625b8b.jpg,,https://www.kurly.com/goods/1000655033,kurly
[셀렉스] 프로틴 고소한맛 304g (8일분),,음료,17680,real,,50,1.25,1.67,8.75,0.96,167.0,,,,,"- 우유, 대두 함유
- 본 제품은 달걀, 복숭아, 밀을 사용한 제품과 같은 제조시설에서 생산하고 있습니다.",20,https://product-image.kurly.com/product/image/3bd551dc-27e9-4d3e-a20b-e1a4df191b07.jpg,,https://www.kurly.com/goods/1001171713,kurly
[오스트라라이프] 호주산 산양유 단백질 360g 2캔 선물세트,,음료,59900,real,,358,15.56,64.44,22.22,0.0,480.0,,,,,"- 우유, 대두 함유
- 본 제품은 달걀, 복숭아, 밀을 사용한 제품과 같은 제조시설에서 생산하고 있습니다.",20,https://product-image.kurly.com/product/image/2dd1168d-0592-430b-9f6a-306af22497d9.jpg,,https://www.kurly.com/goods/1001171696,kurly
[풀무원] 식물성 지구식단 두부텐더,,수산가공품,6280,real,,250,1.0,19.0,11.0,16.0,300.0,,,,,"- 대두, 밀 함유
- 본 제품은 알류, 메밀, 땅콩, 고등어, 게, 새우, 돼지고기, 복숭아, 토마토, 아황산류, 호두, 우유, 닭고기, 쇠고기, 오징어, 조개류(굴, 전복, 홍합 포함), 잣을 원료로 사용한 제품",20,https://product-image.kurly.com/product/image/fa127f01-f50b-4884-a4fc-5f45761d05b4.jpg,,https://www.kurly.com/goods/5071323,kurly
[KF365] 쫄깃한 훈제 메추리알 5입 (7팩),,기타,7420,real,,280,12.0,16.0,16.0,16.8,760.0,,,,,"알류(메추리알), 대두, 밀 함유
- 본 제품은 알레르기 발생 가능성이 있는 알류(계란), 우유, 메밀, 땅콩,고등어,게, 새우, 돼지고기,복숭아, 토마토, 아황산류, 호두, 닭고기, 쇠고기, 오징어, 조개류(굴, ",20,https://product-image.kurly.com/product/image/b6423d51-2505-4a1e-aa06-e610084ed8ea.jpg,,https://www.kurly.com/goods/1002324169,kurly
"[셀렉스] 식물성 프로틴 당솔브 음료 2종, 택1",,음료,17900,real,,50,0.44,2.61,9.13,0.3,104.0,,,,,"- 대두 함유
* 본 제품은 우유, 땅콩, 호두, 밀, 달걀, 토마토, 복숭아를 사용한 제품과 같은 제조시설에서 제조하고 있습니다.",20,https://product-image.kurly.com/product/image/e05ca709-a6db-4a21-9b93-41f22d539d7c.jpg,,https://www.kurly.com/goods/1002314587,kurly
[셀렉스] 셀렉스 프로틴 선물세트 2호,,음료,49900,real,,348,10.0,72.0,8.0,3.6,313.0,,,,,"- 우유, 대두, 땅콩, 호두 함유
- 본 제품은 밀, 달걀, 토마토, 복숭아를 사용한 제품과 같은 제조시설에서 제조하고 있습니다.",20,https://product-image.kurly.com/product/image/34e2ece6-b0ed-4fd2-a61d-046f25d429df.jpg,,https://www.kurly.com/goods/1001541707,kurly
[대상웰라이프] 뉴케어 올프로틴 버라이어티팩 (6입),,음료,11500,real,,356,21.14,34.82,4.34,22.22,167.0,,,,,"- 대두, 우유 함유
- 땅콩, 호두, 잣, 게 혼입 가능성 있음",20,https://product-image.kurly.com/product/image/9fc27edc-426f-48b6-aa44-3e99da55c69c.jpg,,https://www.kurly.com/goods/1001145590,kurly
[서울우유] 고소하고 부드러운 고단백 치즈 (18g X 10입),,유제품,5280,real,,332,0.2,0.2,24.2,26.0,907.0,,,,,*우유 함유,20,https://product-image.kurly.com/product/image/b68b918f-8e00-46f5-b707-92e46ffdaf64.jpg,,https://www.kurly.com/goods/1000357142,kurly
[대상웰라이프] 뉴케어 올프로틴 고소한맛 24팩,,음료,47900,real,,55,0.0,1.23,10.21,1.02,102.0,,,,,,20,https://product-image.kurly.com/product/image/ae3166d6-1e54-4048-bfd3-6750880b3931.jpg,,https://www.kurly.com/goods/1001145584,kurly
[씨알로] 단짠단짠 프로틴 (38g X 12개입),,간식/디저트,15900,real,,434,20.0,55.0,12.5,25.4,265.0,,,,,"- 이 제품은 메밀, 고등어, 게, 새우, 돼지고기, 복숭아, 토마토, 아황산류, 호두, 닭고기, 오징어, 조개류(굴, 전복, 홍합 포함) 잣을 사용한 제품과 같은 라인에서 제조함",20,https://product-image.kurly.com/product/image/aca4205c-2576-4afc-aa93-0207bbef7e10.jpg,,https://www.kurly.com/goods/1002173532,kurly
[대상웰라이프] 뉴케어 올프로틴 바나나맛 24팩,,음료,47900,real,,55,0.0,1.23,10.21,1.02,102.0,,,,,"- 대두, 우유 함유
- 땅콩, 호두, 잣, 게 혼입 가능성 있음",20,https://product-image.kurly.com/product/image/9b6d76a6-3a59-4002-9768-3f8daa62b1ba.jpg,,https://www.kurly.com/goods/1001145588,kurly
[일동후디스] 하이뮨 프로틴 밸런스 캔 (8일분),,음료,27000,real,,108,6.0,11.2,6.4,4.0,68.0,,,,,"- 본 제품은 알류, 땅콩, 밀, 토마토, 복숭아, 호두, 쇠고기, 잣, 메밀을 사용하는 제품과 같은 제조시설에서 제조하고 있습니다.
- 우유, 대두 함유",20,https://product-image.kurly.com/product/image/566ac704-6b4a-42cd-9fab-c2f616dade50.jpg,,https://www.kurly.com/goods/1000168585,kurly
[대상웰라이프] 뉴케어 올프로틴 초코맛 24팩,,음료,47900,real,,55,0.0,1.23,10.21,1.02,102.0,,,,,"- 대두, 우유 함유
- 땅콩, 호두, 잣, 게 혼입 가능성 있음",20,https://product-image.kurly.com/product/image/469ae7e4-f2ff-43b0-98c7-a192c2915d37.jpg,,https://www.kurly.com/goods/1001145586,kurly
[펠리체티] 유기농 프로틴 파스타 3종 (택1),,주식/면류,6500,real,,120,2.0,8.0,16.0,2.5,280.0,,,,,- 밀 함유,20,https://product-image.kurly.com/product/image/6ea396f8-b643-44f4-a18c-39609925c573.jpg,,https://www.kurly.com/goods/1000668329,kurly
[후디스] 하이뮨 마시는 프로틴 밸런스 음료,,음료,24500,real,,100,7.2,9.6,6.4,4.0,68.0,,,,,"- 우유, 대두 함유
- 알류, 땅콩, 메밀, 밀, 돼지고기, 복숭아, 토마토, 쇠고기, 호두, 잣 혼입 가능",20,https://product-image.kurly.com/product/image/a29944e4-57ec-428c-97ea-0d498fd03b02.jpg,,https://www.kurly.com/goods/5100679,kurly
[상하치즈] 프로틴 슬라이스 치즈 라이트 (18g X 15매),,유제품,7980,real,저당류,278,5.56,5.56,13.89,21.67,1111.0,,,,,"- 우유, 대두 함유
- 본 제품은 땅콩, 계란, 호두, 잣을 사용한 제품과 같은 제조시설에서 제조하고 있습니다.",20,https://product-image.kurly.com/product/image/c36e24ed-b629-4ff8-ba52-f53a484a1894.jpg,,https://www.kurly.com/goods/5141793,kurly
[셀렉스] 프로틴 락토프리 종합 선물세트 1호,,음료,63900,real,,345,9.0,70.0,8.0,4.3,307.0,,,,,"- 우유, 대두, 땅콩, 호두 함유
- 본 제품은 밀, 달걀, 토마토, 복숭아를 사용한 제품과 같은 제조시설에서 제조하고 있습니다.",20,https://product-image.kurly.com/product/image/f63db98d-62cb-4c85-8daa-6688c8626592.jpg,,https://www.kurly.com/goods/1001541709,kurly
[그라놀로지] 프로틴 그래놀라 2종 (택1),,간식/디저트,26000,real,,341,0.0,41.78,44.73,3.81,757.0,,,,,"- 대두 함유
- 우유, 땅콩, 대두, 밀, 토마토, 호두, 잣 혼입가능",20,https://product-image.kurly.com/product/image/0923804d-2caa-4314-84cd-29ae6d528dce.jpg,,https://www.kurly.com/goods/1000085556,kurly
[얼라이브] 혈당컷 밸런스 쉐이크 파우치 (7포),,건강기능식품,18700,real,,420,20.0,48.0,36.0,8.8,540.0,,,,,,20,https://product-image.kurly.com/product/image/280308c4-ec4e-49de-a5da-121acd47d13f.jpg,,https://www.kurly.com/goods/1001401760,kurly
[매일] 허쉬 초콜릿 드링크 프로틴 (235mL X 24개),,음료,21510,real,,77,11.49,13.62,3.4,0.98,47.0,,,,,- 우유 함유,20,https://product-image.kurly.com/product/image/ea14512a-24b6-4d4f-b08a-eedd1df734d3.jpg,,https://www.kurly.com/goods/1001442345,kurly
[대상웰라이프] 뉴케어 미니 바나나맛 24팩,,음료,33900,real,,73,3.33,9.0,3.0,3.0,73.0,,,,,"대두, 우유 함유",20,https://product-image.kurly.com/product/image/3812cacf-000f-47a3-a7ea-2d32144089c2.jpg,,https://www.kurly.com/goods/5152945,kurly
[KF365] 무항생제 한입 닭가슴살 1kg(냉동),,육가공품,9000,real,,135,0.0,1.0,25.0,3.2,540.0,,,,, - 닭고기 함유,20,https://product-image.kurly.com/product/image/a6182608-c9f0-4258-88ff-df251c30cf5a.jpg,,https://www.kurly.com/goods/1001297814,kurly
[이담] 산양우유 프로틴 플레인(120mL X 5개),,유제품,8250,real,,99,7.5,13.8,3.8,3.2,44.0,,,,,"- 우유 함유
* 돼지고기 혼입 가능",20,https://product-image.kurly.com/product/image/749f7301-bf44-4ab7-8808-dad42b8e0fdd.jpg,,https://www.kurly.com/goods/1000019705,kurly
[헤어플러스] 아쿠아 프로틴 뿌리는 헤어 워터에센스 200ml ,,음료,12900,real,,37,0.0,3.0,5.0,0.5,120.0,,,,,,20,https://product-image.kurly.com/product/image/a823176e-c474-44b8-b758-2a0b4276c912.jpg,,https://www.kurly.com/goods/5131386,kurly
[대상웰라이프] 뉴케어 액티브 오리지널 24팩,,음료,52900,real,,100,4.0,11.5,7.5,3.0,105.0,,,,,"- 대두,우유 함유
- 호두, 땅콩, 게, 잣 혼입 가능성 있음",20,https://product-image.kurly.com/product/image/0f571d56-64b8-494d-85e5-4f947ca07b27.png,,https://www.kurly.com/goods/5045402,kurly
[대상웰라이프] 뉴케어 고칼슘 영양갱 30입,,간식/디저트,33500,real,,275,27.5,70.0,2.5,0.0,0.0,,,,,"알류(가금류), 우유, 땅콩, 대두, 밀, 돼지고기, 복숭아, 아황산류, 호두, 쇠고기, 오징어, 잣 혼입 가능성 있음.",20,https://product-image.kurly.com/product/image/9c5d41c1-d6dc-45cd-9dd5-9124be654d4d.jpg,,https://www.kurly.com/goods/1000170454,kurly
[빙그레] GLC 더케어 고단백 영양강정바 12개입,,건강기능식품,12400,real,,390,4.0,57.0,20.0,11.5,360.0,,,,,"*본 제품은 알류(가금류),우유,땅콩,대두,밀,고등어,게,새우,돼지고기,복숭아,토마토,아황산류,호두,닭고기,쇠고기,오징어,조개류(굴,전복 포함),잣을 사용한 제품과 같은 제조시설에서 제조하고 있습니다. ",20,https://product-image.kurly.com/product/image/eb198cee-9877-4b42-854c-468de746a4da.jpg,,https://www.kurly.com/goods/1002167894,kurly
[올가] 오븐에 구워 더 담백한 국산 콩 두부스낵 65g,,간식/디저트,5000,real,,523,12.31,60.0,9.23,27.69,292.0,,,,,"- 대두, 밀 함유
* 우유, 메밀, 땅콩, 고등어, 게, 새우, 돼지고기, 복숭아, 토마토, 아황산류, 호두, 닭고기, 쇠고기, 오징어, 잣, 알류, 조개류(굴, 전복, 홍합 포함) 혼입 가능",20,https://product-image.kurly.com/product/image/eb673440-a59b-491b-b856-50dd2ec60a8b.jpg,,https://www.kurly.com/goods/1002296134,kurly
[모두의식단] 한입 닭가슴살 큐브 2종 (1팩/4팩)(택1),,육가공품,7300,real,,135,0.0,1.0,25.0,3.2,540.0,,,,,"- 오리지널: 닭고기, 대두, 밀, 조개류(굴) 함유
- 깻잎: 닭고기, 대두, 밀 함유
- 이 제품은 알류(가금류만 해당), 우유, 메밀, 땅콩, 고등어, 게, 새우, 돼지고기, 복숭아, 토마토, 아황산류, 호두,",20,https://product-image.kurly.com/product/image/848cbec2-3e7b-4470-8485-65f3f18a945f.jpg,,https://www.kurly.com/goods/1001112812,kurly
[대상웰라이프] 뉴케어 미니 구수한맛 24팩,,음료,33900,real,,73,3.33,8.33,3.0,3.2,83.0,,,,,"- 대두, 우유 함유",20,https://product-image.kurly.com/product/image/a08e7ff7-7e66-4698-be9d-389ac309dc2b.jpg,,https://www.kurly.com/goods/1000217387,kurly
[코주부] 오리지널 육포 150g,,육가공품,14250,real,,300,6.67,16.67,43.33,6.67,1200.0,,,,,"- 대두, 밀, 우유, 쇠고기, 닭고기 함유
* 알류, 메밀, 땅콩, 고등어, 게, 새우, 돼지고기, 복숭아, 아황산류, 호두, 오징어, 조개류(굴, 전복, 홍합 포함), 잣 혼입 가능",20,https://product-image.kurly.com/product/image/6d23180b-c524-4746-a3bb-6c189a5570f1.jpg,,https://www.kurly.com/goods/1002147765,kurly
[삼양] 탱글 갈릭 쉬림프 프로틴 파스타 100g*4개입,,주식/면류,6980,real,,376,9.93,64.84,17.87,6.0,1246.0,,,,,하단 표시사항 참조,20,https://product-image.kurly.com/product/image/d6278be2-1afd-4920-85bd-5692ff38acc2.png,,https://www.kurly.com/goods/1002143791,kurly
[베지밀] 고단백 두유 검은콩 (190mL X 16개),,음료,13900,real,,55,0.42,5.26,6.32,1.95,137.0,,,,,"- 대두 함유
* 달걀,우유,메밀,땅콩,밀,토마토,복숭아,호두,잣 혼입 가능",20,https://product-image.kurly.com/product/image/97bb8158-3a2b-4397-bd0f-47f7b4bc5ee9.jpg,,https://www.kurly.com/goods/1000317733,kurly
[코주부] 콰트로 치즈 육포 120g,,유제품,7984,real,,413,10.25,20.28,24.41,25.98,1591.0,,,,,"- 알류, 우유, 대두, 밀, 돼지고기, 토마토, 쇠고기, 조개류(굴) 함유
* 메밀, 땅콩, 고등어, 게, 새우, 복숭아, 아황산류, 호두, 닭고기, 오징어, 조개류(홍합, 전복 포함),잣 혼입 가능",20,https://product-image.kurly.com/product/image/50c33562-1280-4944-a49e-af97c5ecb8db.jpg,,https://www.kurly.com/goods/1002147769,kurly
[해태] 칼바 요거트베리 266g,,간식/디저트,5700,real,,415,19.0,69.0,8.0,12.0,250.0,,,,,"- 밀, 우유, 대두, 계란 함유
* 본 제품은 쇠고기, 땅콩, 호두를 사용한 제품과 같은 제조시설에서 제조하고 있습니다.",20,https://product-image.kurly.com/product/image/b069077a-5a0f-4800-b40c-541b1c2e52fd.jpg,,https://www.kurly.com/goods/1002185333,kurly
[상하치즈] 프로틴치즈 체다 슬라이스 (17g X 15매),,유제품,6990,real,,324,1.77,2.94,23.53,23.53,1206.0,,,,,- 우유 함유,20,https://product-image.kurly.com/product/image/4ce91d1c-8065-4d06-a7e3-c899c6b8191a.jpg,,https://www.kurly.com/goods/1002178107,kurly
[동원] 어단백 피쉬프로틴바 두부 70g,,건강기능식품,2480,real,,167,4.4,11.4,9.5,9.3,433.0,,,,,"- 대두, 알류, 우유, 조개류(바지락)함유
",20,https://product-image.kurly.com/product/image/e6a97978-c628-413d-ba7b-8e166183fb03.jpg,,https://www.kurly.com/goods/1002101841,kurly
[프로틴방앗간] 하루단백바 크런치 그래놀라 카카오맛 1박스 (35g X 10개입),,간식/디저트,18000,real,,541,13.1,39.19,19.35,34.13,2.0,,,,,"- 대두 함유
* 밀, 알류, 우유, 땅콩, 메밀, 고등어, 게, 새우, 돼지고기, 복숭아, 토마토, 아황산류, 호두, 닭고기, 쇠고기, 오징어, 조개류, 잣 혼입 가능",20,https://product-image.kurly.com/product/image/6dbba257-aeed-4ea4-a6bd-4f102ba7ec69.jpg,,https://www.kurly.com/goods/1001143022,kurly
[대상웰라이프] 뉴케어 당플랜 미니 24팩,,음료,38900,real,,100,0.0,11.0,5.0,5.0,75.0,,,,,,20,https://product-image.kurly.com/product/image/52a6942a-c0f5-4383-8adf-52c7b74a96e0.png,,https://www.kurly.com/goods/1001924240,kurly
[풀무원] 비타민D 깐메추리알 영양란 4종 (냉장),,기타,5480,real,,145,0.0,2.22,12.55,9.89,137.0,,,,,"알류(메추리알) 함유
- 이 제품은 알류(계란), 우유, 메밀, 땅콩, 대두, 밀, 고등어, 게, 새우, 돼지고기, 복숭아, 토마토, 아황산류, 호두, 닭고기, 쇠고기, 오징어, 잣, 조개류(굴, 전복, 홍합 포함)",20,https://product-image.kurly.com/product/image/8fc544f0-3d0c-4a73-855f-d758d741d180.jpg,,https://www.kurly.com/goods/1002098929,kurly
[동원] 어단백 피쉬프로틴바 닭가슴살 70g,,육가공품,2480,real,,141,2.5,10.51,13.35,5.09,739.0,,,,,"- 대두, 알류, 닭고기 함유",20,https://product-image.kurly.com/product/image/d49435d4-63d2-4b39-97c7-872128bb1394.jpg,,https://www.kurly.com/goods/1002101837,kurly
[디벨라] 레드키드니빈스 400g,,즉석식품,3200,real,,67,0.0,14.0,3.0,0.0,291.0,,,,,,20,https://product-image.kurly.com/product/image/68f6413e-99d4-4d30-83c2-6b3418c5af55.jpg,,https://www.kurly.com/goods/1000740716,kurly
[비첸향] 미니이지 락사 150g,,육가공품,22500,real,,356,37.02,38.53,26.31,10.74,803.0,,,,,"- 돼지고기, 새우, 밀 함유
* 대두, 쇠고기, 닭고기, 우유, 토마토, 조개(굴), 메밀, 호두, 땅콩 혼입 가능",20,https://product-image.kurly.com/product/image/344f9c53-a3b5-4bbd-aceb-035f5c619382.jpg,,https://www.kurly.com/goods/1002064621,kurly
[대상웰라이프] 뉴케어 검은깨맛 24팩,,음료,43990,real,,100,3.4,15.5,3.5,3.0,65.0,,,,,대두 함유,20,https://product-image.kurly.com/product/image/bd71f24a-6392-4a2b-aa4f-10b26470b376.png,,https://www.kurly.com/goods/1001924014,kurly
[차마요] 시스루 두부피 120g,,조미료/소스,3700,real,,390,7.33,30.08,36.92,13.58,80.0,,,,,- 대두 함유,20,https://product-image.kurly.com/product/image/2cff5d5c-7684-4ba5-b570-03ab897e84c9.jpg,,https://www.kurly.com/goods/1001495257,kurly
[차마요] Non-gmo 메주콩 두유피,,조미료/소스,3900,real,,430,6.6,21.13,41.6,20.0,143.0,,,,,- 대두 함유,20,https://product-image.kurly.com/product/image/a6c6914a-f47b-4a8d-bce6-d83bec243c7e.jpg,,https://www.kurly.com/goods/1000585663,kurly
[풀무원] 쫄깃한 메추리알 25g,,기타,2100,real,,200,4.0,4.0,16.0,14.0,340.0,,,,,"대두, 밀, 쇠고기, 알류(메추리알) 함유
- 이 제품은 우유, 메밀, 땅콩, 알류(계란), 고등어, 게, 새우, 돼지고기, 복숭아, 토마토, 아황산류, 호두, 닭고기, 오징어, 잣, 조개류(굴, 전복, 홍합 포함)",20,https://product-image.kurly.com/product/image/064fc5a9-3f21-4d71-b0a1-d4d5659e9449.png,,https://www.kurly.com/goods/1002098924,kurly
[일일곡식] 물가안정 미숫가루 2kg,,조미료/소스,12800,real,,395,2.0,81.0,9.0,3.9,3.0,,,,,"대두, 밀 함유",20,https://product-image.kurly.com/product/image/d40479b2-6feb-4497-9f70-70aed5bd87b4.jpg,,https://www.kurly.com/goods/1001434544,kurly
[발투센] 유기농 화이트빈 (흰강낭콩),,즉석식품,4980,real,,91,0.4,14.0,6.9,0.8,172.0,,,,,,20,https://product-image.kurly.com/product/image/5ade1ffb-9408-434e-9895-8838eab005df.jpg,,https://www.kurly.com/goods/1000137036,kurly
[켈로그] 에너지바K 크런치넛 40g x 12개,,간식/디저트,10760,real,,517,25.67,54.0,10.67,28.67,273.0,,,,,- 쇠고기가 함된 제품과 같은 제조시설에서 제조,20,https://product-image.kurly.com/product/image/9ae22acf-251c-4675-8d55-d4b3001c1ab2.jpg,,https://www.kurly.com/goods/1001976322,kurly
[메디웰] 구수한 누룽지맛 200mL 18개입,,음료,29900,real,,100,3.5,14.0,3.5,3.5,105.0,,,,,"- 대두, 우유 함유",20,https://product-image.kurly.com/product/image/c8739191-d0ae-4f54-a7a8-a4c96b47a260.jpg,,https://www.kurly.com/goods/1001769124,kurly
[켈로그] 에너지바K 크런치넛 멀티 40g x 4개,,간식/디저트,6180,real,,517,25.67,54.0,10.67,28.67,273.0,,,,,"- 땅콩, 우유, 대두, 밀 함유
*쇠고기 혼입 가능",20,https://product-image.kurly.com/product/image/ffe7ce22-b20e-4bb7-8ceb-9100a8bc1a2d.jpg,,https://www.kurly.com/goods/1001579125,kurly
[소프트프로틴] 고기듬뿍일본식카레 150g,,건강기능식품,5000,real,,107,4.88,11.3,7.5,3.58,445.0,,,,,"- 우유, 대두, 밀, 돼지고기, 토마토, 조개류 (굴) 함유",20,https://product-image.kurly.com/product/image/424091ac-ecad-40e4-b1f1-b696db2e955c.jpg,,https://www.kurly.com/goods/1001498480,kurly
[소프트프로틴] 검은콩흑임자죽  300g,,건강기능식품,6000,real,,24,0.04,2.6,0.61,1.2,58.0,,,,,"- 우유, 땅콩, 대두 함유",20,https://product-image.kurly.com/product/image/31111e22-5af7-42ff-855b-3008c7c5edab.jpg,,https://www.kurly.com/goods/1001498466,kurly
[연세유업] 세브란스 케어 구수한 맛 24개입,,음료,32900,real,,100,3.5,12.0,4.0,4.0,83.0,,,,,"*특이체질, 알레르기 체질의 경우에는 개인에 따라 과민 반응을 나타낼 수 있으므로 원료를 확인 후 섭취 바랍니다.",20,https://product-image.kurly.com/product/image/72d27c4e-8cac-4f6a-91fa-b58f8dd03496.jpg,,https://www.kurly.com/goods/1001970569,kurly
"[알치네로] 유기농 파스타 5종 (듀럼밀,통밀,파로통밀/ 택1)",,주식/면류,3980,real,,345,3.1,71.0,12.3,1.35,0.0,,,,,하단 표시사항 참조,20,https://product-image.kurly.com/product/image/c0213138-6b2c-4591-8ff3-213d279c4faf.jpg,,https://www.kurly.com/goods/1001401883,kurly
[롯데칠성] 오트몬드 검은콩 190mL * 24개입,,음료,15900,real,,21,0.26,0.79,2.84,0.74,104.0,,,,,,20,https://product-image.kurly.com/product/image/9dda86a3-6d7e-4115-b4c8-8e736c6bce97.jpg,,https://www.kurly.com/goods/1002325288,kurly
[대상웰라이프] 뉴케어 커피맛 24팩,,음료,43990,real,,100,4.5,15.0,3.5,3.0,65.0,,,,,"대두, 우유 함유
",20,https://product-image.kurly.com/product/image/ea00d036-8f2f-439e-8586-9b36ca1f50eb.jpg,,https://www.kurly.com/goods/1001924148,kurly
[포스트] 오곡코코볼바 132g,,간식/디저트,6280,real,,448,36.0,68.0,4.0,17.6,140.0,,,,,"- 이 제품을 호두. 땅콩, 돼지고기, 쇠고기, 메밀, 달걀, 잣, 닭고기, 토마토, 복숭아, 조개류(굴), 아황산류를 사용한 제품과 같은 제조시설에서 제조하였음",20,https://product-image.kurly.com/product/image/e24e1a23-6195-4cbd-92d2-9c7e33e87adf.jpg,,https://www.kurly.com/goods/1002149675,kurly
[대상웰라이프] 뉴케어 율무맛 락토프리  24개입,,음료,39900,real,,43,2.4,5.33,3.33,1.67,57.0,,,,,"*특이체질, 알레르기 체질의 경우에는 개인에 따라 과민 반응을 나타낼 수 있으므로 원료를 확인 후 섭취 바랍니다.",20,https://product-image.kurly.com/product/image/8d2e8851-7a51-42b2-8b0c-e83bfaab4ecd.jpg,,https://www.kurly.com/goods/1002302592,kurly
[프로상] 유기농 강낭콩 345g,,즉석식품,7500,real,,90,0.9,14.0,8.4,0.0,204.0,,,,,,20,https://product-image.kurly.com/product/image/cd1daf1e-91e2-4ce8-aa88-d9c7e3be4288.jpg,,https://www.kurly.com/goods/1001393622,kurly
[MY EGG LIFE] 마이 에그 라이스 2종 (1개입/4개입)(냉동),,기타,3490,real,,75,1.11,7.78,9.45,0.72,306.0,,,,,"알류(계란), 우유 함유
- 본 제품은 알류(메추리알), 메밀, 땅콩, 대두, 밀, 고등어, 게, 새우, 돼지고기, 복숭아, 토마토, 아황산류, 호두, 닭고기, 쇠고기, 오징어, 조개류(굴, 전복, 홍합 포함), 잣",20,https://product-image.kurly.com/product/image/2258069c-1674-4ad9-a2ee-8f8956a518c7.jpg,,https://www.kurly.com/goods/1002279103,kurly
[빙그레] GLC 더케어 완전균형영양식 18개입,,음료,27900,real,,100,2.75,15.0,3.5,2.9,75.0,,,,,"*우유, 대두 함유",20,https://product-image.kurly.com/product/image/c30944ea-67a5-494c-b128-972fbc17d7cd.jpg,,https://www.kurly.com/goods/1002167890,kurly
[대상웰라이프] 뉴케어 하이멘토 버터쿠키맛 200mL 24개입,,음료,46900,real,,100,2.0,15.0,4.0,3.0,50.0,,,,,"*특이체질, 알레르기 체질의 경우에는 개인에 따라 과민 반응을 나타낼 수 있으므로 원료를 확인 후 섭취 바랍니다.",20,https://product-image.kurly.com/product/image/c425c1fe-dd4a-4656-9b98-08d0cd009cde.jpg,,https://www.kurly.com/goods/1002145815,kurly
[햇반] 라이스플랜 파로통곡물죽 2종 (택1),,즉석식품,3240,real,,60,0.23,12.45,1.51,1.09,2.0,,,,,하단 표시사항 참조,20,https://product-image.kurly.com/product/image/355d357c-1212-4d04-844d-97c8dfb3ec5e.jpg,,https://www.kurly.com/goods/1001623127,kurly
[햇반] 라이스플랜 귀리소고기죽 2종 (택1),,즉석식품,3240,real,,74,0.76,12.83,3.02,1.06,159.0,,,,,하단 표시사항 참조 ,20,https://product-image.kurly.com/product/image/fcd47644-e137-4d9d-8ac4-21dea4e82410.jpg,,https://www.kurly.com/goods/1001623124,kurly
[빙그레] 고단백 슬라이스 치즈 (18g X 15매입),,유제품,6480,real,,278,5.56,5.56,13.89,21.67,1111.0,,,,,- 우유 함유,20,https://product-image.kurly.com/product/image/eb6a52c7-7f34-4006-8c11-6d3ba5d25e78.jpg,,https://www.kurly.com/goods/1002128700,kurly
[빙그레] 고단백 구워먹는 치즈 105g,,유제품,4980,real,,317,1.55,5.72,18.33,24.53,207.0,,,,,- 우유 함유,20,https://product-image.kurly.com/product/image/dafa6942-eb20-418f-a421-dcaa0df557d4.jpg,,https://www.kurly.com/goods/1002128698,kurly
[대상웰라이프] 캔서플랜 프로 1.2 24팩,,건강기능식품,59900,real,,121,1.82,12.73,9.09,4.06,121.0,,,,,"- 대두, 우유 함유
",20,https://product-image.kurly.com/product/image/ddc28d04-8033-4e60-b8ae-1a7a2fd08d82.jpg,,https://www.kurly.com/goods/1000217391,kurly
[JCDM] 베이컨 크림 꼬단면 140g,,주식/면류,4480,real,,108,1.53,7.5,9.59,4.4,354.0,,,,,"알류,메밀,땅콩,밀,고등어,게,새우,복숭아,토마토,아황산류,호두,오징어,조개류,잣 혼입가능
닭고기,쇠고기,대두,우유,돼지고기 함유 ",20,https://product-image.kurly.com/product/image/607b0f38-c031-4ae7-a326-90c50861d9c5.jpg,,https://www.kurly.com/goods/1001980706,kurly
[JCDM] 토마토 바질 꼬단면 140g,,주식/면류,4480,real,,81,3.11,8.91,7.91,1.49,340.0,,,,,"알류,우유,메밀,땅콩,밀,고등어,게,새우,돼지고기,복숭아,아황산류,호두,오징어,조개류,잣 혼입 가능",20,https://product-image.kurly.com/product/image/16272f59-c748-45fa-b07d-dcc702a3c5b4.jpg,,https://www.kurly.com/goods/1001980695,kurly
[무료배송][선물세트] 대상웰라이프 뉴케어 고칼슘 영양갱 셀렉션,,간식/디저트,34400,real,,275,27.5,70.0,2.5,0.0,0.0,,,,,"알류(가금류), 우유, 메밀, 땅콩, 대두, 밀, 고등어, 게, 새우, 돼지고기, 복숭아, 토마토, 아황산류, 호두, 닭고기, 쇠고기, 오징어, 조개류(굴, 전복, 홍합 포함), 잣 혼입 가능성 있음.",20,https://product-image.kurly.com/product/image/4f2d013f-57ce-44fa-a97e-9223ec5b597f.jpg,,https://www.kurly.com/goods/1000244298,kurly
[브로드카세] 하이프로틴 무화과파운드케이크 480g,,간식/디저트,17000,real,,394,8.54,46.04,7.08,20.0,191.0,,,,,"-우유, 밀, 계란, 대두 함유
-이 제품은 메밀, 땅콩, 고등어, 게, 새우, 돼지고기, 복숭아, 토마토, 아황산류, 호두, 닭고기, 쇠고기, 오징어, 조개류(굴 등), 잣을 사용한 제품과 같은 제조시설에서 제조",20,https://img-cf.kurly.com/shop/data/goods/158037715411l0.jpg,,https://www.kurly.com/goods/5042611,kurly
[서울우유x히밥] 초유탄탄 류신&프로틴 젤리스틱 20g 14포,,간식/디저트,18000,real,,137,19.5,25.5,7.0,0.8,115.0,,,,,,20,https://product-image.kurly.com/product/image/cbfab451-152b-4938-8553-4d3937eec257.jpg,,https://www.kurly.com/goods/1002079640,kurly
[대상웰라이프] 마이밀 퓨로틴 고소한맛 식물성 단백질 음료 24입,,음료,44900,real,,52,0.0,2.0,8.0,1.4,92.0,,,,,"- 대두 함유
- 우유, 땅콩, 호두, 잣, 게 혼입 가능성 있음.",20,https://product-image.kurly.com/product/image/044982bc-111f-4b1a-9f63-4a00e3c9835f.jpg,,https://www.kurly.com/goods/1000316965,kurly
[대상웰라이프] 마이밀 마시는 뉴프로틴 산양유 단백질 30개입,,음료,37400,real,,358,15.56,64.44,22.22,0.0,480.0,,,,,"- 우유, 대두 함유
- 땅콩, 호두, 잣, 게 혼입 가능성 있음.",20,https://product-image.kurly.com/product/image/900db73c-d5de-4c42-978f-96b6d598109d.jpg,,https://www.kurly.com/goods/1000316963,kurly
[대상웰라이프] 마이밀 퓨로틴 초코맛 식물성 단백질 음료 24입,,음료,44900,real,,52,0.0,2.0,8.0,1.4,92.0,,,,,"- 대두 함유
- 우유, 땅콩, 호두, 잣, 게 혼입 가능성 있음.",20,https://product-image.kurly.com/product/image/fcd9598c-4724-4f5c-a916-abcacb3c8636.jpg,,https://www.kurly.com/goods/1000316967,kurly
[켈로그] 프로틴 그래놀라 쉐이크 2종,,간식/디저트,3250,real,,341,0.0,41.78,44.73,3.81,757.0,,,,,"- 우유, 메밀, 대두, 밀 함유",20,https://img-cf.kurly.com/shop/data/goods/1621228263408l0.jpg,,https://www.kurly.com/goods/5073029,kurly
[밸런스밀] 고단백 마라비빔면 (2인분),,즉석식품,6980,real,,222,2.41,38.07,12.04,3.16,695.0,,,,,"계란, 대두, 밀, 우유, 쇠고기, 닭고기, 땅콩, 새우, 조개류(굴 포함), 아황산류 함유 ",20,https://product-image.kurly.com/product/image/144cc51a-a064-4f4d-91bb-874c188677bc.jpg,,https://www.kurly.com/goods/1002030747,kurly
[밸런스밀] 고단백 매콤비빔면 (2인분),,즉석식품,6980,real,,224,3.9,39.11,12.17,2.74,695.0,,,,,"밀, 대두, 계란 함유 ",20,https://product-image.kurly.com/product/image/6ab77df6-aca3-42d1-9745-38635964d3e6.jpg,,https://www.kurly.com/goods/1002030743,kurly
[일동후디스] 하이뮨 프로틴 밸런스 액티브 18개입,,음료,38500,real,,38,0.0,1.2,8.0,0.36,88.0,,,,,"알류,대두,땅콩,메밀,밀,돼지고기,복숭아,토마토,쇠고기,호두,잣 혼입 가능",20,https://product-image.kurly.com/product/image/9f7c8afb-dac9-4c54-8844-4dd508c83b83.jpg,,https://www.kurly.com/goods/1000033213,kurly
[켈로그] 프로틴 그래놀라 다크초코볼 450g,,간식/디저트,9980,real,,411,23.0,71.0,17.0,7.0,370.0,,,,,"- 이 제품은 우유, 아몬드, 쇠고기가 포함된 제품과 같은 제조시설에서 제조하고 있음
- 밀. 대두 함유 ",20,https://product-image.kurly.com/product/image/e721ccfe-0e4f-49ad-a516-a32875399790.jpg,,https://www.kurly.com/goods/1002110946,kurly
[것플렉스] 두부과자 버라이어티팩 4개입,,간식/디저트,7600,real,,356,21.14,34.82,4.34,22.22,167.0,,,,,"- 밀, 대두, 우유, 계란 함",20,https://product-image.kurly.com/product/image/692a0fa6-5c32-4ac9-9acb-a75934e09341.jpg,,https://www.kurly.com/goods/1000545302,kurly
[배러] 그래놀라 프로틴볼 50g,,간식/디저트,2850,real,,458,20.0,60.0,18.0,18.0,170.0,,,,,"- 우유, 땅콩, 대두, 밀, 돼지고기 함유
*난류(계란), 메밀, 고등어, 게, 새우, 복숭아, 토마토, 아황산류, 호두, 닭고기, 쇠고기, 오징어, 조개류, 잣 혼입 가능",20,https://product-image.kurly.com/product/image/ac386ad4-28d1-4dcf-ab82-823508c0d777.jpg,,https://www.kurly.com/goods/1001485268,kurly
[대상웰라이프] 뉴케어 캔서플랜 30팩,,건강기능식품,59900,real,,121,1.82,12.73,9.09,4.06,121.0,,,,,"- 대두, 우유 함유
- 게, 땅콩, 잣, 호두 혼입가능성 있음
",20,https://product-image.kurly.com/product/image/f99f8c28-07e3-4f1c-aad3-41f6419f703e.jpg,,https://www.kurly.com/goods/5075511,kurly
[대상웰라이프] 뉴케어 딸기맛 30팩,,음료,54900,real,,100,4.0,15.0,3.5,3.0,80.0,,,,,"대두, 우유 함유",20,https://product-image.kurly.com/product/image/0b6cdf46-2c94-4d09-92a4-a60f09b912c5.jpg,,https://www.kurly.com/goods/5152944,kurly
[미주라] 담백한 크래커 2종 (택1),,간식/디저트,6900,real,,480,8.0,68.0,12.0,18.4,320.0,,,,,"- 시리얼 크래커 : 밀, 우유, 대두 함유 / 이 제품은 대두, 계란, 땅콩 및 기타 견과류를 사용한 제품과 같은 제조시설에서 제조하고 있습니다. 
- 프로틴 치아씨드 크래커 : 밀 함유 / 이 제품은 대두, 계란",20,https://product-image.kurly.com/product/image/999d5401-7dea-4d16-9a1a-ec856e1d6bf1.jpg,,https://www.kurly.com/goods/1001737542,kurly
[종근당] 실크 알부민 골드 30병 (+쇼핑백),,기타,49900,real,,47,4.18,7.16,4.24,0.12,32.0,,,,,-원료 성분에 의해 간혹 침전물이 있을 수 있으나 변질이 아니오니 안심하시고 잘 흔들어 드십시오.,20,https://product-image.kurly.com/product/image/5160b1de-4ad1-4fc8-8ebf-4a2dd800b852.jpg,,https://www.kurly.com/goods/1001920897,kurly
[프로상] 유기농 병아리콩 345g,,즉석식품,6500,real,,134,0.5,21.0,7.1,2.4,228.0,,,,,,20,https://product-image.kurly.com/product/image/195fdbb3-5ef8-4c69-9604-d46c764abf69.jpg,,https://www.kurly.com/goods/1001393617,kurly
[조우] No. 9 1++ 한우 도가니탕,,육가공품,15800,real,,53,0.0,0.3,6.2,3.0,24.0,,,,,쇠고기 함유,20,https://product-image.kurly.com/product/image/37b319b4-2ecb-4455-890f-48d2b4e21ccb.jpg,,https://www.kurly.com/goods/1001904531,kurly
[햇반] 라이스플랜 현미귀리곤약밥 150g*3입,,즉석식품,5980,real,,110,0.0,26.0,2.0,0.9,40.0,,,,,,20,https://product-image.kurly.com/product/image/9206ec42-b4d2-491c-b5fb-5afc4030efe3.jpg,,https://www.kurly.com/goods/1001626713,kurly
[진가네반찬] 메추리알 곤약장조림,,기타,5900,real,,92,6.0,9.0,5.0,4.0,790.0,,,,,"- 난류, 대두, 밀 함유
- 땅콩, 고등어,게,새우,돼지고기,호두,닭고기,쇠고기,오징어,조개류(굴 포함)와 같은 시설에서 제조",20,https://img-cf.kurly.com/shop/data/goods/1613620379394l0.jpg,,https://www.kurly.com/goods/5065473,kurly
[김구원선생] 간편한 메밀 곤약면 320g,,즉석식품,4148,real,,21,2.21,5.34,0.4,0.07,388.0,,,,,"이 제품은 알류,땅콩,고등어,게,새우,돼지고기,복숭아,토마토,아황산류,호두,닭고기,쇠고기,오징어,조개류,잣을 사용한 제품과 같은 시설에서 제조하고 있습니다.
밀,대두,우유,메밀 함유",20,https://product-image.kurly.com/product/image/ff6f2c2b-aa05-4aaa-856b-6fd06175c60d.jpg,,https://www.kurly.com/goods/1002141987,kurly
[햇반] 라이스플랜 렌틸콩퀴노아곤약밥 150g*3입,,즉석식품,5980,real,,110,0.0,28.0,3.0,0.8,35.0,,,,,,20,https://product-image.kurly.com/product/image/2b64c69b-6ee2-4dcf-837f-494f87836ce4.jpg,,https://www.kurly.com/goods/1001626709,kurly
[김구원선생] 국산두부 현미곤약밥 3개입,,즉석식품,7500,real,,68,0.0,14.93,1.44,0.91,1.0,,,,,"이 제품은 알류,메밀,밀,고등어,게,새우,돼지고기,복숭아,토마토,아황산류,호두,닭고기,쇠고기,오징어,조개류(굴,전복,바지락,홍합 포함),잣을 사용한 제품과 같은 시설에서 제조하고 있습니다.",20,https://product-image.kurly.com/product/image/0f18e43d-3019-4365-ba8e-36566b9508eb.jpg,,https://www.kurly.com/goods/1001820060,kurly
[햇반] 라이스플랜 병아리콩퀴노아곤약밥 150g*3입,,즉석식품,5980,real,,110,0.0,26.0,2.0,1.0,30.0,,,,,,20,https://product-image.kurly.com/product/image/4604ebc5-0685-4ec2-b57f-f39431bd4f0b.jpg,,https://www.kurly.com/goods/1001626707,kurly
[그로서리서울] 곤약쫀드기 인절미 (10개입),,간식/디저트,8900,real,,348,32.96,71.54,8.01,3.33,561.0,,,,,"- 밀, 대두 함유",20,https://product-image.kurly.com/product/image/cae338b7-02c9-4e30-ada4-21a3f9f6dc24.jpg,,https://www.kurly.com/goods/1000914346,kurly
[도시곳간] 참깨닭가슴살곤약무침,,육가공품,4590,real,,75,0.83,4.17,5.0,5.0,133.0,,,,,"- 대두, 밀, 난류(계란), 닭고기 함유",20,https://product-image.kurly.com/product/image/1772a05d-d967-4e2a-9d24-5e15a490f518.jpg,,https://www.kurly.com/goods/1002131690,kurly
[그로서리서울] 곤약쫀드기 츄러스 (10개입),,간식/디저트,8900,real,,334,20.0,73.0,6.0,1.6,539.0,,,,,"-밀, 대두 함유
*알류(계란), 우유, 쇠고기, 닭고기, 토마토, 조개류(굴, 바지락, 홍합 포함)를 사용한 제품과 같은 제조시설에서 제조",20,https://product-image.kurly.com/product/image/5f99e00e-5ea2-48db-b94c-de441355f814.jpg,,https://www.kurly.com/goods/5149032,kurly
[햇반] 라이스플랜 귀리흑미 곤약밥 150g*24입,,즉석식품,41900,real,,153,0.67,34.0,2.0,0.93,7.0,,,,,,20,https://product-image.kurly.com/product/image/f37b6ef9-0127-4495-b72e-90b508cc342c.jpg,,https://www.kurly.com/goods/1001626715,kurly
[청정원] 그레인보우 스리라차 치킨 (2개입),,기타,5980,real,,130,1.5,20.5,7.0,2.5,255.0,,,,,"밀, 대두, 닭고기, 조개류(굴) 함유",20,https://product-image.kurly.com/product/image/d8973ac1-b69f-4049-8bb3-4033cfdde3ed.jpg,,https://www.kurly.com/goods/1001445118,kurly
[오뚜기] 가뿐한끼 촉촉탱글 닭가슴살 핫도그 375g(75gX5개입),,육가공품,6780,real,,260,10.67,32.0,12.0,9.33,393.0,,,,,"- 밀, 우유, 닭고기, 대두, 계란 함유
- 돼지고기, 토마토, 아황산류, 호두, 쇠고기, 조개류(굴), 잣 혼입가능",20,https://product-image.kurly.com/product/image/37b87cb2-352b-4d9f-a1af-ebfee983c222.jpg,,https://www.kurly.com/goods/1001422287,kurly
[마음이가] 쑥 현미 가래떡 500g (개별 포장),,간식/디저트,6500,real,,186,0.0,39.21,4.14,1.4,156.0,,,,,"-이 제품은 대두, 계란, 우유, 땅콩, 호두, 밀을 사용한 제품과 같은 제조시설에서 제조",20,https://img-cf.kurly.com/shop/data/goods/159193989421l0.jpg,,https://www.kurly.com/goods/5051024,kurly
[오뚜기] 가뿐한끼 고단백 닭가슴살 브리또 매콤불닭 500g(125gx4개입),,육가공품,13920,real,,310,3.0,28.0,15.0,15.0,500.0,,,,,"- 밀, 대두, 우유, 토마토, 쇠고기, 닭고기, 조개류(굴) 함유
- 알류, 땅콩, 돼지고기, 고등어, 아황산류, 조개류(전복, 홍합 포함), 메밀, 게, 새우, 복숭아, 호두, 오징어, 잣 혼입가능",20,https://product-image.kurly.com/product/image/108023f3-81dd-47d6-b016-5175031ddd34.jpg,,https://www.kurly.com/goods/1002103707,kurly
[햇반] 라이스플랜 렌틸콩현미밥 190g*4입,,즉석식품,8980,real,,145,0.91,32.73,3.64,0.82,0.0,,,,,"이 제품은 알류,우유,돼지고기,쇠고기,조개류(굴,전복,홍합 포함),메밀,땅콩,고등어,게,새우,복숭아,토마토,아황산류,호두,닭고기,오징어,잣,대두,밀을 사용한 제품과 같은 제조시설에서 제조하고 있습니다.",20,https://product-image.kurly.com/product/image/25b6f477-df80-49ca-867b-e657b4aa35b9.jpg,,https://www.kurly.com/goods/1001171771,kurly
[햇반] 파로 닭가슴살 계란 볶음밥 (컵타입),,육가공품,4400,real,,128,0.62,15.69,12.0,1.85,127.0,,,,,"이 제품은 메밀, 땅콩, 고등어, 게, 새우, 복숭아, 토마토, 아황산류, 호두, 오징어, 잣을 사용한 제품과 같은 제조시설에서 제조하고 있습니다.",20,https://product-image.kurly.com/product/image/fcd8e0ff-627a-475a-bdc9-e2ab45e03c64.png,,https://www.kurly.com/goods/1002069070,kurly
[동원] 참치 마이플랜트 100g,,즉석식품,3980,real,,175,8.0,23.0,6.0,7.0,890.0,,,,,"- 대두, 밀 함유",20,https://product-image.kurly.com/product/image/d23366c6-5b27-42de-86ee-84ea3015108f.jpg,,https://www.kurly.com/goods/1001084582,kurly
[동원] Dole 워터젤리 망고 130ml X 10개입,,음료,14980,real,,104,18.46,26.15,0.0,0.0,19.0,,,,,"* 우유, 메밀, 대두, 밀, 복숭아, 토마토, 달걀 혼입 가능",20,https://product-image.kurly.com/product/image/8362eb1f-8d30-455e-8f22-27dd06b92cbd.jpg,,https://www.kurly.com/goods/1001421313,kurly
[라이틀리] 곤약즉석밥 호라산밀 140g*10개,,즉석식품,25800,real,,100,0.0,22.14,2.86,0.71,0.0,,,,,"우유.대두.달걀.땅콩.잣.호두.게.새우.고등어.조개류(굴,전복,홍합,포함).복숭아.닭고기.돼지고기.쇠고기.토마토.아황산류 혼입가능",20,https://product-image.kurly.com/product/image/fc976ff8-b993-417b-a434-5d612a6bcb9b.jpg,,https://www.kurly.com/goods/1001493111,kurly
[동원] Dole 워터젤리 복숭아 130ml X 10개입,,음료,14980,real,,73,12.67,18.67,0.0,0.0,20.0,,,,,"- 복숭아 포함
* 우유, 메밀, 대두, 밀, 복숭아, 토마토, 달걀 혼입 가능",20,https://product-image.kurly.com/product/image/3bbc764f-7d95-4418-b3cd-d8e18d2a57e6.jpg,,https://www.kurly.com/goods/1001421316,kurly
[키토케토] 피넛 MCT 크런치,,기타,7500,real,,579,3.41,42.09,13.11,39.83,53.0,,,,,"*특이체질, 알레르기 체질의 경우에는 개인에 따라 과민 반응을 나타낼 수 있으므로 원료를 확인 후 섭취 바랍니다.",20,https://product-image.kurly.com/product/image/2ad022d7-26c2-450e-9717-0a3d1094d11b.jpg,,https://www.kurly.com/goods/1002181251,kurly
[더닐크팩토리] 100% 아몬드 스프레드 오리지널 120g,,조미료/소스,15000,real,,569,55.2,55.2,3.5,36.6,10.0,,,,,"- 알류, 우유, 메밀, 호두, 땅콩, 잣, 대두, 밀, 고등어, 게, 새우, 돼지고기. 복숭아, 토마토, 아황산류, 닭고기, 쇠고기, 오징어, 조개류 혼입 가능",20,https://product-image.kurly.com/product/image/dce87d46-ace3-4904-acbc-fc2436f745f4.jpg,,https://www.kurly.com/goods/5003517,kurly
[곡물도감] 식이섬유 가득 비움두유 (180mL X 15개),,음료,32900,real,,50,1.1,9.79,3.5,1.5,58.0,,,,,"*대두 함유
본 제품은 우유, 메밀, 땅콩, 밀, 토마토, 잣, 복숭아, 호두를 사용한 제품과 같은 제조 시설에서 제조
",20,https://product-image.kurly.com/product/image/9069ead9-0c56-4a9b-9d8c-8ee36e8f3969.jpg,,https://www.kurly.com/goods/1001031989,kurly
[매일] 맘스앱솔루트 식이섬유주스(200mL*24입),,음료,30800,real,,55,10.0,14.5,0.0,0.25,23.0,,,,,"* 본 제품은 우유, 대두, 땅콩, 달걀, 토마토, 복숭아, 호두를 사용한 제품과 같은 제조시설에서 제조하고 있습니다.",20,https://product-image.kurly.com/product/image/a4d8eef7-fddb-463a-ae2e-4066dbfb4067.png,,https://www.kurly.com/goods/1002136269,kurly
[대상웰라이프] 헤이N 100% 유기농 푸룬즙 2종 (택1),,음료,7900,real,,76,13.84,18.02,0.56,0.23,8.0,,,,,"알류(가금류), 우유, 메밀, 땅콩, 대두, 밀, 고등어, 게, 새우, 돼지고기, 복숭아, 토마토, 아황산류, 호두, 닭고기, 쇠고기, 오징어, 조개류(굴, 전복, 홍합 포함), 잣의 혼입 가능성 있음.",20,https://product-image.kurly.com/product/image/135b2064-5c35-4198-b271-c10f843a4688.jpg,,https://www.kurly.com/goods/1001509199,kurly
[이야이야앤프렌즈] 유기농 NFC 레몬즙 스틱형 (25mlx15포),,음료,30000,real,,17,1.43,2.86,0.48,0.33,0.0,,,,,,20,https://product-image.kurly.com/product/image/0c6a70f6-251c-43c7-821d-163353515e2f.jpg,,https://www.kurly.com/goods/1001802845,kurly
[올핏] 올리브레몬샷 14개입,,음료,29900,real,,305,35.0,37.0,1.0,17.0,25.0,,,,,,20,https://product-image.kurly.com/product/image/6217ba25-94c5-4acc-9e73-402022232d43.jpg,,https://www.kurly.com/goods/1001573298,kurly
[베지밀] 5060시니어 두유 (190mL X 16개),,음료,12900,real,,63,3.95,5.79,3.16,3.16,53.0,,,,,"- 대두 함유
* 달걀,우유,메밀,땅콩,밀,토마토,복숭아,호두,잣 혼입 가능",20,https://product-image.kurly.com/product/image/51fd28ce-9079-4862-b3ac-a205ebe215da.png,,https://www.kurly.com/goods/1000317735,kurly
[이롬] 황성주 국산콩 고칼슘 두유 (190mL X 16개),,음료,11900,real,,32,0.21,1.58,2.11,1.74,63.0,,,,,"-대두, 땅콩, 호두, 잣 함유
-이 제품은 토마토, 메밀, 밀, 우유를 사용한 제품과 같은 시설에서 제조",20,https://img-cf.kurly.com/shop/data/goods/1612145093728l0.jpg,,https://www.kurly.com/goods/5047963,kurly
[조은보담] 슬림핏 호박스틱 14포,,건강기능식품,10900,real,,120,16.08,29.0,1.02,0.01,12.0,,,,,,20,https://product-image.kurly.com/product/image/0dbe45cd-62e1-4598-a6b1-5d978398e21d.jpg,,https://www.kurly.com/goods/1000442588,kurly
[대상웰라이프] 헤이 레몬 100% 유기농 레몬즙 50포,,음료,25900,real,,100,10.0,25.0,0.0,0.0,0.0,,,,,"- 알류(가금류), 우유, 메밀, 땅콩, 대두, 밀, 고등어, 게, 새우, 돼지고기, 복숭아, 토마토, 아황산류, 호두, 닭고괴, 쇠고기, 오징어, 조개류(굴, 전복, 홍합 포함), 잣의 혼입 가능성 있음.",20,https://product-image.kurly.com/product/image/44821670-4635-440b-98d6-5d5c9657d0fb.jpg,,https://www.kurly.com/goods/1001055114,kurly
[자임] 하루하나 유기농 레몬즙 14포,,음료,8900,real,,33,1.89,6.95,0.75,0.2,8.0,,,,,,20,https://product-image.kurly.com/product/image/84275a97-8880-4671-ba43-dfeff974ab09.jpg,,https://www.kurly.com/goods/1000750399,kurly
[올핏] 유기농 레몬즙&올리브유 올인원 루틴팩 (7포+7포),,조미료/소스,9900,real,,27,1.6,6.4,0.4,0.0,0.0,,,,,"※ 이 제품은 알류, 우유, 메밀, 땅콩, 대두, 밀, 고등어, 게, 새우, 돼지고기, 복숭아, 토마토, 호두, 닭고기, 쇠고기, 오징어, 조개류(굴, 전복, 홍합 포함), 잣을 사용한 제품과 같은 제조 시설에서 제",20,https://product-image.kurly.com/product/image/259a9fff-3900-4f22-b97e-c1b1bb282204.jpg,,https://www.kurly.com/goods/1001400881,kurly
[메디트리] 콤부 파인애플 효소 30포,,기타,9900,real,,384,53.07,84.12,11.27,0.25,173.0,,,,,,20,https://product-image.kurly.com/product/image/0063abc5-9998-4947-8cfb-bbc2648d66fa.jpg,,https://www.kurly.com/goods/1001032008,kurly
[사노셀] 유기농 애플사이다비니거 스틱 18ml x 20포,,음료,15900,real,,20,1.9,4.1,0.5,0.2,46.0,,,,,"임산부, 수유부, 특이체질 및 알레르기 체질의 경우 성분을 확인하신 후 섭취하십시오
내용물이 변질 되었을 경우에는 음용하지 마십시오",20,https://product-image.kurly.com/product/image/19ad0043-ac06-4ff7-85ff-da8cb0b95159.jpg,,https://www.kurly.com/goods/1000806141,kurly
[테일러] 유기농 푸룬 착즙주스 946mL,,음료,11980,real,,78,10.0,19.0,0.7,0.0,27.0,,,,,,20,https://product-image.kurly.com/product/image/750f0763-72f0-4a1a-9f31-2bdde7d3af78.jpg,,https://www.kurly.com/goods/5045830,kurly
[남양] 몸이 가벼워지는 시간 17차 (500mL X 6개),,음료,5150,real,,0,0.0,0.0,0.0,0.0,10.0,,,,,"- 메밀 함유
* 우유,대두,땅콩,밀,토마토,복숭아,호두 혼입 가능",20,https://product-image.kurly.com/product/image/c1415298-2569-4e1f-a104-e001aa031215.jpg,,https://www.kurly.com/goods/1000216222,kurly
[김재식헬스푸드] 호박씨호박즙 30포,,음료,23640,real,,25,4.0,5.0,1.0,0.0,15.0,,,,,"본제품은 토마토,대두를 사용한 제품과 같은 시설에서 제조하고 있습니다.",20,https://img-cf.kurly.com/shop/data/goods/1658302803639l0.jpg,,https://www.kurly.com/goods/5151750,kurly
[비타그란] 유기농 레몬즙 14포,,기타,7900,real,,31,1.3,6.9,0.3,0.2,1.0,,,,,,20,https://product-image.kurly.com/product/image/cf2bffce-ca8f-4b8b-b3ce-2d94f22dc669.jpg,,https://www.kurly.com/goods/1002164909,kurly
[닥터린] 알파CD 원데이 핏 14포,,기타,11900,real,,373,3.33,92.45,0.21,0.28,6.0,,,,,"알레르기, 특이체질이신 경우 성분 확인 후 섭취하시기 바랍니다.",20,https://product-image.kurly.com/product/image/53f46c3d-cbe9-4964-8983-a6071c48e073.jpg,,https://www.kurly.com/goods/1001434031,kurly
[푸드버킷] 국산유기농100% 유기농양배추즙 100mL 30포,,음료,15400,real,,15,2.0,3.0,0.0,0.0,10.0,,,,,,20,https://product-image.kurly.com/product/image/faeed16c-a140-4c02-bdb4-75020ab2ba5f.jpg,,https://www.kurly.com/goods/1001563351,kurly
[올핏] 유기농 엑스트라 버진 올리브 오일 (14포),,조미료/소스,13900,real,,837,0.0,0.0,0.0,93.0,0.0,,,,,"※ 이 제품은 알류(가금류),우유,메밀,땅콩,대두,밀고등어,게,새우,돼지고기,복숭아,토마토,호두,닭고기,쇠고기,오징어,조개류(굴,전복,홍합 포함), 잣을 사용한 제품과 같은 제조시설에서 제조하고 있습니다.",20,https://product-image.kurly.com/product/image/5d873121-bb72-4307-ba05-850b97bd1b29.jpg,,https://www.kurly.com/goods/1001400876,kurly
[홀베리] 아사이베리 퓨레 14포,,음료,16900,real,,85,0.0,4.0,1.0,7.0,10.0,,,,,"*특이체질, 알레르기 체질의 경우에는 개인에 따라 과민 반응을 나타낼 수 있으므로 원료를 확인 후 섭취 바랍니다.",20,https://product-image.kurly.com/product/image/830d9775-d703-4997-be9f-cad97d1a33f1.jpg,,https://www.kurly.com/goods/1002224612,kurly
[티젠] 보이차 추출분말 2종 (택1),,음료,5300,real,,0,0.0,0.0,0.0,0.0,0.0,,,,,,20,https://product-image.kurly.com/product/image/41566483-a772-4958-bb4e-03382b25179f.jpg,,https://www.kurly.com/goods/1001150165,kurly
[서주] 꿀을 그릭다바 (70mL X 10개),,간식/디저트,6630,real,,157,17.14,24.29,1.11,6.0,71.0,,,,,- 우유 함유,20,https://product-image.kurly.com/product/image/6d9092e0-74d8-4373-8aa7-d3cc5024ef21.jpg,,https://www.kurly.com/goods/1001626416,kurly
[건강한약속 바른] 바른곡물효소 100포,,기타,30900,real,,401,31.18,75.2,14.51,4.7,156.0,,,,,"*우유,대두,밀,아황산류 함유",20,https://img-cf.kurly.com/shop/data/goods/1651641481940l0.jpg,,https://www.kurly.com/goods/5132115,kurly
[이영애의 건강미식] 카무트 브랜드밀 효소골드 30포,,기타,25300,real,,390,19.0,73.5,16.5,3.3,78.0,,,,,"※ 대두, 우유, 밀 함유",20,https://product-image.kurly.com/product/image/54b040da-8885-4a2e-8439-5c5d4ac689fd.jpg,,https://www.kurly.com/goods/1000678675,kurly
[낫띵베럴] 드링킷 유기농 호박즙 24포,,음료,24900,real,,29,4.29,5.71,0.71,0.0,7.0,,,,,,20,https://product-image.kurly.com/product/image/24ac8072-b734-4d1b-8879-1257c43866c9.jpg,,https://www.kurly.com/goods/5151782,kurly
[대상웰라이프] 애사비 쏙 구미 60개입,,기타,26900,real,,359,49.93,89.33,0.19,0.11,247.0,,,,,"- 토마토 함유
- 알류(가금류), 우유, 메밀, 땅콩, 대두, 밀, 고등어, 게, 새우, 돼지고기, 복숭아, 아황산류, 호두, 닭고기, 쇠고기, 오징어, 조개류(굴, 전복, 홍합 포함), 잣 혼입 가능성 있음",20,https://product-image.kurly.com/product/image/e39a7595-569d-411d-a4bd-41e77698b285.jpg,,https://www.kurly.com/goods/1001145655,kurly
[뉴트리원] 비비랩 파로 효소 밸런스 20포,,기타,11900,real,,397,0.08,71.24,17.29,4.78,110.0,,,,,"* 우유, 대두, 밀, 복숭아 함유",20,https://product-image.kurly.com/product/image/0a2cbc00-8062-485b-bb94-91d3d149a1e2.jpg,,https://www.kurly.com/goods/1001562855,kurly
[그레이스] 블루베리 퓨레 100 14포,,음료,17000,real,,45,5.0,10.0,0.0,0.0,0.0,,,,,"본 제품은 알류(가금류), 우유, 메밀, 땅콩, 대두, 밀, 고등어, 게, 새우, 돼지고기, 복숭아, 토마토, 호두, 닭고기, 쇠고기, 오징어, 조개류(굴, 홍합), 잣을 사용한 제품과 같은 제조시설에서 제조하고 있",20,https://product-image.kurly.com/product/image/0742926e-be54-408c-9967-4a5b21897066.jpg,,https://www.kurly.com/goods/1001868451,kurly
[신세계푸드] 참치야채 오트밀죽 300g,,즉석식품,3980,real,,76,0.71,13.93,2.41,1.18,208.0,,,,,"-대두, 밀, 새우, 닭고기, 쇠고기, 오징어, 조개류(굴,홍합,바지락) 함유 ",20,https://product-image.kurly.com/product/image/fada1d02-df9c-48f4-9e84-76f5cdfd0258.jpg,,https://www.kurly.com/goods/1001640857,kurly
[청정원] 유기농황설탕 454g,,조미료/소스,5080,real,,400,100.0,100.0,0.0,0.0,0.0,,,,,하단표시사항 참조,20,https://product-image.kurly.com/product/image/0a6256ad-6c31-4f03-8c4d-80aafa80aedf.jpg,,https://www.kurly.com/goods/1002051740,kurly
[블루스카이] 유기농 아가베시럽 엑스트라 라이트 330g,,조미료/소스,5500,real,저당류,300,80.0,80.0,0.0,0.0,50.0,,,,,,20,https://product-image.kurly.com/product/image/e6da265b-26f1-41ed-974c-bdaa1b320105.jpg,,https://www.kurly.com/goods/1000956647,kurly
[켈로그] 콘푸로스트 라이트 530g,,간식/디저트,5150,real,저당류,373,16.67,89.0,6.0,0.0,480.0,,,,,"- 대두 함유
* 밀, 우유, 아몬드, 쇠고기 혼입 가능",20,https://product-image.kurly.com/product/image/3354b32a-31bf-45af-9ffc-04761f2b1e5e.png,,https://www.kurly.com/goods/1001417890,kurly
[이타자]유기농 황설탕 2종 (400g/1kg),,조미료/소스,3900,real,,400,100.0,100.0,0.0,0.0,0.0,,,,,,20,https://product-image.kurly.com/product/image/b54fe544-b1e7-4210-b444-0aad2e73b72f.jpg,,https://www.kurly.com/goods/1001738432,kurly
[동원] 리챔 더블라이트 300gX3,,즉석식품,20980,real,저당류,230,1.0,2.0,15.0,18.0,480.0,,,,,"- 돼지고기, 쇠고기 함유",20,https://product-image.kurly.com/product/image/6ea69b92-ef0f-4fe4-8be3-87c223efd902.jpg,,https://www.kurly.com/goods/1001084589,kurly
[동원] 리챔 더블라이트 200g 2종 (택1)(3캔/6캔),,즉석식품,14480,real,저당류,230,1.0,2.0,15.0,18.0,480.0,,,,,"- 돼지고기, 쇠고기 함유",20,https://product-image.kurly.com/product/image/e1cc6e58-d15a-4189-9934-a8089b281646.jpg,,https://www.kurly.com/goods/1001084587,kurly
[동원] 라이트스탠다드 250g,,즉석식품,4790,real,저당류,144,0.0,1.48,19.26,6.67,252.0,,,,,,20,https://product-image.kurly.com/product/image/74861173-170e-4d54-a880-44d1facac231.jpg,,https://www.kurly.com/goods/1002063898,kurly
[블루보틀] 나이트 라이트 디카페인 원두 250g,,음료,26000,real,저당류,431,0.0,63.7,13.7,13.5,3.0,,,,,,20,https://product-image.kurly.com/product/image/36179ac0-0738-4e09-8737-4d7fa3802458.jpg,,https://www.kurly.com/goods/1000044758,kurly
[질러] 부드러운 라이트 육포 30g,,육가공품,3080,real,저당류,283,13.33,23.33,40.0,3.33,1133.0,,,,,"- 대두, 밀, 쇠고기 함유
* 우유, 아황산류, 닭고기, 오징어, 조개류(굴, 홍합 포함) 혼입 가능",20,https://product-image.kurly.com/product/image/d02b3636-96d6-4b3f-b2ee-0c2cb545c202.jpg,,https://www.kurly.com/goods/1002064612,kurly
[켈로그] 콘푸로스트 다크초코 시리얼 550g,,간식/디저트,5520,real,,387,31.0,88.0,5.0,2.67,430.0,,,,,"- 대두 함유
- 밀, 우유, 아몬드, 쇠고기 혼입 가능",20,https://product-image.kurly.com/product/image/3d59d2ea-565d-4a94-90ea-722ad0e2b07b.jpg,,https://www.kurly.com/goods/1000814679,kurly
[풀무원] 지구식단 라이트 불고기 브리또 (110gX3개입),,육가공품,9600,real,저당류,256,31.46,45.51,8.99,5.06,346.0,,,,,"- 대두, 밀 함유",20,https://product-image.kurly.com/product/image/e3976ab8-f48e-4a12-9bdc-09893340a33d.png,,https://www.kurly.com/goods/1002043612,kurly
[켈로그] 스페셜K 오리지널 480g,,간식/디저트,9780,real,,380,20.0,79.0,15.0,0.5,400.0,,,,,,20,https://img-cf.kurly.com/shop/data/goods/1605227970647l0.jpg,,https://www.kurly.com/goods/5061968,kurly
[뷰티끄랩이너뷰티] 베르가못 슬림샷 라이트 스틱 10포,,음료,7900,real,저당류,103,11.47,22.23,1.82,0.72,4.0,,,,,,20,https://product-image.kurly.com/product/image/3dec317b-dd0f-4d3c-a2ea-866dd06a6080.jpg,,https://www.kurly.com/goods/1001818330,kurly
[동원] 통그릴 더블라이트 비엔나260g*2,,육가공품,8980,real,저당류,217,3.33,3.33,13.33,16.67,467.0,,,,,"- 돼지고기, 쇠고기, 대두, 밀, 게 함유  ",20,https://product-image.kurly.com/product/image/d7c5854f-ca18-432f-bddb-2ac9f46e8b40.jpg,,https://www.kurly.com/goods/1002069617,kurly
[휠라키즈] (26SS)GGUMI LIGHT RAINBOW (FK261CD01X016_66,,기타,79900,real,,430,0.0,63.7,13.7,13.5,3.0,,,,,,20,https://3p-image.kurly.com/files/c432bf1f-dde5-4f3c-b296-7d1198c3304e/05855dcc-b1f4-4c6c-b4e0-8dce82bb530e.jpg,,https://www.kurly.com/goods/1002256964,kurly
[휠라키즈] (26SS)GGUMI LIGHT RAINBOW (FK261CD01X016_10,,기타,79900,real,,430,0.0,63.7,13.7,13.5,3.0,,,,,,20,https://3p-image.kurly.com/files/c432bf1f-dde5-4f3c-b296-7d1198c3304e/edd44e23-e8d6-4f93-928e-6ef2bb8a058a.jpg,,https://www.kurly.com/goods/1002258422,kurly
[오뚜기] 가벼운참치 야채 (135GX4),,즉석식품,9900,real,,96,4.44,9.63,11.11,1.41,444.0,,,,,"- 대두, 밀, 토마토 함유
* 계란, 우유, 메밀, 땅콩, 고등어, 게, 새우, 돼지고기, 복숭아, 호두, 닭고기, 쇠고기, 오징어, 조개류(전복, 홍합 포함), 잣 혼입가능",20,https://img-cf.kurly.com/shop/data/goods/1653556292827l0.jpg,,https://www.kurly.com/goods/5136182,kurly
[오뚜기] LIGHT&JOY 당을줄인컵누들 매콤찜닭맛 45G*6입,,주식/면류,8980,real,,300,5.56,64.44,2.22,4.67,1111.0,,,,,하단 표시사항 참조,20,https://product-image.kurly.com/product/image/3ddb5e3c-5032-4934-ad75-755c71ec290f.jpg,,https://www.kurly.com/goods/1002313735,kurly
[당쉼] 바나바잎 여주 돼지감자차 500mL 2종 (택1),,음료,2400,real,,12,2.0,3.0,0.0,0.0,0.0,,,,,,20,https://product-image.kurly.com/product/image/8cc5f3f6-e049-4a4c-a480-185b8c31d785.jpg,,https://www.kurly.com/goods/1001190035,kurly
[성진] 인절미 콩가루,,조미료/소스,4800,real,,444,10.0,34.49,34.17,18.78,525.0,,,,,"-대두함유
-이 제품은 밀,메밀을 사용한 제품과 같은 시설에서 제조하고 있습니다.",20,https://img-cf.kurly.com/shop/data/goods/1617347430717l0.jpg,,https://www.kurly.com/goods/5069047,kurly
[갓지은] 모듬영양찰떡  (50g X 8개입),,간식/디저트,11900,real,,242,7.0,50.0,7.0,2.0,583.0,,,,,"- 대두, 이산화황 함유
* 알류, 우유, 메밀, 땅콩, 밀, 게, 새우, 아황산류, 호두, 잣 혼입가능",20,https://product-image.kurly.com/product/image/58ff9d5e-a119-4636-8f8f-eca55bf41096.jpg,,https://www.kurly.com/goods/1001547880,kurly
[배대감] 임금님표 이천쌀로 만든 국산 고단백 미숫가루 500g,,조미료/소스,7990,real,,421,1.8,71.4,17.1,7.4,110.0,,,,,"대두, 땅콩 함유
이 제품은 메밀, 밀, 호두, 우유를 사용한 제품과 같은 제조시설에서 제조하고 있습니다. ",20,https://product-image.kurly.com/product/image/7cfc9f35-078d-40b5-a0bc-86a123b039c6.jpg,,https://www.kurly.com/goods/1001468149,kurly
[씨알로] 79콘 요구르트바 (25g X 12개입) ,,간식/디저트,10900,real,,409,24.73,76.61,5.67,8.88,143.0,,,,,"- 이 제품은 알류(가금유), 메밀, 땅콩, 밀, 고등어, 게, 새우, 돼지고기, 복숭아, 토마토, 아황산류, 호두, 닭고기, 쇠고기, 오징어, 조개류(굴, 전복, 홍합 포함), 잣을 사용한 제품과 같은 라인에서 제",20,https://product-image.kurly.com/product/image/9c34a053-f470-4ac7-a543-6de973978235.jpg,,https://www.kurly.com/goods/1002173530,kurly
[뉴트리코어] 철갑상어 뮤코다당단백 콘드로이친 K (30일분),,기타,69000,real,,389,27.78,55.56,27.78,0.0,972.0,,,,,"- 이 제품은 알레르기 발생 가능성이 있는 메밀, 땅콩, 대두, 밀, 고등어, 게, 새우, 돼지고기, 복숭아, 토마토, 아황산류, 호두, 닭고기, 쇠고기, 오징어, 조개류(굴, 전복 포함), 잣을 사용한 제품과 같은",20,https://product-image.kurly.com/product/image/341def7f-2c16-4931-a238-916c5da3739b.jpg,,https://www.kurly.com/goods/1000134195,kurly
[풀무원] 특등급 국산콩 두부칩 오리지널 40g,,간식/디저트,2580,real,,546,16.0,58.0,10.0,30.0,360.0,,,,,"- 밀, 대두, 알류 함유
* 우유, 메밀, 땅콩, 고등어, 게, 새우, 돼지고기, 복숭아, 토마토, 아황산류, 호두, 닭고기, 쇠고기, 오징어, 잣, 조개류(굴, 전복, 홍합 포함) 혼입가능 ",20,https://product-image.kurly.com/product/image/61658f2a-0c63-443b-b214-ae3f2c5d05f1.jpg,,https://www.kurly.com/goods/1001937062,kurly
[풀무원] 특등급 국산콩 두부칩 감자 40g,,간식/디저트,2580,real,,360,12.0,42.0,8.0,18.0,360.0,,,,,"-밀, 대두, 알류 함유
* 우유, 메밀, 땅콩, 고등어, 게, 새우, 돼지고기, 복숭아, 토마토, 아황산류, 호두, 닭고기, 쇠고기, 오징어, 잣, 조개류(굴, 전복, 홍합 포함) 혼입가능",20,https://product-image.kurly.com/product/image/55477961-bd2e-4a21-8a87-29e96eb06bc8.jpg,,https://www.kurly.com/goods/1001937064,kurly
[에덴] 스파클링 애플 주스 2종 (275mL X 6개),,음료,11800,real,,52,13.0,13.0,0.0,0.0,0.0,,,,,,20,https://product-image.kurly.com/product/image/8fc055e4-9488-4bb7-9aac-a7da2618bed7.jpg,,https://www.kurly.com/goods/5160026,kurly
[헬카페] 디카페인 콜드브루 200mL,,음료,7000,real,,15,0.0,2.0,1.0,0.47,0.0,,,,,,20,https://img-cf.kurly.com/shop/data/goods/1617246351758l0.jpg,,https://www.kurly.com/goods/5061416,kurly
[기꼬만] 토쿠센 마루다이쥬 겐넨 간장 (저염),,조미료/소스,8780,real,,113,14.67,16.0,10.0,0.0,3147.0,,,,,"※ 밀, 대두, 우유 함유",20,https://product-image.kurly.com/product/image/6719eb02-ea10-45b3-8102-82e6767a5531.jpg,,https://www.kurly.com/goods/1000144339,kurly
[홍영의] 붉은대게 백간장 500ml,,조미료/소스,9980,real,,14,0.16,1.59,1.88,0.0,5737.0,,,,,"- 대두, 게 함유
- 본 제품은 새우, 오징어, 조개류(굴, 전복, 홍합 포함)를 사용한 제품과 같은 시설에서 제조하고 있습니다.",20,https://product-image.kurly.com/product/image/5d8d7977-3ca9-4a03-afe9-afc128f560ac.jpg,,https://www.kurly.com/goods/5105800,kurly
[대천김] 짜지 않은 재래김 16개입,,수산가공품,5900,real,,600,0.0,0.0,50.0,50.0,550.0,,,,," - 본 제품은 대두, 밀, 토마토, 소고기를 사용한 제품과 같은 제조시설에서 제조",20,https://product-image.kurly.com/product/image/87735edb-6476-402b-ae18-930f708dab6f.jpg,,https://www.kurly.com/goods/1000192366,kurly
[청정원] 염도 낮춘 발효 다시마 간장840ml,,조미료/소스,8780,real,,60,9.0,9.0,6.0,0.0,4520.0,,,,,"대두, 밀 함유
*게, 새우, 쇠고기, 닭고기, 조개류(굴) 성분 혼입 가능",20,https://img-cf.kurly.com/shop/data/goods/1657802308133l0.jpg,,https://www.kurly.com/goods/5156588,kurly
[고래사] 순살가득 하얀 사각어묵                ,,수산가공품,4500,real,,134,5.5,17.3,12.7,1.6,676.0,,,,,- 대두 함유,20,https://product-image.kurly.com/product/image/402f732c-0b39-43ae-95e9-6b630b8e5fd7.jpg,,https://www.kurly.com/goods/1001459500,kurly
[그리팅키즈] 촉촉 소불고기 180g,,조미료/소스,6500,real,,113,3.83,11.83,7.83,3.78,320.0,,,,,"대두, 밀, 쇠고기 함유 / 본 제품은 난류, 우유, 메밀, 땅콩, 고등어, 게, 새우, 돼지고기, 복숭아, 토마토, 아황산류, 호두, 닭고기, 오징어, 조개류(굴, 전복, 홍합 포함), 잣을 사용하는 제품과 같은 ",20,https://product-image.kurly.com/product/image/e16f2f62-f250-441d-bf15-3045403e0fe3.jpg,,https://www.kurly.com/goods/1001310605,kurly
[바다원] 어린이 김자반 40g,,수산가공품,2790,real,,605,6.4,32.4,14.0,46.8,1351.0,,,,,"- 본 제품은 땅콩, 대두, 게, 새우, 호두, 조개류(굴, 전복,홍합 포함), 잣, 오징어를 사용한 제품과 같은 제조시설에서 제조",20,https://product-image.kurly.com/product/image/4573e54a-ce75-4097-805d-f48eaed6d0b8.jpg,,https://www.kurly.com/goods/5051728,kurly
[존쿡 델리미트] 나트륨을 줄인 마일드 베이컨 120g,,육가공품,4980,real,,280,1.0,5.0,16.0,22.0,360.0,,,,,"- 돼지고기 함유
- 이 제품은알류, 우유, 메밀, 땅콩, 대두, 밀, 고등어, 게, 새우, 복숭아, 토마토, 아황산류, 호두, 닭고기, 쇠고기, 오징어, 조개류, 잣을 사용한 제품과 같은 제조시설에서 제조하고 있습",20,https://product-image.kurly.com/product/image/5a697838-9ab5-4cd3-a3c7-387946d4801d.jpg,,https://www.kurly.com/goods/1000490527,kurly
[청정원] 햇살담은 장조림간장소스 1.7L,,조미료/소스,11880,real,,85,13.0,19.0,2.0,0.0,980.0,,,,,하단 표시사항 참조,20,https://product-image.kurly.com/product/image/0f32a660-19e1-43de-a8a5-6ecd026da0da.jpg,,https://www.kurly.com/goods/1002051615,kurly
[테라오카] 계란에 뿌려먹는 간장,,조미료/소스,5980,real,,237,20.59,36.48,7.96,6.57,4676.0,,,,,"- 대두, 밀, 조개류(굴) 함유
- 계란, 우유, 고등어, 새우, 돼지고기와 같은 시설에서 생산",20,https://img-cf.kurly.com/shop/data/goods/1479893759103l0.jpg,,https://www.kurly.com/goods/5004894,kurly
[만전김] 쉽게 뿌려먹는 김자반 40g,,수산가공품,2980,real,,528,5.0,35.0,17.5,40.0,1178.0,,,,,,20,https://product-image.kurly.com/product/image/1c9a1d42-5ca7-428d-a574-0f5c1752742b.jpg,,https://www.kurly.com/goods/5026854,kurly
[덕화명란] MSC인증 한끼 한포 명란 200g,,기타,15500,real,,101,0.0,5.1,15.3,2.1,1289.0,,,,,"우유, 대두, 밀, 쇠고기 함유
-본 제품은 고등어, 계란, 닭고기, 토마토, 조개류 (굴, 전복, 홍합 포함) 혼입 가능성 있음",20,https://product-image.kurly.com/product/image/1c3f8b06-d8d7-4a75-bb21-33e9046eec2a.jpg,,https://www.kurly.com/goods/1001715751,kurly
[홍영의] 프리미엄 처음홍게 간장 1.5L,,조미료/소스,16900,real,,62,0.0,7.0,7.0,0.0,6190.0,,,,,"본 제품은 새우, 오징어, 조개류(굴, 전복, 홍합 포함)를 사용한 제품과 같은 시설에서 제조하고 있습니다.
대두, 밀, 게함유",20,https://product-image.kurly.com/product/image/d20bb187-753a-46dc-82aa-8d3fc49efc5d.jpg,,https://www.kurly.com/goods/1000635517,kurly
[청정원] 햇살담은 장조림 간장소스 800ml,,조미료/소스,5480,real,,85,13.0,19.0,2.0,0.0,980.0,,,,,,20,https://product-image.kurly.com/product/image/7b0892fd-8bd2-4bee-933a-dda2c280b48c.jpg,,https://www.kurly.com/goods/1001516867,kurly
[홍영의] 붉은 대게 백간장 1.5L (대용량),,조미료/소스,23900,real,,18,0.0,4.0,0.0,0.0,7994.0,,,,,,20,https://product-image.kurly.com/product/image/768f1867-7eb4-4e01-9a7a-d94b5d12f205.png,,https://www.kurly.com/goods/1001952152,kurly
[맛의명태자] 구워먹는 명란 150g (냉동),,기타,8500,real,,121,0.8,5.0,20.7,2.0,1042.0,,,,," - 대두 함유
 - 이 제품은 밀, 우유, 오징어, 쇠고기, 계란을 사용한 제품과 같은 제조시설에서 제조",20,https://product-image.kurly.com/product/image/79a48b4c-2c8b-4e52-be6f-cc00c21552a5.jpg,,https://www.kurly.com/goods/1000118076,kurly
[맛의명태자] 냉장 프리미엄명란 180g,,기타,12500,real,,113,4.5,9.2,17.0,0.9,1571.0,,,,," - 이 제품은 밀, 우유, 오징어, 쇠고기, 계란을 사용한 제품과 같은 제조시설에서 제조",20,https://product-image.kurly.com/product/image/f3bb5b65-00fe-42a2-9359-838893580d1f.jpg,,https://www.kurly.com/goods/5156642,kurly
[타이호] 간장절임연어알,,조미료/소스,23900,real,,188,2.8,9.8,22.8,6.4,796.0,,,,,"밀, 대두 포함",20,https://product-image.kurly.com/product/image/78f4ac60-2fbe-4f01-815f-2e946f387dc2.jpg,,https://www.kurly.com/goods/1002138551,kurly
[오봉집] 밥도둑 간장게장,,조미료/소스,20900,real,,85,9.2,11.0,8.7,0.4,1221.0,,,,,"대두, 밀, 게 함유
-본 제품은 닭고기, 새우, 난류, 우유, 고등어, 오징어, 복숭아, 토마토, 호두, 잣, 땅콩, 메밀, 돼지고기, 쇠고기, 조개류(굴, 전복, 홍합 포함). 아황산류를 사용한 제품과 같은 제조",20,https://product-image.kurly.com/product/image/47abbf5b-623f-4aec-8c71-5e7716848ac4.jpg,,https://www.kurly.com/goods/1001856840,kurly
[유토피아] 금게 간장게장 2종 (택1),,조미료/소스,19100,real,,74,6.0,8.0,9.0,0.0,1463.0,,,,,"밀 대두, 게 함유
- 이 제품은 알레르기 발생 가능성이 있는 밀, 대두, 게를 포함한 제품과 같은 제조시설에서 제조
",20,https://product-image.kurly.com/product/image/93d169a3-d9ca-4888-8b73-e53f9984873e.jpg,,https://www.kurly.com/goods/1001690821,kurly
[청정원] 파래돌김자반 50g,,수산가공품,2680,real,,665,10.0,25.0,12.5,57.5,208.0,,,,,"- 알류, 우유, 메밀, 땅콩, 대두, 밀, 고등어, 게, 새우, 돼지고기, 복숭아, 토마토, 호두, 닭고기, 쇠고기, 오징어, 조개류, 잣 혼입 가능",20,https://product-image.kurly.com/product/image/9b832202-816a-4aef-aaa8-a186567a42cd.jpg,,https://www.kurly.com/goods/1002047112,kurly
[샘표] 새미네부엌 국간장 830ml,,조미료/소스,8200,real,,70,1.0,6.0,6.0,0.1,8460.0,,,,,"-대두 함유
",20,https://product-image.kurly.com/product/image/34885fe4-e18a-4238-8536-4e65de91c08b.jpg,,https://www.kurly.com/goods/1000263981,kurly
[덕화명란] 프리미엄명란 200g,,기타,14500,real,,420,3.0,61.3,17.6,11.3,1220.0,,,,," - 우유, 대두, 밀 함유",20,https://product-image.kurly.com/product/image/a2a336f3-19d8-4d99-92d4-e39eb563f545.jpeg,,https://www.kurly.com/goods/5156625,kurly
[아라찬] 안동간고등어 250g (냉동),,기타,6000,real,,155,0.0,2.0,21.0,7.0,490.0,,,,, - 고등어 함유,20,https://img-cf.kurly.com/shop/data/goods/1651125746102l0.jpg,,https://www.kurly.com/goods/5132948,kurly
[해천] 시그니처 굴소스 620g (스퀴즈 타입),,조미료/소스,5380,real,,120,22.0,27.0,3.0,0.0,5610.0,,,,,"조개류(굴), 밀 함유",20,https://product-image.kurly.com/product/image/e04151b7-192d-4ae0-9e77-32493eff1af3.png,,https://www.kurly.com/goods/1001443398,kurly
[영산홍어] 국내산 홍어무침 150g,,조미료/소스,9100,real,,107,11.0,13.0,11.0,1.2,507.0,,,,,"밀함유
",20,https://product-image.kurly.com/product/image/930abad3-7ab7-45a1-9138-b2fb2bc0ec55.jpg,,https://www.kurly.com/goods/1001703110,kurly
[청정원] 맛선생 멸치가쓰오 80g(스틱),,조미료/소스,4580,real,,245,16.0,45.0,10.0,2.8,14870.0,,,,,,20,https://product-image.kurly.com/product/image/543dae8e-cde9-463b-bf89-16890091aa7f.jpg,,https://www.kurly.com/goods/1001340569,kurly
[동방푸드마스타] 페퍼랩 맛다시 프레시 270g,,조미료/소스,4200,real,,219,17.67,45.76,5.75,1.41,266.0,,,,,"본 제품은 계란,우유,메밀,땅콩,새우,고등어,게,돼지고기,복숭아,토마토,아황산류,호두,닭고기,쇠고기,오징어,조개류,잣을 사용한 제품과 같은 제조시설에서 제조하고 있습니다.",20,https://product-image.kurly.com/product/image/c7386428-9a11-442e-ad90-7bb2c3827803.jpg,,https://www.kurly.com/goods/1002299506,kurly
[혼신마켓] 명란마요네즈,,조미료/소스,6500,real,,556,4.0,20.0,2.0,52.0,885.0,,,,,"- 난류, 우유 함유
- 본 제품은 난류, 우유, 땅콩, 대두, 밀, 새우, 돼지고기, 토마토, 닭고기, 쇠고기, 조개류(굴)를 사용한 제품과 같은 제조시설에서 제조",20,https://product-image.kurly.com/product/image/b6c71405-e8e2-4c67-bcaa-3fc838806210.jpg,,https://www.kurly.com/goods/5005753,kurly
[동원] 참치뱃살 깊은간장맛 135g* 1캔,,조미료/소스,3480,real,,195,7.0,7.0,13.0,13.0,1270.0,,,,,"- 대두, 밀 함유",20,https://product-image.kurly.com/product/image/a95a1710-f115-4488-a85b-b83ee8cd3bb8.jpg,,https://www.kurly.com/goods/1001238497,kurly
[쿠라콘] 겐엔 시오콘부(저염) 110g,,조미료/소스,13200,real,,214,16.7,23.8,32.9,0.2,6880.0,,,,,"하단 표시사항 참조
",20,https://product-image.kurly.com/product/image/718cf925-4d3a-406b-ae76-9cf58b7e3ee7.jpg,,https://www.kurly.com/goods/1002352882,kurly
[청정원] 맛선생 청정소고기 2종 (120g/250g),,조미료/소스,5480,real,,260,19.0,49.0,5.0,4.8,15380.0,,,,,,20,https://product-image.kurly.com/product/image/af1c716d-fa9d-491f-9b65-822b261f6116.jpg,,https://www.kurly.com/goods/1001340632,kurly
[동원] 리챔 더블라이트 3종 (택1),,즉석식품,5280,real,저당류,230,1.0,2.0,15.0,18.0,480.0,,,,,"-돼지고기, 쇠고기 함유",20,https://product-image.kurly.com/product/image/ef5b4589-f899-4567-af0f-29483fc40743.jpg,,https://www.kurly.com/goods/1001084593,kurly
[동원] 뽀로로 키즈참치 100g x 4캔,,즉석식품,10480,real,,285,0.75,0.75,14.0,25.0,510.0,,,,,- 밀 함유,20,https://product-image.kurly.com/product/image/5bab4159-d5cf-4a9b-b04a-a3bc17488e19.jpg,,https://www.kurly.com/goods/1001238477,kurly
[라벨리] 요거트 아이스크림 4종 (택1),,간식/디저트,1625,real,,90,13.0,16.0,1.0,2.5,60.0,,,,,"- 우유, 대두 함유
* 밀, 알류, 땅콩, 복숭아, 토마토, 호두 혼입 가능",20,https://product-image.kurly.com/product/image/ea7d9879-282f-43e0-8ee3-fb09802086de.jpg,,https://www.kurly.com/goods/1001455135,kurly
[페페브루노] 100% 코코넛 워터 1L,,음료,4390,real,,65,16.0,16.0,0.0,0.0,0.0,,,,,,20,https://product-image.kurly.com/product/image/7d10cca6-e917-4dc9-ae78-da9f1c086a0c.jpg,,https://www.kurly.com/goods/1002311657,kurly
[타이코코] 남홈 코코넛워터 350mL 2종 (택1),,음료,1450,real,,22,4.57,5.43,0.0,0.0,11.0,,,,,,20,https://product-image.kurly.com/product/image/53f16e7f-64b4-4173-aef1-e825a297b030.jpg,,https://www.kurly.com/goods/1001320795,kurly
[풀무원] 리얼과일 골드파인애플&골드키위 저지방 드레싱 525g,,조미료/소스,7380,real,,54,10.0,14.0,0.6,0.0,0.0,,,,,"-대두, 우유 함유
*밀, 메밀, 호두, 계란, 땅콩, 토마토, 복숭아, 새우, 돼지고기, 고등어, 게, 아황산류, 쇠고기, 닭고기, 오징어, 조개류(굴, 홍합, 전복 포함), 잣을 사용한 제품과 같은 제조시설에서",20,https://product-image.kurly.com/product/image/8bba60b3-cef6-4973-8f11-293aaa648b45.jpg,,https://www.kurly.com/goods/5149026,kurly
[소와나무] 쿨피스 복숭아 930mL,,유제품,1500,real,,0,0.0,0.71,0.0,0.0,39.0,,,,,- 우유 함유,20,https://product-image.kurly.com/product/image/66c398c4-2e4e-488c-9795-0d56d4a7f337.jpg,,https://www.kurly.com/goods/1001460237,kurly
[클룹] 트루코코 100% 코코넛워터 (330mL X 6개),,음료,6980,real,,21,4.85,5.45,0.0,0.0,15.0,,,,,,20,https://product-image.kurly.com/product/image/98a2651f-3ffc-4253-b797-508a11871da5.jpg,,https://www.kurly.com/goods/1001508807,kurly
[후타바] 라무네 아이스 바 (85mL X 2개),,간식/디저트,7000,real,,65,14.7,16.0,0.0,0.1,43.0,,,,,,20,https://product-image.kurly.com/product/image/5fca5ff7-b865-435d-8a48-24e4f7594cfd.jpg,,https://www.kurly.com/goods/1001695764,kurly
[오크베리] 아사이소르베 파인트 473mL 3종,,간식/디저트,17800,real,,112,17.0,28.0,0.0,0.0,5.0,,,,,,20,https://product-image.kurly.com/product/image/3f40464a-6677-4d9b-99e5-3ab994a0ffc0.jpg,,https://www.kurly.com/goods/1002117845,kurly
[노티드] 칸탈로프멜론 크림 도넛 (100g X 3개),,간식/디저트,11000,real,,365,19.0,40.0,5.0,21.0,180.0,,,,,"- 밀, 대두, 우유, 달걀 함유",20,https://product-image.kurly.com/product/image/1cbb95a2-268b-40ca-b19e-7b4f82e32213.jpg,,https://www.kurly.com/goods/1002280034,kurly
[펄스랩] 한입 쏙 후무스 (캐슈넛),,주식/면류,6500,real,,239,4.64,33.21,11.07,8.21,443.0,,,,,"*대두, 밀 함유 
*이 제품은 알류, 우유, 메밀, 땅콩, 고등어, 게, 새우, 돼지고기, 복숭아, 토마토, 아황산류, 호두, 닭고기, 쇠고기, 오징어, 조개류, 잣을 사용한 제품과 같은 제조시설에서 제조하고 있습",20,https://product-image.kurly.com/product/image/fbc2da28-528c-4a55-a10c-f80c9858353b.jpg,,https://www.kurly.com/goods/1001485571,kurly
[믹솔로지] 스모키 얼그레이 시럽 1L,,조미료/소스,14500,real,,321,76.35,80.05,0.21,0.0,208.0,,,,,"- 우유, 땅콩, 대두, 복숭아, 토마토, 호두, 아황산류 혼입가능",20,https://product-image.kurly.com/product/image/94f42a30-0b66-4601-9679-1d98007303bd.jpg,,https://www.kurly.com/goods/1000044557,kurly
[드니그리스] 유기농 애플사이다비니거 글레이즈 250mL,,음료,11580,real,,0,0.0,0.0,0.0,0.0,2.0,,,,,,20,https://product-image.kurly.com/product/image/942bbc29-6b9d-450a-990e-0ec4dd1f8f6a.jpg,,https://www.kurly.com/goods/1000621256,kurly
티바인 알룰로스 바닐라 라이트 (400g),,조미료/소스,8700,real,무첨가당,272,0.0,67.74,0.01,0.11,6.0,,,알룰로스,,,20,https://oasisprodproduct.edge.naverncp.com/76300/thumb/999,,https://www.oasis.co.kr/product/detail/76300,oasis
티바인 알룰로스 헤이즐넛 (400g),,조미료/소스,8700,real,무첨가당,272,0.0,67.74,0.01,0.11,6.0,,,알룰로스,,,20,https://oasisprodproduct.edge.naverncp.com/76301/thumb/999,,https://www.oasis.co.kr/product/detail/76301,oasis
티바인 알룰로스 메이플 (400g),,조미료/소스,8400,real,무첨가당,272,0.0,67.74,0.01,0.11,6.0,,,알룰로스,,,20,https://oasisprodproduct.edge.naverncp.com/81781/thumb/999,,https://www.oasis.co.kr/product/detail/81781,oasis
티바인 성분 좋은 알룰로스 요리용 (400g),,조미료/소스,6900,real,무첨가당,25,2.0,72.0,0.0,0.0,0.0,,,알룰로스,,,20,https://oasisprodproduct.edge.naverncp.com/76299/thumb/999,,https://www.oasis.co.kr/product/detail/76299,oasis
기름제로 옥수수칩,,기타,2250,real,무당류,388,0.4,84.34,8.0,2.1,107.0,,,,,,20,https://oasisprodproduct.edge.naverncp.com/107665/thumb/999,,https://www.oasis.co.kr/product/detail/107665,oasis
[우리아이안심먹거리] 잇밋 제로 소시지 (250g),,육가공품,6790,real,무당류,196,0.25,4.62,14.06,13.43,342.0,,,,,,20,https://oasisprodproduct.edge.naverncp.com/103445/thumb/999,,https://www.oasis.co.kr/product/detail/103445,oasis
마이노멀 저당 드레싱 (오리엔탈/유자/참깨흑임자/시저),,조미료/소스,7100,real,저당류,316,0.29,14.29,1.96,34.09,524.0,,,,,,20,https://oasisprodproduct.edge.naverncp.com/100894/thumb/999,,https://www.oasis.co.kr/product/detail/100894,oasis
고맙당 저당 쌈장 (250g),,조미료/소스,11870,real,저당류,197,1.0,34.0,9.0,4.1,2009.0,,,,,,20,https://oasisprodproduct.edge.naverncp.com/104966/thumb/999,,https://www.oasis.co.kr/product/detail/104966,oasis
고맙당 저당 불닭소스 (180g),,조미료/소스,9650,real,저당류,147,2.0,48.0,3.0,10.0,1688.0,,,,,,20,https://oasisprodproduct.edge.naverncp.com/104973/thumb/999,,https://www.oasis.co.kr/product/detail/104973,oasis
고맙당 저당 초고추장 (270g),,조미료/소스,10800,real,저당류,83,3.0,21.0,4.0,2.0,2296.0,,,,,,20,https://oasisprodproduct.edge.naverncp.com/104967/thumb/999,,https://www.oasis.co.kr/product/detail/104967,oasis
나랑드사이다 제로 오리지날,,음료,6900,real,무당류,0,0.0,0.0,0.0,0.0,18.0,,,,,,20,https://oasisprodproduct.edge.naverncp.com/57899/thumb/999,,https://www.oasis.co.kr/product/detail/57899,oasis
초코헬스 제로넛츠 아몬드 2종,,간식/디저트,7900,real,무당류,535,0.0,46.46,11.36,38.89,21.0,,,,,,20,https://oasisprodproduct.edge.naverncp.com/102612/thumb/999,,https://www.oasis.co.kr/product/detail/102612,oasis
초코헬스 말차넛츠 박스,,간식/디저트,17700,real,,498,6.79,52.23,10.49,34.19,68.0,,,,,,20,https://oasisprodproduct.edge.naverncp.com/91576/thumb/999,,https://www.oasis.co.kr/product/detail/91576,oasis
초코헬스 저당 프레첼초코볼,,간식/디저트,6990,real,저당류,390,3.78,63.51,6.43,23.99,253.0,,,,,,20,https://oasisprodproduct.edge.naverncp.com/107552/thumb/999,,https://www.oasis.co.kr/product/detail/107552,oasis
[특가] 초코헬스 저당 말차넛츠 아몬드 2종,,간식/디저트,8900,real,저당류,481,2.79,51.11,11.54,30.83,39.0,,,,,,20,https://oasisprodproduct.edge.naverncp.com/114963/thumb/999,,https://www.oasis.co.kr/product/detail/114963,oasis
초코헬스 제로넛츠 박스,,간식/디저트,16900,real,무당류,535,0.0,46.46,11.36,38.89,21.0,,,,,,20,https://oasisprodproduct.edge.naverncp.com/86538/thumb/999,,https://www.oasis.co.kr/product/detail/86538,oasis
오뚜기 국산 옛날 사리 당면 (100g),,기타,2730,real,,360,2.0,86.0,0.0,2.0,15.0,,,,,,20,https://oasisprodproduct.edge.naverncp.com/101882/thumb/999,,https://www.oasis.co.kr/product/detail/101882,oasis
초코헬스 벨기에 저당 마카다미아 초코볼,,간식/디저트,7900,real,저당류,556,2.98,47.68,7.28,42.04,37.0,,,,,,20,https://oasisprodproduct.edge.naverncp.com/118756/thumb/999,,https://www.oasis.co.kr/product/detail/118756,oasis
동아오츠카 나랑드사이다 345ml x 24캔 제로 음료,,음료,12990,real,무당류,0,0.0,0.0,0.0,0.0,18.0,,,,,,20,https://oasisprodproduct.edge.naverncp.com/121380/thumb/999,,https://www.oasis.co.kr/product/detail/121380,oasis
동아오츠카 나랑드사이다 1.25L X 12개  제로사이다 음료,,음료,13990,real,무당류,0,0.0,0.0,0.0,0.0,18.0,,,,,,20,https://oasisprodproduct.edge.naverncp.com/121381/thumb/999,,https://www.oasis.co.kr/product/detail/121381,oasis
동아오츠카 나랑드사이다 180ml X 30캔  제로사이다 음료,,음료,13280,real,무당류,0,0.0,0.0,0.0,0.0,18.0,,,,,,20,https://oasisprodproduct.edge.naverncp.com/121383/thumb/999,,https://www.oasis.co.kr/product/detail/121383,oasis
[정기배송] 빈크런치 땅콩버터 오리지널,,유제품,16500,real,,560,3.5,25.3,32.1,37.2,161.0,,,,,,20,https://oasisprodproduct.edge.naverncp.com/71390/thumb/999,,https://www.oasis.co.kr/product/detail/71390,oasis
[토종마을]HACCP인증 알파CD 알파시클로덱스트린 제로 파우더 180g,,기타,12500,real,무당류,365,0.7,96.7,0.2,0.0,2.0,,,,,,20,https://oasisprodproduct.edge.naverncp.com/107885/thumb/999,,https://www.oasis.co.kr/product/detail/107885,oasis
넛츠그린 제로스파클링 자몽&복숭아블랙티 340ml (6병/12병),,음료,6800,real,무당류,1,0.0,0.08,0.05,0.01,0.0,,,,,,20,https://oasisprodproduct.edge.naverncp.com/126377/thumb/999,,https://www.oasis.co.kr/product/detail/126377,oasis
"위드잇 제로 우리쌀면 33g X 10개입, 글루텐프리",,기타,19800,real,무당류,350,0.0,80.38,6.95,0.1,194.0,,,,,,20,https://oasisprodproduct.edge.naverncp.com/126336/thumb/999,,https://www.oasis.co.kr/product/detail/126336,oasis
웰그린 프리미엄 스테비아 커피믹스 / 당류제로 25칼로리,,음료,32900,real,무당류,303,0.0,73.74,0.0,14.14,354.0,,,스테비아,,,20,https://oasisprodproduct.edge.naverncp.com/119038/thumb/999,,https://www.oasis.co.kr/product/detail/119038,oasis
네이쳐키즈 오트 아몬드&호두 (140ml*24개입),,기타,24900,real,,69,6.43,7.86,1.43,3.57,93.0,,,,,,20,https://oasisprodproduct.edge.naverncp.com/108191/thumb/999,,https://www.oasis.co.kr/product/detail/108191,oasis
더해담 180일 저당고추장 160g,,조미료/소스,9900,real,저당류,202,3.0,39.0,6.0,2.4,2320.0,,,,,,20,https://oasisprodproduct.edge.naverncp.com/131927/thumb/999,,https://www.oasis.co.kr/product/detail/131927,oasis
스프라우드 완두콩드링크 바리스타 제로 1L,,음료,6900,real,무당류,35,0.0,0.0,2.0,3.0,52.0,,,,,,20,https://oasisprodproduct.edge.naverncp.com/110929/thumb/999,,https://www.oasis.co.kr/product/detail/110929,oasis
넛두리 100% 알룰로스분말 400g 1kg 제로칼로리,,조미료/소스,6200,real,무당류,0,0.0,0.4,0.0,0.0,0.0,,,알룰로스,,,20,https://oasisprodproduct.edge.naverncp.com/102520/thumb/999,,https://www.oasis.co.kr/product/detail/102520,oasis
마이노멀 저당 저칼로리 애플시나몬잼 (320g),,조미료/소스,10900,real,저당류,250,61.0,61.0,1.0,0.3,10.0,,,,,,20,https://oasisprodproduct.edge.naverncp.com/100913/thumb/999,,https://www.oasis.co.kr/product/detail/100913,oasis
마이노멀 엑스트라버진 올리브오일 마요네즈 (260g),,조미료/소스,9980,real,,830,0.0,0.0,0.0,92.0,0.0,,,,,,20,https://oasisprodproduct.edge.naverncp.com/71444/thumb/999,,https://www.oasis.co.kr/product/detail/71444,oasis
마이노멀 저당 저칼로리 블루베리잼 (320g),,조미료/소스,10900,real,저당류,26,5.83,49.46,0.44,0.02,4.0,,,,,,20,https://oasisprodproduct.edge.naverncp.com/100892/thumb/999,,https://www.oasis.co.kr/product/detail/100892,oasis
[저당]닭가슴살 야채볶음밥 도시락,,육가공품,7500,real,저당류,158,0.4,27.2,9.6,1.16,168.0,,,,,,20,https://oasisprodproduct.edge.naverncp.com/105697/thumb/999,,https://www.oasis.co.kr/product/detail/105697,oasis
마이노멀 저당 저칼로리 케찹 (310g),,기타,4980,real,저당류,32,4.02,21.74,2.0,0.11,1143.0,,,,,,20,https://oasisprodproduct.edge.naverncp.com/71443/thumb/999,,https://www.oasis.co.kr/product/detail/71443,oasis
[저당]닭가슴살 불고기맛볶음밥 도시락,,육가공품,8700,real,저당류,160,2.5,28.5,4.5,3.0,260.0,,,,,,20,https://oasisprodproduct.edge.naverncp.com/105696/thumb/999,,https://www.oasis.co.kr/product/detail/105696,oasis
[저당]닭가슴살 김치볶음밥 도시락,,육가공품,8700,real,저당류,160,1.5,26.5,6.5,3.0,220.0,,,,,,20,https://oasisprodproduct.edge.naverncp.com/105698/thumb/999,,https://www.oasis.co.kr/product/detail/105698,oasis
[저당]닭가슴살 간장계란볶음밥 도시락,,조미료/소스,8700,real,저당류,158,1.2,22.4,5.2,5.2,388.0,,,,,,20,https://oasisprodproduct.edge.naverncp.com/105699/thumb/999,,https://www.oasis.co.kr/product/detail/105699,oasis
요플레 ONLY2 플레인 요거트 대용량(1800ml),,유제품,8980,real,,88,12.5,12.5,3.25,2.5,63.0,,,,,,20,https://oasisprodproduct.edge.naverncp.com/91988/thumb/999,,https://www.oasis.co.kr/product/detail/91988,oasis
비비드키친 저당 양파절임소스,,조미료/소스,3220,real,저당류,140,5.0,15.0,15.0,5.0,1466.0,,,,,,20,https://oasisprodproduct.edge.naverncp.com/105912/thumb/999,,https://www.oasis.co.kr/product/detail/105912,oasis
비비드키친 저당 시저드레싱 (205g),,조미료/소스,4280,real,저당류,240,0.6,15.0,1.0,21.0,1030.0,,,,,,20,https://oasisprodproduct.edge.naverncp.com/105916/thumb/999,,https://www.oasis.co.kr/product/detail/105916,oasis
비비드키친 저당 홀스래디쉬소스 (265g),,조미료/소스,4580,real,저당류,317,14.97,22.05,0.41,25.24,310.0,,,,,,20,https://oasisprodproduct.edge.naverncp.com/105919/thumb/999,,https://www.oasis.co.kr/product/detail/105919,oasis
완전두유 국산 검은콩 저당,,유제품,8900,real,저당류,34,1.58,3.68,2.11,1.0,89.0,,,,,,20,https://oasisprodproduct.edge.naverncp.com/112798/thumb/999,,https://www.oasis.co.kr/product/detail/112798,oasis
비비드키친 저당 오리엔탈드레싱,,조미료/소스,4280,real,저당류,147,0.0,20.0,0.0,14.67,587.0,,,,,,20,https://oasisprodproduct.edge.naverncp.com/105914/thumb/999,,https://www.oasis.co.kr/product/detail/105914,oasis
비비드키친 저당 참깨소이드레싱,,조미료/소스,4280,real,저당류,255,0.76,13.06,1.99,21.63,851.0,,,,,,20,https://oasisprodproduct.edge.naverncp.com/105915/thumb/999,,https://www.oasis.co.kr/product/detail/105915,oasis
[저당] 맛있는 닭가슴살 볶음밥 도시락 4종 (195g×12팩),,육가공품,34000,real,저당류,163,2.52,26.15,4.96,4.37,402.0,,,,,,20,https://oasisprodproduct.edge.naverncp.com/124826/thumb/999,,https://www.oasis.co.kr/product/detail/124826,oasis
그릭데이 저당요거트 딸기 900g,,유제품,9860,real,저당류,70,4.0,7.0,3.0,3.5,40.0,,,,,,20,https://oasisprodproduct.edge.naverncp.com/127171/thumb/999,,https://www.oasis.co.kr/product/detail/127171,oasis
비비드키친 저당 시오다래소스 (210g),,조미료/소스,3980,real,저당류,50,1.0,11.0,1.0,2.5,2090.0,,,,,,20,https://oasisprodproduct.edge.naverncp.com/112890/thumb/999,,https://www.oasis.co.kr/product/detail/112890,oasis
그릭데이 저당요거트 블루베리 900g,,유제품,9800,real,저당류,76,4.0,8.0,3.0,3.0,40.0,,,,,,20,https://oasisprodproduct.edge.naverncp.com/127170/thumb/999,,https://www.oasis.co.kr/product/detail/127170,oasis
비비드키친 저당 어니언크림드레싱 (205g),,조미료/소스,3980,real,저당류,325,2.02,16.51,0.54,28.57,344.0,,,,,,20,https://oasisprodproduct.edge.naverncp.com/112896/thumb/999,,https://www.oasis.co.kr/product/detail/112896,oasis
비비드키친 저당 이탈리안드레싱 (210g),,조미료/소스,3980,real,저당류,95,3.0,16.0,1.0,3.2,1028.0,,,,,,20,https://oasisprodproduct.edge.naverncp.com/112819/thumb/999,,https://www.oasis.co.kr/product/detail/112819,oasis
[저당] 닭가슴살 간장계란 볶음밥,,조미료/소스,16000,real,저당류,163,2.0,25.33,8.67,3.0,427.0,,,,,,20,https://oasisprodproduct.edge.naverncp.com/105478/thumb/999,,https://www.oasis.co.kr/product/detail/105478,oasis
[저당] 닭가슴살 닭갈비 볶음밥,,육가공품,16000,real,저당류,158,3.6,20.4,6.4,5.6,448.0,,,,,,20,https://oasisprodproduct.edge.naverncp.com/107200/thumb/999,,https://www.oasis.co.kr/product/detail/107200,oasis
[저당] 맛있는 닭가슴살 간장계란 볶음밥 (200g×20팩),,조미료/소스,27800,real,저당류,144,0.0,22.05,7.18,3.08,185.0,,,,,,20,https://oasisprodproduct.edge.naverncp.com/124830/thumb/999,,https://www.oasis.co.kr/product/detail/124830,oasis
비비드키친 저칼로리 데리야끼소스,,조미료/소스,3980,real,저당류,27,0.61,30.0,1.88,0.1,1179.0,,,,,,20,https://oasisprodproduct.edge.naverncp.com/105910/thumb/999,,https://www.oasis.co.kr/product/detail/105910,oasis
[저당] 맛있는 닭가슴살 볶음밥 6종 (200g×12팩),,육가공품,19400,real,저당류,176,0.44,28.0,5.78,4.44,347.0,,,,,,20,https://oasisprodproduct.edge.naverncp.com/103828/thumb/999,,https://www.oasis.co.kr/product/detail/103828,oasis
비비드키친 저칼로리 머스타드소스,,조미료/소스,3980,real,저당류,28,0.54,16.7,1.66,1.23,545.0,,,,,,20,https://oasisprodproduct.edge.naverncp.com/105901/thumb/999,,https://www.oasis.co.kr/product/detail/105901,oasis
[저당] 곤약잡곡 닭가슴살 잡채볶음밥,,육가공품,19000,real,저당류,150,1.0,27.0,5.0,2.45,260.0,,,,,,20,https://oasisprodproduct.edge.naverncp.com/105479/thumb/999,,https://www.oasis.co.kr/product/detail/105479,oasis
[저당] 곤약잡곡 무청시래기 표고버섯솥밥,,기타,10500,real,저당류,150,0.35,30.0,3.0,1.9,165.0,,,,,,20,https://oasisprodproduct.edge.naverncp.com/105477/thumb/999,,https://www.oasis.co.kr/product/detail/105477,oasis
[고단백/저당] 탱글탱글 닭가슴살 비엔나,,육가공품,10900,real,저당류,158,1.67,3.33,17.5,8.33,433.0,,,,,,20,https://oasisprodproduct.edge.naverncp.com/111395/thumb/999,,https://www.oasis.co.kr/product/detail/111395,oasis
하인즈 50% 슈가앤솔트 케찹(435g),,기타,4880,real,,50,11.0,12.0,1.0,0.0,360.0,,,,,,20,https://oasisprodproduct.edge.naverncp.com/114785/thumb/999,,https://www.oasis.co.kr/product/detail/114785,oasis
마이노멀 방탄커피 6개입 (230ml x 6개),,음료,14900,real,,65,0.0,1.65,0.87,6.0,9.0,,,,,,20,https://oasisprodproduct.edge.naverncp.com/118865/thumb/999,,https://www.oasis.co.kr/product/detail/118865,oasis
모던구루 크런치 카카오 수제 그래놀라,,간식/디저트,10200,real,,478,14.0,56.0,13.0,23.0,42.0,,,,,,20,https://oasisprodproduct.edge.naverncp.com/93619/thumb/999,,https://www.oasis.co.kr/product/detail/93619,oasis
모던구루 멀티그레인 소이빈 수제 그래놀라,,간식/디저트,10200,real,,478,14.0,56.0,13.0,23.0,42.0,,,,,,20,https://oasisprodproduct.edge.naverncp.com/93617/thumb/999,,https://www.oasis.co.kr/product/detail/93617,oasis
모던구루 클래식 바닐라 수제 그래놀라,,간식/디저트,10200,real,,478,14.0,56.0,13.0,23.0,42.0,,,,,,20,https://oasisprodproduct.edge.naverncp.com/93616/thumb/999,,https://www.oasis.co.kr/product/detail/93616,oasis
두부 볶음밥 중화짬뽕,,기타,3800,real,,155,1.5,28.0,4.0,3.0,540.0,,,,,,20,https://oasisprodproduct.edge.naverncp.com/106579/thumb/999,,https://www.oasis.co.kr/product/detail/106579,oasis
맛있는 닭가슴살 깍두기볶음밥 200g,,육가공품,7800,real,,178,3.5,30.0,6.5,3.5,375.0,,,,,,20,https://oasisprodproduct.edge.naverncp.com/123073/thumb/999,,https://www.oasis.co.kr/product/detail/123073,oasis
두부 볶음밥 불고기전골,,육가공품,3800,real,,155,4.0,25.5,5.5,3.5,395.0,,,,,,20,https://oasisprodproduct.edge.naverncp.com/106583/thumb/999,,https://www.oasis.co.kr/product/detail/106583,oasis
[10% 할인] 프렌치카페 카페믹스 스테비아(100T),,조미료/소스,25280,real,무첨가당,360,0.0,61.26,18.02,12.61,180.0,,,스테비아,,,20,https://oasisprodproduct.edge.naverncp.com/124250/thumb/999,,https://www.oasis.co.kr/product/detail/124250,oasis
정성가득 채식 현미 쌀베이글(330g),,기타,7450,real,,254,2.73,46.36,11.82,2.27,254.0,,,,,,20,https://oasisprodproduct.edge.naverncp.com/128133/thumb/999,,https://www.oasis.co.kr/product/detail/128133,oasis
정성가득 채식 케일야채 쌀베이글(330g),,기타,8950,real,,231,3.64,42.73,11.82,1.64,369.0,,,,,,20,https://oasisprodproduct.edge.naverncp.com/128135/thumb/999,,https://www.oasis.co.kr/product/detail/128135,oasis
마이노멀 저당 저칼로리 딸기잼 (320g),,조미료/소스,10900,real,저당류,23,3.74,49.64,0.41,0.01,5.0,,,,,,20,https://oasisprodproduct.edge.naverncp.com/100884/thumb/999,,https://www.oasis.co.kr/product/detail/100884,oasis
[러브앤피넛] 100% 국내산 땅콩버터 스무스 (200g),,유제품,14800,real,,605,7.0,19.0,24.0,48.0,10.0,,,,,,20,https://oasisprodproduct.edge.naverncp.com/95268/thumb/999,,https://www.oasis.co.kr/product/detail/95268,oasis
[러브앤피넛] 100% 국내산 땅콩버터 크런치 (200g),,유제품,14800,real,,605,7.0,17.0,26.0,48.0,10.0,,,,,,20,https://oasisprodproduct.edge.naverncp.com/95269/thumb/999,,https://www.oasis.co.kr/product/detail/95269,oasis
티바인 100% 피넛버터 크런치 (200g),,유제품,6710,real,,586,3.0,19.0,22.0,46.9,0.0,,,,,,20,https://oasisprodproduct.edge.naverncp.com/106431/thumb/999,,https://www.oasis.co.kr/product/detail/106431,oasis
국산 재료로 만든 저당 만능 비빔 양념장,,조미료/소스,10500,real,저당류,217,48.0,50.0,2.0,1.0,1920.0,,,,,,20,https://oasisprodproduct.edge.naverncp.com/132050/thumb/999,,https://www.oasis.co.kr/product/detail/132050,oasis
몽크슈 순창 장인 저당 쌈장(200g/500g),,조미료/소스,8980,real,저당류,98,0.8,31.8,8.3,2.4,2618.0,,,,,,20,https://oasisprodproduct.edge.naverncp.com/110644/thumb/999,,https://www.oasis.co.kr/product/detail/110644,oasis
스윗비아 저당 초코 스프레드 290g,,간식/디저트,19900,real,저당류,152,2.1,47.57,2.93,6.79,135.0,,,,,,20,https://oasisprodproduct.edge.naverncp.com/112230/thumb/999,,https://www.oasis.co.kr/product/detail/112230,oasis
더해담 보리차 진액 290g,,건강기능식품,9400,real,,45,1.18,66.68,0.12,0.13,0.0,,,,,,20,https://oasisprodproduct.edge.naverncp.com/126699/thumb/999,,https://www.oasis.co.kr/product/detail/126699,oasis
마이노멀 저당 국산 태양초 고추장 (230g),,조미료/소스,9980,real,저당류,220,24.0,44.0,6.0,2.0,2600.0,,,,,,20,https://oasisprodproduct.edge.naverncp.com/100895/thumb/999,,https://www.oasis.co.kr/product/detail/100895,oasis
연세우유 저당 검은콩고칼슘 두유 190ml 24팩,,유제품,16900,real,저당류,43,3.24,6.49,2.16,0.7,59.0,,,,,,20,https://oasisprodproduct.edge.naverncp.com/103314/thumb/999,,https://www.oasis.co.kr/product/detail/103314,oasis
굿스푼 저당 유부초밥 210g 3종 6팩 크래미 와사비마요 치즈불닭 불고기 식사대용 간편,,조미료/소스,38400,real,저당류,145,4.0,14.0,7.0,7.0,750.0,,,,,,20,https://oasisprodproduct.edge.naverncp.com/110083/thumb/999,,https://www.oasis.co.kr/product/detail/110083,oasis
저당 그래놀라 250g 유기농오트밀 수제그래놀라 프로틴시리얼,,간식/디저트,15900,real,저당류,455,2.0,71.3,7.4,15.5,41.0,,,,,,20,https://oasisprodproduct.edge.naverncp.com/127693/thumb/999,,https://www.oasis.co.kr/product/detail/127693,oasis
명인빵지순례 묶음할인 수플레카스테라 대왕 대만 카스테라,,간식/디저트,9500,real,,354,18.0,34.0,9.0,20.0,210.0,,,,,,20,https://oasisprodproduct.edge.naverncp.com/42533/thumb/999,,https://www.oasis.co.kr/product/detail/42533,oasis
명인빵지순례 수플레카스테라 대왕 대만 카스테라,,간식/디저트,9500,real,,354,18.0,34.0,9.0,20.0,210.0,,,,,,20,https://oasisprodproduct.edge.naverncp.com/38879/thumb/999,,https://www.oasis.co.kr/product/detail/38879,oasis
명인빵지순례 소보로밤식빵,,간식/디저트,7800,real,,345,26.11,54.45,5.56,11.67,306.0,,,,,,20,https://oasisprodproduct.edge.naverncp.com/43363/thumb/999,,https://www.oasis.co.kr/product/detail/43363,oasis
명인빵지순례 꿀반숙카스테라 묶음,,간식/디저트,6960,real,,305,17.7,35.5,8.7,12.5,89.0,,,,,,20,https://oasisprodproduct.edge.naverncp.com/43361/thumb/999,,https://www.oasis.co.kr/product/detail/43361,oasis
검정콩 서리태 99% 식물성 단백질 쉐이크 요거단백,,건강기능식품,35000,real,,436,6.0,30.0,42.0,20.0,10.0,,,,,,20,https://oasisprodproduct.edge.naverncp.com/130046/thumb/999,,https://www.oasis.co.kr/product/detail/130046,oasis
무설탕 무첨가물 뻥튀기 호라산밀현미뻥(40g)/12봉,,조미료/소스,26900,real,무첨가당,388,0.0,86.25,8.75,0.75,0.0,,,,,,20,https://oasisprodproduct.edge.naverncp.com/112302/thumb/999,,https://www.oasis.co.kr/product/detail/112302,oasis
[앱솔리] 퀴노아 약콩두유 저당 (190ml x 20팩),,유제품,25900,real,저당류,45,1.58,7.9,2.63,0.32,45.0,,,,,,20,https://oasisprodproduct.edge.naverncp.com/68152/thumb/999,,https://www.oasis.co.kr/product/detail/68152,oasis
비그레인 시카고 프로틴 치아바타 360g X 4봉(1봉 3개입),,건강기능식품,24900,real,,264,2.2,51.8,8.9,2.4,423.0,,,,,,20,https://oasisprodproduct.edge.naverncp.com/119080/thumb/999,,https://www.oasis.co.kr/product/detail/119080,oasis
[앱솔리] 퀴노아 약콩두유 무가당 (190ml x 20팩),,유제품,24900,real,무첨가당,29,0.0,2.63,3.16,0.9,45.0,,,,,,20,https://oasisprodproduct.edge.naverncp.com/64117/thumb/999,,https://www.oasis.co.kr/product/detail/64117,oasis
MADA 검은콩두유 고칼슘 저당(190mlx20개입),,유제품,22380,real,저당류,38,0.71,3.88,2.7,1.31,55.0,,,,,,20,https://oasisprodproduct.edge.naverncp.com/131241/thumb/999,,https://www.oasis.co.kr/product/detail/131241,oasis
국내산 명이나물 장아찌(순한맛/매운맛) 1kg,,기타,22000,real,,80,15.0,16.0,3.0,0.8,580.0,,,,,,20,https://oasisprodproduct.edge.naverncp.com/106073/thumb/999,,https://www.oasis.co.kr/product/detail/106073,oasis
MADA 수제 카카오 그래놀라 고단백 저당(150gX2봉),,간식/디저트,19900,real,저당류,436,3.87,61.83,15.33,18.18,184.0,,,,,,20,https://oasisprodproduct.edge.naverncp.com/131244/thumb/999,,https://www.oasis.co.kr/product/detail/131244,oasis
알앤알 하루단백 커피콩빵 300g 2봉,,음료,26000,real,,368,3.12,30.81,14.54,20.72,642.0,,,,,,20,https://oasisprodproduct.edge.naverncp.com/121499/thumb/999,,https://www.oasis.co.kr/product/detail/121499,oasis
MADA 수제 그래놀라 고단백 저당(150g)1+1선택,,간식/디저트,19900,real,저당류,478,14.0,56.0,13.0,23.0,42.0,,,,,,20,https://oasisprodproduct.edge.naverncp.com/131242/thumb/999,,https://www.oasis.co.kr/product/detail/131242,oasis
MADA 수제 그래놀라 고단백 저당(150gX2봉),,간식/디저트,19900,real,저당류,478,14.0,56.0,13.0,23.0,42.0,,,,,,20,https://oasisprodproduct.edge.naverncp.com/131243/thumb/999,,https://www.oasis.co.kr/product/detail/131243,oasis
(오직미)저당 프리바이오틱스 견과바 30g 12개 씨알푸드 통귀리와 현미 에너지바,,기타,16800,real,저당류,516,13.0,39.0,18.0,34.0,5.0,,,,,,20,https://oasisprodproduct.edge.naverncp.com/109869/thumb/999,,https://www.oasis.co.kr/product/detail/109869,oasis
저당 고구마 바스크 치즈케이크,,간식/디저트,16000,real,저당류,82,4.04,8.86,1.44,4.5,33.0,,,,,,20,https://oasisprodproduct.edge.naverncp.com/84166/thumb/999,,https://www.oasis.co.kr/product/detail/84166,oasis
넛츠그린 땅콩 스프레드 스틱 14포,,조미료/소스,15800,real,,600,4.8,26.6,28.0,42.0,10.0,,,,,,20,https://oasisprodproduct.edge.naverncp.com/126380/thumb/999,,https://www.oasis.co.kr/product/detail/126380,oasis
참미소 유기농 쌀눈귀리칩스 30g 10봉 건강과자 무설탕 무색소 저지방 저칼로리 저당 비건,,간식/디저트,15200,real,무첨가당,391,0.4,86.2,8.5,1.3,213.0,,,,,,20,https://oasisprodproduct.edge.naverncp.com/126269/thumb/999,,https://www.oasis.co.kr/product/detail/126269,oasis
넛츠그린 저당 마일드 크런치 초콜릿 22개입,,간식/디저트,13800,real,저당류,570,54.0,58.0,8.0,34.0,245.0,,,,,,20,https://oasisprodproduct.edge.naverncp.com/126376/thumb/999,,https://www.oasis.co.kr/product/detail/126376,oasis
비그레인 시카고 프로틴 저당 식빵 350g,,간식/디저트,12900,real,저당류,234,1.0,16.4,24.0,12.5,281.0,,,,,,20,https://oasisprodproduct.edge.naverncp.com/101515/thumb/999,,https://www.oasis.co.kr/product/detail/101515,oasis
국산 햇곡 호라산밀 뻥튀기,,기타,12600,real,,404,0.7,84.3,12.0,2.1,7.0,,,,,,20,https://oasisprodproduct.edge.naverncp.com/96969/thumb/999,,https://www.oasis.co.kr/product/detail/96969,oasis
[한미] 완전두유 국산콩 검은콩 무가당 190ml,,유제품,11900,real,무첨가당,29,0.37,1.58,2.63,1.42,63.0,,,,,,20,https://oasisprodproduct.edge.naverncp.com/94552/thumb/999,,https://www.oasis.co.kr/product/detail/94552,oasis
드림이음 알파CD 탱탱 저당 젤리 알파시클로 난소화성 덱스트린 젤리스틱 1박스,,간식/디저트,10965,real,저당류,165,4.2,41.1,0.1,0.0,72.0,,,,,,20,https://oasisprodproduct.edge.naverncp.com/124631/thumb/999,,https://www.oasis.co.kr/product/detail/124631,oasis
[한미] 완전두유 국산콩 검은콩 저당 190ml,,유제품,10900,real,저당류,34,1.58,3.68,2.11,1.0,89.0,,,,,,20,https://oasisprodproduct.edge.naverncp.com/53386/thumb/999,,https://www.oasis.co.kr/product/detail/53386,oasis
[한미] 완전두유 더진한 국산콩 무가당 190ml,,유제품,10900,real,무첨가당,36,0.5,2.14,3.57,1.57,43.0,,,,,,20,https://oasisprodproduct.edge.naverncp.com/53383/thumb/999,,https://www.oasis.co.kr/product/detail/53383,oasis
몽크슈 저당 엑스트라버진 올리브유 마요네즈 260g,,조미료/소스,9980,real,저당류,828,0.0,0.0,0.0,92.0,0.0,,,,,,20,https://oasisprodproduct.edge.naverncp.com/110697/thumb/999,,https://www.oasis.co.kr/product/detail/110697,oasis
[장스스파이스클럽] 고스트페퍼 핫소스 110g (저당/Low Sugar),,간식/디저트,9900,real,저당류,120,3.0,4.2,18.0,3.0,80.0,,,,,,20,https://oasisprodproduct.edge.naverncp.com/131091/thumb/999,,https://www.oasis.co.kr/product/detail/131091,oasis
[장스스파이스클럽] 깻잎청양마요 110g (저당/Low Sugar),,간식/디저트,8900,real,저당류,47,0.0,7.27,1.82,2.91,666.0,,,,,,20,https://oasisprodproduct.edge.naverncp.com/131090/thumb/999,,https://www.oasis.co.kr/product/detail/131090,oasis
몽크슈 저당 저칼로리 딸기잼 200g,,조미료/소스,7900,real,저당류,23,3.74,49.64,0.41,0.01,5.0,,,,,,20,https://oasisprodproduct.edge.naverncp.com/110679/thumb/999,,https://www.oasis.co.kr/product/detail/110679,oasis
몽크슈 저당 저칼로리 블루베리잼 200g,,조미료/소스,7900,real,저당류,26,5.83,49.46,0.44,0.02,4.0,,,,,,20,https://oasisprodproduct.edge.naverncp.com/110681/thumb/999,,https://www.oasis.co.kr/product/detail/110681,oasis
[장스스파이스클럽] 김치스리라차 110g (저당/Low Sugar),,간식/디저트,7900,real,저당류,55,3.0,6.0,6.0,0.5,1950.0,,,,,,20,https://oasisprodproduct.edge.naverncp.com/131089/thumb/999,,https://www.oasis.co.kr/product/detail/131089,oasis
[명인빵지순례] 고구마치아바타,,간식/디저트,7400,real,,250,7.0,34.0,6.0,10.0,220.0,,,,,,20,https://oasisprodproduct.edge.naverncp.com/130408/thumb/999,,https://www.oasis.co.kr/product/detail/130408,oasis
MADA 우리쌀 저당 현미 퍼핑칩(30g)자색고구마 단호박맛,,기타,6800,real,저당류,387,0.82,86.6,6.44,1.61,172.0,,,,,,20,https://oasisprodproduct.edge.naverncp.com/131256/thumb/999,,https://www.oasis.co.kr/product/detail/131256,oasis
MADA 유기농 우리쌀 저당 현미 퍼핑칩(30g),,기타,6800,real,저당류,400,0.0,87.0,8.6,2.0,173.0,,,,,,20,https://oasisprodproduct.edge.naverncp.com/131255/thumb/999,,https://www.oasis.co.kr/product/detail/131255,oasis
넛츠그린 저당 고추장 320g,,조미료/소스,6800,real,저당류,88,3.0,36.0,7.0,2.4,2600.0,,,,,,20,https://oasisprodproduct.edge.naverncp.com/126383/thumb/999,,https://www.oasis.co.kr/product/detail/126383,oasis
[명인빵지순례] 바질토마토크림치즈,,간식/디저트,6800,real,,279,9.19,36.76,7.57,11.35,435.0,,,,,,20,https://oasisprodproduct.edge.naverncp.com/130409/thumb/999,,https://www.oasis.co.kr/product/detail/130409,oasis
[명인빵지순례] 올리브치즈치아바타,,간식/디저트,6600,real,,266,3.42,37.37,7.9,8.42,1.0,,,,,,20,https://oasisprodproduct.edge.naverncp.com/130405/thumb/999,,https://www.oasis.co.kr/product/detail/130405,oasis
[명인빵지순례] 바질치즈치아바타,,간식/디저트,6400,real,,270,1.0,31.0,11.0,11.0,484.0,,,,,,20,https://oasisprodproduct.edge.naverncp.com/130407/thumb/999,,https://www.oasis.co.kr/product/detail/130407,oasis
[명인빵지순례] 무화과치아바타,,간식/디저트,6400,real,,253,12.63,51.56,7.33,3.4,356.0,,,,,,20,https://oasisprodproduct.edge.naverncp.com/130406/thumb/999,,https://www.oasis.co.kr/product/detail/130406,oasis
신농작소 저당현미 혼합곡 300g,,기타,5980,real,저당류,358,1.26,74.11,10.72,2.05,3.0,,,,,,20,https://oasisprodproduct.edge.naverncp.com/108193/thumb/999,,https://www.oasis.co.kr/product/detail/108193,oasis
몽크슈 저당 저칼로리 양념치킨소스 320g,,조미료/소스,5480,real,저당류,31,1.0,32.7,1.6,0.6,805.0,,,,,,20,https://oasisprodproduct.edge.naverncp.com/118127/thumb/999,,https://www.oasis.co.kr/product/detail/118127,oasis
몽크슈 저당 저칼로리 스위트 칠리소스 310g,,조미료/소스,4980,real,저당류,26,1.71,22.24,0.56,0.1,178.0,,,,,,20,https://oasisprodproduct.edge.naverncp.com/118123/thumb/999,,https://www.oasis.co.kr/product/detail/118123,oasis
몽크슈 저당 저칼로리 스위트 머스타드 소스 300g,,조미료/소스,4980,real,저당류,195,37.0,38.0,3.0,3.3,1280.0,,,,,,20,https://oasisprodproduct.edge.naverncp.com/118103/thumb/999,,https://www.oasis.co.kr/product/detail/118103,oasis
무설탕 막대사탕(125g),,간식/디저트,9610,real,무첨가당,400,0.0,100.0,0.0,0.0,0.0,,,,,,20,https://oasisprodproduct.edge.naverncp.com/96276/thumb/999,,https://www.oasis.co.kr/product/detail/96276,oasis
완전두유 더진한 서리태 무가당 99.9,,유제품,11600,real,무첨가당,34,0.42,2.11,2.63,1.95,47.0,,,,,,20,https://oasisprodproduct.edge.naverncp.com/120529/thumb/999,,https://www.oasis.co.kr/product/detail/120529,oasis
[특가행사] 연세두유 무가당 국산약콩,,유제품,13500,real,무첨가당,37,0.53,2.63,3.16,1.37,53.0,,,,,,20,https://oasisprodproduct.edge.naverncp.com/130539/thumb/999,,https://www.oasis.co.kr/product/detail/130539,oasis
유기농 그릭요거트 달지않은 플레인 (80g×4입),,유제품,7500,real,,125,8.0,8.0,6.0,7.8,115.0,,,,,,20,https://oasisprodproduct.edge.naverncp.com/33435/thumb/999,,https://www.oasis.co.kr/product/detail/33435,oasis
불가리스 설탕무첨가 플레인(150ml*4입),,조미료/소스,5200,real,,60,2.27,4.0,3.33,3.33,53.0,,,,,,20,https://oasisprodproduct.edge.naverncp.com/115397/thumb/999,,https://www.oasis.co.kr/product/detail/115397,oasis
야쿠르트 XO(120ml×5개),,기타,5000,real,,2,0.0,5.39,0.14,0.01,24.0,,,,,,20,https://oasisprodproduct.edge.naverncp.com/129208/thumb/999,,https://www.oasis.co.kr/product/detail/129208,oasis
유기농 야채농장 ABC (190mlx4입),,기타,4980,real,,50,10.0,12.0,0.5,0.0,48.0,,,,,,20,https://oasisprodproduct.edge.naverncp.com/50477/thumb/999,,https://www.oasis.co.kr/product/detail/50477,oasis
돈시몬 토마토 주스 100% 착즙 1L,,음료,4500,real,,18,3.5,3.5,0.9,0.0,4.0,,,,,,20,https://oasisprodproduct.edge.naverncp.com/123445/thumb/999,,https://www.oasis.co.kr/product/detail/123445,oasis
돈시몬 백포도 주스 100% 생과일 착즙 1L,,음료,5950,real,,130,25.82,32.6,0.0,0.0,6.0,,,,,,20,https://oasisprodproduct.edge.naverncp.com/23051/thumb/999,,https://www.oasis.co.kr/product/detail/23051,oasis
돈시몬 오렌지 주스 100% 생과일 착즙,,음료,6980,real,,44,10.56,10.56,1.11,0.0,8.0,,,,,,20,https://oasisprodproduct.edge.naverncp.com/23040/thumb/999,,https://www.oasis.co.kr/product/detail/23040,oasis
[설탕무첨가] 떡미당 현미쑥가래떡 (600g/12개입),,간식/디저트,9500,real,,170,0.0,38.8,3.6,2.41,244.0,,,,,,20,https://oasisprodproduct.edge.naverncp.com/51510/thumb/999,,https://www.oasis.co.kr/product/detail/51510,oasis
[10% 할인] [대용랑] 불가리스 플레인 요거트 (1.8L),,유제품,7980,real,,65,4.0,4.5,3.2,3.9,50.0,,,,,,20,https://oasisprodproduct.edge.naverncp.com/107011/thumb/999,,https://www.oasis.co.kr/product/detail/107011,oasis
"돈시몬 오렌지 주스 200ml, 3개",,음료,4500,real,,43,10.0,10.0,0.6,0.1,0.0,,,,,,20,https://oasisprodproduct.edge.naverncp.com/23044/thumb/999,,https://www.oasis.co.kr/product/detail/23044,oasis
설탕없는 국내산 사과식초 애플 사이다 비네거,,음료,14000,real,,0,0.0,0.0,0.0,0.0,0.0,,,,,,20,https://oasisprodproduct.edge.naverncp.com/60260/thumb/999,,https://www.oasis.co.kr/product/detail/60260,oasis
[달콤한인생] 유기농 생강청 280g,,기타,18500,real,,212,51.78,52.22,0.28,0.22,4.0,,,,,,20,https://oasisprodproduct.edge.naverncp.com/53157/thumb/999,,https://www.oasis.co.kr/product/detail/53157,oasis
넛츠그린 저칼로리 딸기잼 240g,,조미료/소스,9800,real,저당류,18,4.0,63.0,0.55,0.4,5.0,,,,,,20,https://oasisprodproduct.edge.naverncp.com/108693/thumb/999,,https://www.oasis.co.kr/product/detail/108693,oasis
넛츠그린 저칼로리 블루베리잼 240g,,조미료/소스,9800,real,저당류,27,4.0,66.0,0.0,0.0,5.0,,,,,,20,https://oasisprodproduct.edge.naverncp.com/108696/thumb/999,,https://www.oasis.co.kr/product/detail/108696,oasis
"매일두유 99.9/식이섬유/검은콩, 뼈로가는고칼슘 담백한맛/검은콩 190ml 24팩",,유제품,15500,real,,50,0.95,2.11,4.74,2.63,68.0,,,,,,20,https://oasisprodproduct.edge.naverncp.com/25316/thumb/999,,https://www.oasis.co.kr/product/detail/25316,oasis
"[무설탕,비타민C] 아이스붐 딸기 (22gx6입)",,조미료/소스,5500,real,무첨가당,400,0.0,100.0,0.0,0.45,9.0,,,,,,20,https://oasisprodproduct.edge.naverncp.com/8273/thumb/999,,https://www.oasis.co.kr/product/detail/8273,oasis
"[무설탕,비타민C] 아이스붐 복숭아 (22gx6입)",,조미료/소스,5500,real,무첨가당,400,0.0,100.0,0.0,0.45,9.0,,,,,,20,https://oasisprodproduct.edge.naverncp.com/8275/thumb/999,,https://www.oasis.co.kr/product/detail/8275,oasis
"[무설탕,비타민C] 아이스붐 레몬 (22gx6입)",,조미료/소스,5500,real,무첨가당,400,0.0,100.0,0.0,0.45,9.0,,,,,,20,https://oasisprodproduct.edge.naverncp.com/8272/thumb/999,,https://www.oasis.co.kr/product/detail/8272,oasis
비오바이 핀란드산 100% 자일리톨 무설탕 캔디 150g 용기형,,간식/디저트,12000,real,무첨가당,405,0.0,97.37,0.1,1.61,3.0,,,자일리톨,,,20,https://oasisprodproduct.edge.naverncp.com/130784/thumb/999,,https://www.oasis.co.kr/product/detail/130784,oasis
바른 멀티비타민 미네랄 1000mgX60정 2개월분,,기타,34700,real,,8,0.0,2.0,0.0,0.0,0.0,,,,,,20,https://oasisprodproduct.edge.naverncp.com/109860/thumb/999,,https://www.oasis.co.kr/product/detail/109860,oasis
[신선미 수제청] 패션후르츠 청,,기타,17500,real,,38,9.2,9.2,0.0,0.0,0.0,,,,,,20,https://oasisprodproduct.edge.naverncp.com/10985/thumb/999,,https://www.oasis.co.kr/product/detail/10985,oasis
들깨 수제 강정 (250g/1봉지),,기타,18900,real,,509,26.34,55.23,9.79,27.6,5.0,,,,,,20,https://oasisprodproduct.edge.naverncp.com/26054/thumb/999,,https://www.oasis.co.kr/product/detail/26054,oasis
고창 복분자원액 100%,,기타,54000,real,,55,13.0,15.0,0.0,0.0,0.0,,,,,,20,https://oasisprodproduct.edge.naverncp.com/5096/thumb/999,,https://www.oasis.co.kr/product/detail/5096,oasis
[모던구루] 수제 그래놀라 9종,,간식/디저트,11000,real,,478,14.0,56.0,13.0,23.0,42.0,,,,,,20,https://oasisprodproduct.edge.naverncp.com/29048/thumb/999,,https://www.oasis.co.kr/product/detail/29048,oasis
매일유업 매일두유 99.9 950ml 대용량 (6팩/12팩),,유제품,16300,real,,50,0.95,2.11,4.74,2.63,68.0,,,,,,20,https://oasisprodproduct.edge.naverncp.com/20404/thumb/999,,https://www.oasis.co.kr/product/detail/20404,oasis
[4주 패키지] 키토제니 방탄커피 24개입,,음료,77500,real,,70,0.0,0.87,0.44,7.09,4.0,,,,,,20,https://oasisprodproduct.edge.naverncp.com/38711/thumb/999,,https://www.oasis.co.kr/product/detail/38711,oasis
[뉴팜헬스케어] 임금님 경흑고 꿀 흑삼 12g x 30포,,기타,159000,real,,228,16.11,55.14,1.49,0.12,14.0,,,,,,20,https://oasisprodproduct.edge.naverncp.com/130322/thumb/999,,https://www.oasis.co.kr/product/detail/130322,oasis
유기농 파머스칩 현미호라산밀 현미칩 쌀과자 60g x 30봉,,간식/디저트,57000,real,,390,0.37,83.65,9.0,3.0,162.0,,,,,,20,https://oasisprodproduct.edge.naverncp.com/96998/thumb/999,,https://www.oasis.co.kr/product/detail/96998,oasis
[무료배송] 프랑스어 사블레 초콜릿 쿠키 선물세트,,간식/디저트,47530,real,,434,23.52,45.71,5.32,25.66,67.0,,,,,,20,https://oasisprodproduct.edge.naverncp.com/69708/thumb/999,,https://www.oasis.co.kr/product/detail/69708,oasis
[모던구루]수제 그래놀라 베스트 4종 선물세트,,간식/디저트,41200,real,,478,14.0,56.0,13.0,23.0,42.0,,,,,,20,https://oasisprodproduct.edge.naverncp.com/29075/thumb/999,,https://www.oasis.co.kr/product/detail/29075,oasis
아몬드가 들어간 국산 고구마칩 고칩스 오리지널 (40g*10개),,기타,39700,real,,470,30.0,60.0,14.0,20.0,20.0,,,,,,20,https://oasisprodproduct.edge.naverncp.com/132286/thumb/999,,https://www.oasis.co.kr/product/detail/132286,oasis
시크혜 단호박 12병 / 24병,,기타,34800,real,,61,11.43,14.29,0.41,0.0,0.0,,,,,,20,https://oasisprodproduct.edge.naverncp.com/70385/thumb/999,,https://www.oasis.co.kr/product/detail/70385,oasis
웰그린 프리미엄 스테비아 커피믹스 선물세트 저칼로리 무설탕 믹스 커피,,음료,32900,real,무첨가당,303,0.0,73.74,0.0,14.14,354.0,,,스테비아,,,20,https://oasisprodproduct.edge.naverncp.com/119067/thumb/999,,https://www.oasis.co.kr/product/detail/119067,oasis
[모던구루] 수제 그래놀라 베스트 3종 선물세트,,간식/디저트,32100,real,,478,14.0,56.0,13.0,23.0,42.0,,,,,,20,https://oasisprodproduct.edge.naverncp.com/29073/thumb/999,,https://www.oasis.co.kr/product/detail/29073,oasis
엄마애손 국내산 자색 돼지감자즙 진액 (100mlx60포),,건강기능식품,31800,real,,90,3.2,21.2,1.4,0.0,49.0,,,,,,20,https://oasisprodproduct.edge.naverncp.com/64133/thumb/999,,https://www.oasis.co.kr/product/detail/64133,oasis
이캄 화이트 초콜릿 커버춰 32% 1kg 이탈리아 프리미엄 초콜렛,,간식/디저트,28500,real,,598,40.8,50.1,6.3,41.4,53.0,,,,,,20,https://oasisprodproduct.edge.naverncp.com/128181/thumb/999,,https://www.oasis.co.kr/product/detail/128181,oasis
건망고 슬라이스 1kg,,기타,28400,real,,346,64.0,70.0,3.0,6.0,0.0,,,,,,20,https://oasisprodproduct.edge.naverncp.com/128603/thumb/999,,https://www.oasis.co.kr/product/detail/128603,oasis
러브앤피넛 100% 국산 땅콩버터 380g / 스무스 크런치 선택,,유제품,27500,real,,605,7.0,19.0,24.0,48.0,10.0,,,,,,20,https://oasisprodproduct.edge.naverncp.com/90646/thumb/999,,https://www.oasis.co.kr/product/detail/90646,oasis
부드러운 한입 그래놀라,,간식/디저트,24000,real,,464,9.0,32.0,14.0,31.0,27.0,,,,,,20,https://oasisprodproduct.edge.naverncp.com/82607/thumb/999,,https://www.oasis.co.kr/product/detail/82607,oasis
부드러운 대추 한입 그래놀라,,간식/디저트,24000,real,,320,6.0,22.0,11.0,22.0,26.0,,,,,,20,https://oasisprodproduct.edge.naverncp.com/82603/thumb/999,,https://www.oasis.co.kr/product/detail/82603,oasis
부드러운 시금치&완두콩 한입 그래놀라,,간식/디저트,22000,real,,410,4.0,63.33,14.33,14.0,70.0,,,,,,20,https://oasisprodproduct.edge.naverncp.com/82616/thumb/999,,https://www.oasis.co.kr/product/detail/82616,oasis
부드러운 유자 한입 그래놀라 (25g*12개),,간식/디저트,22000,real,,457,4.35,31.68,14.77,32.33,88.0,,,,,,20,https://oasisprodproduct.edge.naverncp.com/82620/thumb/999,,https://www.oasis.co.kr/product/detail/82620,oasis
코문 유기농 천연 코코넛워터 100% 500ml,,음료,21900,real,,26,6.0,6.5,0.0,0.0,26.0,,,,,,20,https://oasisprodproduct.edge.naverncp.com/112116/thumb/999,,https://www.oasis.co.kr/product/detail/112116,oasis
유기농 파머스칩 현미호라산밀 현미칩 쌀과자 60g x 10봉,,간식/디저트,19900,real,,390,0.37,83.65,9.0,3.0,162.0,,,,,,20,https://oasisprodproduct.edge.naverncp.com/96978/thumb/999,,https://www.oasis.co.kr/product/detail/96978,oasis
유기농블루베리효소 500ml,,기타,18000,real,,180,48.0,48.0,0.0,0.0,0.0,,,,,,20,https://oasisprodproduct.edge.naverncp.com/37866/thumb/999,,https://www.oasis.co.kr/product/detail/37866,oasis
비건 두바이 피스타치오 두쫀쿠 초코볼 80g,,간식/디저트,15900,real,,550,30.0,60.0,10.0,30.0,120.0,,,,,,20,https://oasisprodproduct.edge.naverncp.com/124236/thumb/999,,https://www.oasis.co.kr/product/detail/124236,oasis
유기농 레몬즙으로 만든 얼려먹는 제니소르베 딥레몬 10개입,,기타,22000,real,,27,1.6,6.4,0.4,0.0,0.0,,,,,,20,https://oasisprodproduct.edge.naverncp.com/115025/thumb/999,,https://www.oasis.co.kr/product/detail/115025,oasis
동국 유기농 레몬즙 스틱 1일 1레몬 100% 생레몬 무설탕 14개 20g,,조미료/소스,25000,real,무첨가당,25,0.7,5.0,0.4,0.0,7.0,,,,,,20,https://oasisprodproduct.edge.naverncp.com/99446/thumb/999,,https://www.oasis.co.kr/product/detail/99446,oasis
[머시스 키친] 편리하게 짜먹는 땅콩버터,,유제품,12800,real,,572,6.0,30.0,29.0,37.0,5.0,,,,,,20,https://oasisprodproduct.edge.naverncp.com/107899/thumb/999,,https://www.oasis.co.kr/product/detail/107899,oasis
유기농 건블루베리 100g,,기타,14000,real,,319,63.0,77.0,1.0,0.5,9.0,,,,,,20,https://oasisprodproduct.edge.naverncp.com/37832/thumb/999,,https://www.oasis.co.kr/product/detail/37832,oasis
완전두유 국산 검은콩 무가당,,유제품,9800,real,무첨가당,29,0.37,1.58,2.63,1.42,63.0,,,,,,20,https://oasisprodproduct.edge.naverncp.com/113791/thumb/999,,https://www.oasis.co.kr/product/detail/113791,oasis
강훈목장 수제 요거트 플레인 500ml,,유제품,5300,real,,75,5.0,8.0,3.0,3.4,35.0,,,,,,20,https://oasisprodproduct.edge.naverncp.com/67001/thumb/999,,https://www.oasis.co.kr/product/detail/67001,oasis
무가당 온통두유 서리태 통두유 99.8 190mL(16입),,유제품,13900,real,무첨가당,36,0.6,3.0,3.0,1.8,95.0,,,,,,20,https://oasisprodproduct.edge.naverncp.com/112686/thumb/999,,https://www.oasis.co.kr/product/detail/112686,oasis
[20%쿠폰]자연을담은 조은여주즙(100ml×30포),,기타,28900,real,,9,0.0,2.0,0.0,0.0,9.0,,,,,,20,https://oasisprodproduct.edge.naverncp.com/30133/thumb/999,,https://www.oasis.co.kr/product/detail/30133,oasis
그릭데이 플레인 요거트(오리지널) 900ml,,유제품,5590,real,,75,3.0,5.0,4.0,4.4,70.0,,,,,,20,https://oasisprodproduct.edge.naverncp.com/107238/thumb/999,,https://www.oasis.co.kr/product/detail/107238,oasis
넛츠그린 무가당 땅콩버터 스무스 (200g),,유제품,8800,real,무첨가당,600,0.0,27.0,28.0,42.0,0.0,,,,,,20,https://oasisprodproduct.edge.naverncp.com/125086/thumb/999,,https://www.oasis.co.kr/product/detail/125086,oasis
[요빌] 수제 그릭요거트 550g,,유제품,12500,real,,225,2.0,6.0,14.0,16.0,21.0,,,,,,20,https://oasisprodproduct.edge.naverncp.com/49961/thumb/999,,https://www.oasis.co.kr/product/detail/49961,oasis
네덜란드산 무가당 100% 더치 코코아 파우더 200g,,기타,9800,real,무첨가당,438,1.0,42.8,19.5,21.0,30.0,,,,,,20,https://oasisprodproduct.edge.naverncp.com/118236/thumb/999,,https://www.oasis.co.kr/product/detail/118236,oasis
무가당 무지방 그릭요거트 500g,,유제품,9800,real,무첨가당,154,0.72,11.31,26.78,0.2,21.0,,,,,,20,https://oasisprodproduct.edge.naverncp.com/110011/thumb/999,,https://www.oasis.co.kr/product/detail/110011,oasis
[요빌] 수제 그래놀라 250g,,간식/디저트,12500,real,,455,0.0,61.52,14.33,21.72,130.0,,,,,,20,https://oasisprodproduct.edge.naverncp.com/49965/thumb/999,,https://www.oasis.co.kr/product/detail/49965,oasis
[서울3대팥죽맛집] 팥죽 선물세트 담꽃2호 국산 팥 무가당 통팥죽 단팥죽,,기타,39000,real,무첨가당,100,0.36,18.0,6.8,0.24,128.0,,,,,,20,https://oasisprodproduct.edge.naverncp.com/85458/thumb/999,,https://www.oasis.co.kr/product/detail/85458,oasis
밀키요 시그니처 그릭요거트 100g *2개,,유제품,8000,real,,141,11.0,12.0,7.0,7.0,91.0,,,,,,20,https://oasisprodproduct.edge.naverncp.com/62042/thumb/999,,https://www.oasis.co.kr/product/detail/62042,oasis
해남 천연발효종 해풍쑥 쌀 베이글 (12개),,기타,35000,real,,248,1.49,40.18,12.88,3.52,453.0,,,,,,20,https://oasisprodproduct.edge.naverncp.com/119730/thumb/999,,https://www.oasis.co.kr/product/detail/119730,oasis
밀크아트 수제요거트 플레인요거트 1000ml 2팩 [무가당/가당],,음료,15600,real,무첨가당,88,12.5,12.5,3.25,2.5,63.0,,,,,,20,https://oasisprodproduct.edge.naverncp.com/81069/thumb/999,,https://www.oasis.co.kr/product/detail/81069,oasis
국민바이오 제주나물콩두유 180ml 20팩 1box,,유제품,18900,real,,33,0.0,2.78,2.78,0.83,42.0,,,,,,20,https://oasisprodproduct.edge.naverncp.com/99670/thumb/999,,https://www.oasis.co.kr/product/detail/99670,oasis
[서울3대팥죽맛집] 담꽃무가당 통팥죽 4입 고운 팥죽 동지팥죽,,기타,26000,real,무첨가당,100,0.36,18.0,6.8,0.24,128.0,,,,,,20,https://oasisprodproduct.edge.naverncp.com/54051/thumb/999,,https://www.oasis.co.kr/product/detail/54051,oasis
무가당 100% 시아라 피스타치오페이스트 190g 스프레드,,조미료/소스,25200,real,무첨가당,560,0.0,28.0,20.0,45.0,0.0,,,,,,20,https://oasisprodproduct.edge.naverncp.com/102522/thumb/999,,https://www.oasis.co.kr/product/detail/102522,oasis
동원 옥수수수염차 (350ml X 24개/48개/96개) 차음료,,음료,12800,real,,0,0.0,0.0,0.0,0.0,11.0,,,,,,20,https://oasisprodproduct.edge.naverncp.com/120062/thumb/999,,https://www.oasis.co.kr/product/detail/120062,oasis
콜라타 다크초콜릿 1kg 컴파운드 버튼 초콜렛,,음료,11900,real,,589,46.0,51.0,4.0,41.0,45.0,,,,,,20,https://oasisprodproduct.edge.naverncp.com/127660/thumb/999,,https://www.oasis.co.kr/product/detail/127660,oasis
마녀의부엌 대용량 밀크티베이스 500ml 9종,,음료,17000,real,,225,51.0,56.0,0.0,0.0,0.0,,,,,,20,https://oasisprodproduct.edge.naverncp.com/46121/thumb/999,,https://www.oasis.co.kr/product/detail/46121,oasis
카리브 화이트 초콜릿 컴파운드 버튼 초콜렛 1kg (코팅용) 컴파운트 베이킹재료,,간식/디저트,8000,real,,557,50.0,60.0,5.0,33.0,2.0,,,,,,20,https://oasisprodproduct.edge.naverncp.com/130838/thumb/999,,https://www.oasis.co.kr/product/detail/130838,oasis
스테비아 토망고 1kg/2kg/3kg/4kg,,조미료/소스,13100,real,무첨가당,35,4.0,6.0,1.0,0.5,0.0,,,스테비아,,,20,https://oasisprodproduct.edge.naverncp.com/14468/thumb/999,,https://www.oasis.co.kr/product/detail/14468,oasis
[정기배송] 스테비아 대추방울토마토 1kg/1.5kg/2kg,,조미료/소스,8500,real,무첨가당,35,3.0,7.0,1.0,0.0,0.0,,,스테비아,,,20,https://oasisprodproduct.edge.naverncp.com/14469/thumb/999,,https://www.oasis.co.kr/product/detail/14469,oasis
"다니 스테비아 방울토마토 500g 2팩(1kg), 4팩(2kg)",,조미료/소스,13900,real,무첨가당,60,6.0,15.0,0.4,0.0,35.0,,,스테비아,,,20,https://oasisprodproduct.edge.naverncp.com/108685/thumb/999,,https://www.oasis.co.kr/product/detail/108685,oasis
"다니 스테비아 완숙토마토 800g 2팩(1.6kg), 4팩(3.2kg)",,조미료/소스,16900,real,무첨가당,25,2.9,4.6,1.2,0.0,3.0,,,스테비아,,,20,https://oasisprodproduct.edge.naverncp.com/108686/thumb/999,,https://www.oasis.co.kr/product/detail/108686,oasis
[정기배송][감동마토] GAP 스테비아 대추방울토마토 1kg 2kg,,조미료/소스,9900,real,무첨가당,35,3.0,7.0,1.0,0.0,0.0,,,스테비아,,,20,https://oasisprodproduct.edge.naverncp.com/83157/thumb/999,,https://www.oasis.co.kr/product/detail/83157,oasis
[통통농장] 국내산 스테비아 방울토마토 (팩포장),,조미료/소스,8900,real,무첨가당,31,3.0,5.0,1.0,1.0,23.0,,,스테비아,,,20,https://oasisprodproduct.edge.naverncp.com/112155/thumb/999,,https://www.oasis.co.kr/product/detail/112155,oasis
스테비아 방울 토마토 1kg,,조미료/소스,19900,real,무첨가당,31,5.6,6.8,0.8,0.0,21.0,,,스테비아,,,20,https://oasisprodproduct.edge.naverncp.com/105560/thumb/999,,https://www.oasis.co.kr/product/detail/105560,oasis
익음 스테비아 방울토마토 500g 1팩/2팩/3팩/4팩 선택,,조미료/소스,7900,real,무첨가당,31,3.0,5.0,1.0,1.0,23.0,,,스테비아,,,20,https://oasisprodproduct.edge.naverncp.com/125868/thumb/999,,https://www.oasis.co.kr/product/detail/125868,oasis
프리미엄 스테비아 방울토마토 일반향 망고향 한라봉향,,조미료/소스,9500,real,무첨가당,31,3.0,5.0,1.0,1.0,23.0,,,스테비아,,,20,https://oasisprodproduct.edge.naverncp.com/100988/thumb/999,,https://www.oasis.co.kr/product/detail/100988,oasis
[건달마토] 건강하고 달콤한 스테비아방울토마토 1kg/2kg,,조미료/소스,23900,real,무첨가당,31,3.0,5.0,1.0,1.0,23.0,,,스테비아,,,20,https://oasisprodproduct.edge.naverncp.com/76144/thumb/999,,https://www.oasis.co.kr/product/detail/76144,oasis
9無 자연키움 훈제오리 400g,,기타,9900,real,,286,1.9,6.3,15.5,22.1,258.0,,,,,,20,https://oasisprodproduct.edge.naverncp.com/125286/thumb/999,,https://www.oasis.co.kr/product/detail/125286,oasis
[초특가] 10無 더건강한 오리훈제,,기타,11500,real,,305,0.0,13.0,15.0,22.0,340.0,,,,,,20,https://oasisprodproduct.edge.naverncp.com/103386/thumb/999,,https://www.oasis.co.kr/product/detail/103386,oasis
자연키움 간장 오리주물럭 500g,,조미료/소스,12500,real,,231,2.9,5.0,12.4,17.9,235.0,,,,,,20,https://oasisprodproduct.edge.naverncp.com/129538/thumb/999,,https://www.oasis.co.kr/product/detail/129538,oasis
자연키움 고추장 오리주물럭 500g,,조미료/소스,12900,real,,256,5.1,8.4,11.8,19.5,231.0,,,,,,20,https://oasisprodproduct.edge.naverncp.com/129539/thumb/999,,https://www.oasis.co.kr/product/detail/129539,oasis
애슐리 치즈 폭포 돈카츠,,유제품,8990,real,,274,0.0,20.64,15.6,14.39,373.0,,,,,,20,https://oasisprodproduct.edge.naverncp.com/92316/thumb/999,,https://www.oasis.co.kr/product/detail/92316,oasis
몽크슈 알룰로스(액상형/분말형/대용량),,조미료/소스,8010,real,무첨가당,44,0.33,55.93,0.73,0.27,97.0,,,알룰로스,,,20,https://oasisprodproduct.edge.naverncp.com/110602/thumb/999,,https://www.oasis.co.kr/product/detail/110602,oasis
한주 우리밀고추장 튜브 60g × 3입,,조미료/소스,12900,real,,225,29.2,50.8,3.8,0.7,2266.0,,,,,,20,https://oasisprodproduct.edge.naverncp.com/131358/thumb/999,,https://www.oasis.co.kr/product/detail/131358,oasis
"오리양념불고기(650g), 오리간장불고기 (550g ) 2인분,4인분",,조미료/소스,35600,real,,30,0.72,0.79,2.4,1.89,52.0,,,,,,20,https://oasisprodproduct.edge.naverncp.com/36982/thumb/999,,https://www.oasis.co.kr/product/detail/36982,oasis
무항한돈 문어모양 비엔나(240g),,기타,3900,real,,240,5.0,8.0,14.0,17.0,690.0,,,,,,20,https://oasisprodproduct.edge.naverncp.com/20461/thumb/999,,https://www.oasis.co.kr/product/detail/20461,oasis
무항한돈 팜프레시 전G 베이컨 (100g),,기타,6380,real,,210,2.0,2.0,16.0,15.0,600.0,,,,,,20,https://oasisprodproduct.edge.naverncp.com/42641/thumb/999,,https://www.oasis.co.kr/product/detail/42641,oasis
스테츠 갈릭 바베큐 스테이크 시즈닝 260g,,육가공품,17800,real,,255,3.0,34.0,14.0,7.0,17400.0,,,,,,20,https://oasisprodproduct.edge.naverncp.com/119897/thumb/999,,https://www.oasis.co.kr/product/detail/119897,oasis
스테츠 어메니티 갈릭 바베큐 스테이크 시즈닝 50g,,육가공품,4800,real,,255,3.0,34.0,14.0,7.0,17400.0,,,,,,20,https://oasisprodproduct.edge.naverncp.com/119901/thumb/999,,https://www.oasis.co.kr/product/detail/119901,oasis
푸룬자두 곤약쫀드기 10개입 1봉,,기타,9900,real,,335,36.91,68.7,7.96,3.17,456.0,,,,,,20,https://oasisprodproduct.edge.naverncp.com/93958/thumb/999,,https://www.oasis.co.kr/product/detail/93958,oasis
우리밀 마카로니 과자(120g),,간식/디저트,2800,real,,485,0.27,69.32,10.61,18.36,486.0,,,,,,20,https://oasisprodproduct.edge.naverncp.com/86098/thumb/999,,https://www.oasis.co.kr/product/detail/86098,oasis
유기농 현미쌀스틱,,건강기능식품,3000,real,,383,0.0,83.33,6.67,3.0,0.0,,,,,,20,https://oasisprodproduct.edge.naverncp.com/2022/thumb/999,,https://www.oasis.co.kr/product/detail/2022,oasis
우리밀 꿀쫀드기(25g×5입),,기타,3500,real,,328,31.64,68.72,6.36,3.08,692.0,,,,,,20,https://oasisprodproduct.edge.naverncp.com/86719/thumb/999,,https://www.oasis.co.kr/product/detail/86719,oasis
유기농 현미쌀과자 미니,,간식/디저트,50000,real,,387,1.29,84.29,8.0,1.86,83.0,,,,,,20,https://oasisprodproduct.edge.naverncp.com/36223/thumb/999,,https://www.oasis.co.kr/product/detail/36223,oasis
우리밀 발아통밀 오곡이 (180g),,기타,2950,real,,443,33.33,73.33,10.0,13.33,383.0,,,,,,20,https://oasisprodproduct.edge.naverncp.com/520/thumb/999,,https://www.oasis.co.kr/product/detail/520,oasis
생미쉘 빨레뜨(150g),,기타,5980,real,,537,26.77,64.52,6.13,28.23,248.0,,,,,,20,https://oasisprodproduct.edge.naverncp.com/40997/thumb/999,,https://www.oasis.co.kr/product/detail/40997,oasis
[유아간식] 로지오가닉 유기농 쌀과자 퍼프  6종(택1) (20g),,간식/디저트,2800,real,,386,0.0,90.91,4.55,0.0,0.0,,,,,,20,https://oasisprodproduct.edge.naverncp.com/126021/thumb/999,,https://www.oasis.co.kr/product/detail/126021,oasis
우리밀 구쁘퐁,,기타,1950,real,,390,25.0,90.0,4.0,1.6,20.0,,,,,,20,https://oasisprodproduct.edge.naverncp.com/1936/thumb/999,,https://www.oasis.co.kr/product/detail/1936,oasis
베베쿡 더 맛있는 빼빼롱뻥 블루베리(40g),,기타,3200,real,,527,6.67,60.0,6.67,29.33,163.0,,,,,,20,https://oasisprodproduct.edge.naverncp.com/56727/thumb/999,,https://www.oasis.co.kr/product/detail/56727,oasis
티카 칩스 파타고니아 (35g),,기타,2200,real,,485,8.3,54.7,5.6,25.3,265.0,,,,,,20,https://oasisprodproduct.edge.naverncp.com/129203/thumb/999,,https://www.oasis.co.kr/product/detail/129203,oasis
생미쉘 초코 갈라떼 (121g),,음료,4320,real,,480,30.33,68.67,6.0,20.33,242.0,,,,,,20,https://oasisprodproduct.edge.naverncp.com/41000/thumb/999,,https://www.oasis.co.kr/product/detail/41000,oasis
우리밀 계란과자,,간식/디저트,2400,real,,405,10.0,39.0,8.0,24.0,133.0,,,,,,20,https://oasisprodproduct.edge.naverncp.com/2093/thumb/999,,https://www.oasis.co.kr/product/detail/2093,oasis
우리밀 두부스낵,,간식/디저트,2600,real,,583,10.0,51.67,8.33,38.33,142.0,,,,,,20,https://oasisprodproduct.edge.naverncp.com/18409/thumb/999,,https://www.oasis.co.kr/product/detail/18409,oasis
[특가] 구워만든 곡물그대로 21 딸기,,기타,5200,real,,605,14.0,49.0,4.0,44.0,190.0,,,,,,20,https://oasisprodproduct.edge.naverncp.com/19966/thumb/999,,https://www.oasis.co.kr/product/detail/19966,oasis
베베쿡 더 맛있는 빼빼롱뻥 구운옥수수(40g),,기타,3200,real,,550,6.67,56.67,3.33,33.33,150.0,,,,,,20,https://oasisprodproduct.edge.naverncp.com/56728/thumb/999,,https://www.oasis.co.kr/product/detail/56728,oasis
[특가] 구워만든 곡물그대로 21,,기타,5200,real,,570,22.09,55.87,2.43,37.41,122.0,,,,,,20,https://oasisprodproduct.edge.naverncp.com/19963/thumb/999,,https://www.oasis.co.kr/product/detail/19963,oasis
[특가] 구워만든 곡물그대로 21 초코,,간식/디저트,5200,real,,500,27.1,68.0,7.2,22.1,67.0,,,,,,20,https://oasisprodproduct.edge.naverncp.com/19965/thumb/999,,https://www.oasis.co.kr/product/detail/19965,oasis
[특가] 구워만든 곡물그대로 21 인절미,,기타,5200,real,,605,14.0,49.0,4.0,44.0,190.0,,,,,,20,https://oasisprodproduct.edge.naverncp.com/57716/thumb/999,,https://www.oasis.co.kr/product/detail/57716,oasis
생미쉘 갈라떼,,음료,4900,real,,467,25.0,74.04,6.92,15.96,331.0,,,,,,20,https://oasisprodproduct.edge.naverncp.com/40999/thumb/999,,https://www.oasis.co.kr/product/detail/40999,oasis
우리밀 인절미 모나카,,기타,1200,real,,317,30.0,70.0,6.67,2.0,83.0,,,,,,20,https://oasisprodproduct.edge.naverncp.com/3822/thumb/999,,https://www.oasis.co.kr/product/detail/3822,oasis
생미쉘 마들렝 (250g),,기타,4980,real,,474,22.0,52.0,5.7,27.0,352.0,,,,,,20,https://oasisprodproduct.edge.naverncp.com/40998/thumb/999,,https://www.oasis.co.kr/product/detail/40998,oasis
초코 현미 크런치바,,간식/디저트,18900,real,,500,30.0,65.0,5.0,25.0,25.0,,,,,,20,https://oasisprodproduct.edge.naverncp.com/107303/thumb/999,,https://www.oasis.co.kr/product/detail/107303,oasis
[우리밀] 바닐라빈 마들렌 2입 (32g),,간식/디저트,5900,real,,431,32.0,55.0,5.0,20.0,157.0,,,,,,20,https://oasisprodproduct.edge.naverncp.com/78818/thumb/999,,https://www.oasis.co.kr/product/detail/78818,oasis
보드레 웨하스,,간식/디저트,2400,real,,519,25.0,63.75,7.5,26.25,163.0,,,,,,20,https://oasisprodproduct.edge.naverncp.com/524/thumb/999,,https://www.oasis.co.kr/product/detail/524,oasis
무농약 쌀튀밥(80g),,기타,2100,real,,390,0.0,83.0,7.0,3.3,0.0,,,,,,20,https://oasisprodproduct.edge.naverncp.com/90089/thumb/999,,https://www.oasis.co.kr/product/detail/90089,oasis
[우리밀] 수니 단호박 마들렌 2입 (32g),,간식/디저트,5900,real,,466,28.13,46.88,6.25,28.13,175.0,,,,,,20,https://oasisprodproduct.edge.naverncp.com/78824/thumb/999,,https://www.oasis.co.kr/product/detail/78824,oasis
우리밀 초코웨하스,,간식/디저트,2400,real,,513,30.0,66.25,7.5,25.0,138.0,,,,,,20,https://oasisprodproduct.edge.naverncp.com/145/thumb/999,,https://www.oasis.co.kr/product/detail/145,oasis
우리밀 딸기웨이퍼,,기타,15000,real,,500,33.33,66.67,5.89,24.44,111.0,,,,,,20,https://oasisprodproduct.edge.naverncp.com/112351/thumb/999,,https://www.oasis.co.kr/product/detail/112351,oasis
웨하스 딸기맛,,간식/디저트,2400,real,,494,30.03,67.31,5.9,22.31,151.0,,,,,,20,https://oasisprodproduct.edge.naverncp.com/519/thumb/999,,https://www.oasis.co.kr/product/detail/519,oasis
[우리밀] 수니 얼그레이 마들렌 2입 (32g),,간식/디저트,5900,real,,473,17.78,51.11,6.67,26.67,173.0,,,,,,20,https://oasisprodproduct.edge.naverncp.com/78820/thumb/999,,https://www.oasis.co.kr/product/detail/78820,oasis
우리밀 감태웨이퍼,,기타,15000,real,,513,37.5,75.0,7.5,20.0,150.0,,,,,,20,https://oasisprodproduct.edge.naverncp.com/112352/thumb/999,,https://www.oasis.co.kr/product/detail/112352,oasis
우리밀 우유웨이퍼,,유제품,15000,real,,500,33.33,66.67,6.0,25.56,111.0,,,,,,20,https://oasisprodproduct.edge.naverncp.com/112350/thumb/999,,https://www.oasis.co.kr/product/detail/112350,oasis
[우리밀] 수니 다크초코 마들렌 2입 (32g),,간식/디저트,6100,real,,489,28.6,54.2,8.6,28.6,274.0,,,,,,20,https://oasisprodproduct.edge.naverncp.com/78822/thumb/999,,https://www.oasis.co.kr/product/detail/78822,oasis
[특가] 식품명인 오희숙 황태껍질튀각,,기타,2900,real,,646,0.0,0.83,44.98,51.36,346.0,,,,,,20,https://oasisprodproduct.edge.naverncp.com/4802/thumb/999,,https://www.oasis.co.kr/product/detail/4802,oasis
단호박 쌀 파운드케이크,,간식/디저트,4300,real,,390,25.02,46.11,4.39,20.83,41.0,,,,,,20,https://oasisprodproduct.edge.naverncp.com/104226/thumb/999,,https://www.oasis.co.kr/product/detail/104226,oasis
우리쌀 마들렌 레몬,,간식/디저트,3800,real,,433,23.58,51.06,5.52,22.98,138.0,,,,,,20,https://oasisprodproduct.edge.naverncp.com/108536/thumb/999,,https://www.oasis.co.kr/product/detail/108536,oasis
우리쌀 양파와 새우 라이스칩(60g),,기타,2800,real,,386,0.0,87.36,7.27,0.81,105.0,,,,,,20,https://oasisprodproduct.edge.naverncp.com/79983/thumb/999,,https://www.oasis.co.kr/product/detail/79983,oasis
[국내산 100%] 리얼 고구마칩,,기타,3600,real,,480,38.0,68.0,4.0,20.0,90.0,,,,,,20,https://oasisprodproduct.edge.naverncp.com/99120/thumb/999,,https://www.oasis.co.kr/product/detail/99120,oasis
아몬드 바삭대추,,기타,3500,real,,452,28.0,64.0,12.0,16.0,8.0,,,,,,20,https://oasisprodproduct.edge.naverncp.com/9228/thumb/999,,https://www.oasis.co.kr/product/detail/9228,oasis
콩으로 만든 얼그레이 크래커,,기타,9800,real,,467,15.56,68.89,11.11,15.56,509.0,,,,,,20,https://oasisprodproduct.edge.naverncp.com/34718/thumb/999,,https://www.oasis.co.kr/product/detail/34718,oasis
유기농 바나나칩 (370g),,기타,7900,real,,506,17.0,68.0,2.0,25.0,1.0,,,,,,20,https://oasisprodproduct.edge.naverncp.com/2121/thumb/999,,https://www.oasis.co.kr/product/detail/2121,oasis
제대로 햇 감자칩(75g),,기타,2520,real,,533,3.33,53.33,6.67,33.33,317.0,,,,,,20,https://oasisprodproduct.edge.naverncp.com/112385/thumb/999,,https://www.oasis.co.kr/product/detail/112385,oasis
크리스피코코넛(300g),,기타,13000,real,,500,30.0,66.67,3.33,26.67,333.0,,,,,,20,https://oasisprodproduct.edge.naverncp.com/84250/thumb/999,,https://www.oasis.co.kr/product/detail/84250,oasis
제대로 햇 감자칩 마일드 어니언(75g),,기타,2520,real,,533,3.33,53.33,6.67,33.33,317.0,,,,,,20,https://oasisprodproduct.edge.naverncp.com/131493/thumb/999,,https://www.oasis.co.kr/product/detail/131493,oasis
달콤바삭 피칸정과 140g,,기타,9900,real,,667,15.6,32.34,9.78,55.37,2.0,,,,,,20,https://oasisprodproduct.edge.naverncp.com/102886/thumb/999,,https://www.oasis.co.kr/product/detail/102886,oasis
달콤바삭 호두정과 (140g),,기타,5900,real,,664,20.65,30.32,11.71,55.1,4.0,,,,,,20,https://oasisprodproduct.edge.naverncp.com/96285/thumb/999,,https://www.oasis.co.kr/product/detail/96285,oasis
[수제쿠키]샤브레디아망 (100g),,간식/디저트,4500,real,,549,15.0,51.0,8.0,35.0,14.0,,,,,,20,https://oasisprodproduct.edge.naverncp.com/3555/thumb/999,,https://www.oasis.co.kr/product/detail/3555,oasis
"오,케이놀라 카카오(그래놀라)",,간식/디저트,18050,real,,436,14.69,75.33,7.93,11.49,99.0,,,,,,20,https://oasisprodproduct.edge.naverncp.com/64661/thumb/999,,https://www.oasis.co.kr/product/detail/64661,oasis
아이스 전통 찰보리병 (30g×10입),,기타,8800,real,,283,26.67,46.67,6.67,7.67,300.0,,,,,,20,https://oasisprodproduct.edge.naverncp.com/27344/thumb/999,,https://www.oasis.co.kr/product/detail/27344,oasis
우리밀 곰돌이,,기타,2400,real,,500,14.29,68.57,11.43,20.0,257.0,,,,,,20,https://oasisprodproduct.edge.naverncp.com/527/thumb/999,,https://www.oasis.co.kr/product/detail/527,oasis
[국내산] 고구마 100% 바삭칩,,기타,9300,real,,350,32.5,87.5,5.0,0.0,38.0,,,,,,20,https://oasisprodproduct.edge.naverncp.com/106584/thumb/999,,https://www.oasis.co.kr/product/detail/106584,oasis
골든 치즈 타르트 (45g X 3개),,유제품,8000,real,,542,27.0,66.0,2.0,30.0,150.0,,,,,,20,https://oasisprodproduct.edge.naverncp.com/95430/thumb/999,,https://www.oasis.co.kr/product/detail/95430,oasis
[소리부터맛있어] 이름 그대로 바삭한 연근칩,,기타,4500,real,,73,1.8,17.33,1.67,0.07,21.0,,,,,,20,https://oasisprodproduct.edge.naverncp.com/78745/thumb/999,,https://www.oasis.co.kr/product/detail/78745,oasis
[특가]우리밀 한입약과,,간식/디저트,2200,real,,379,20.83,55.0,4.17,15.83,96.0,,,,,,20,https://oasisprodproduct.edge.naverncp.com/2833/thumb/999,,https://www.oasis.co.kr/product/detail/2833,oasis
우리밀 야채쌀건빵(120g),,간식/디저트,3000,real,,425,12.5,78.33,10.0,7.5,400.0,,,,,,20,https://oasisprodproduct.edge.naverncp.com/8327/thumb/999,,https://www.oasis.co.kr/product/detail/8327,oasis
데라리타 아몬드칩 씨솔트,,기타,2380,real,,400,5.25,48.75,12.75,19.0,650.0,,,,,,20,https://oasisprodproduct.edge.naverncp.com/92934/thumb/999,,https://www.oasis.co.kr/product/detail/92934,oasis
데라리타 아몬드칩 그릴드스위트콘맛,,기타,2380,real,,480,8.0,72.0,12.0,16.0,600.0,,,,,,20,https://oasisprodproduct.edge.naverncp.com/92931/thumb/999,,https://www.oasis.co.kr/product/detail/92931,oasis
감자래요 더블치즈맛,,유제품,2300,real,,470,4.0,80.0,1.0,16.0,320.0,,,,,,20,https://oasisprodproduct.edge.naverncp.com/52797/thumb/999,,https://www.oasis.co.kr/product/detail/52797,oasis
제대로 잘 익은 현미 담은 현미칩,,기타,2300,real,,529,7.3,63.48,4.33,28.59,271.0,,,,,,20,https://oasisprodproduct.edge.naverncp.com/84655/thumb/999,,https://www.oasis.co.kr/product/detail/84655,oasis
[수제쿠키]마카다미아 쿠키(100g),,간식/디저트,4800,real,,454,37.6,58.8,7.0,21.2,282.0,,,,,,20,https://oasisprodproduct.edge.naverncp.com/3558/thumb/999,,https://www.oasis.co.kr/product/detail/3558,oasis
[수제쿠키]플레인 동물 쿠키 (100g),,간식/디저트,4500,real,,530,9.0,60.0,9.0,28.0,105.0,,,,,,20,https://oasisprodproduct.edge.naverncp.com/3554/thumb/999,,https://www.oasis.co.kr/product/detail/3554,oasis
[수제쿠키]샤브레쇼콜라 (100g),,음료,4500,real,,530,24.0,59.0,8.0,28.0,118.0,,,,,,20,https://oasisprodproduct.edge.naverncp.com/3552/thumb/999,,https://www.oasis.co.kr/product/detail/3552,oasis
아몬드 현미김스낵 30g,,간식/디저트,3600,real,,437,26.67,60.0,16.67,14.67,633.0,,,,,,20,https://oasisprodproduct.edge.naverncp.com/39216/thumb/999,,https://www.oasis.co.kr/product/detail/39216,oasis
요거트 딸기 큐브 (1.8g X 10입),,유제품,4500,real,,389,50.0,94.44,3.33,0.0,28.0,,,,,,20,https://oasisprodproduct.edge.naverncp.com/86886/thumb/999,,https://www.oasis.co.kr/product/detail/86886,oasis
"우리밀 마드레느(중, 12g*15개)",,기타,11900,real,,440,27.0,51.0,7.0,23.0,230.0,,,,,,20,https://oasisprodproduct.edge.naverncp.com/126666/thumb/999,,https://www.oasis.co.kr/product/detail/126666,oasis
발아통밀 2.5 건빵,,간식/디저트,2700,real,,440,13.0,69.0,11.0,14.0,545.0,,,,,,20,https://oasisprodproduct.edge.naverncp.com/1904/thumb/999,,https://www.oasis.co.kr/product/detail/1904,oasis
우리밀 크래커타임,,기타,2400,real,,466,12.16,72.97,9.46,14.86,459.0,,,,,,20,https://oasisprodproduct.edge.naverncp.com/8974/thumb/999,,https://www.oasis.co.kr/product/detail/8974,oasis
바삭한 고구마 스틱(67g/1봉),,건강기능식품,2350,real,,500,4.0,68.0,2.0,24.0,150.0,,,,,,20,https://oasisprodproduct.edge.naverncp.com/4080/thumb/999,,https://www.oasis.co.kr/product/detail/4080,oasis
마롱 휘낭시에 35g,,기타,1600,real,,380,35.0,51.0,6.0,17.0,40.0,,,,,,20,https://oasisprodproduct.edge.naverncp.com/64402/thumb/999,,https://www.oasis.co.kr/product/detail/64402,oasis
넛츠그린 마카다미아 초코볼 (30g x 5봉지),,간식/디저트,10620,real,,540,2.5,33.33,16.67,46.67,147.0,,,,,,20,https://oasisprodproduct.edge.naverncp.com/45257/thumb/999,,https://www.oasis.co.kr/product/detail/45257,oasis
넛츠그린 아몬드 초코볼 (30g x 5봉지),,간식/디저트,10620,real,,523,2.5,26.67,23.33,43.33,160.0,,,,,,20,https://oasisprodproduct.edge.naverncp.com/45254/thumb/999,,https://www.oasis.co.kr/product/detail/45254,oasis
[무료배송] 정읍농부의 유기농 현미 쌀과자 유기가공식품인증,,간식/디저트,6200,real,,387,1.29,84.29,8.0,1.86,83.0,,,,,,20,https://oasisprodproduct.edge.naverncp.com/87017/thumb/999,,https://www.oasis.co.kr/product/detail/87017,oasis
"[내아이애]동결건조 과일칩 6봉세트 사과,딸기,배",,기타,21000,real,,153,13.0,24.0,0.7,6.0,5.0,,,,,,20,https://oasisprodproduct.edge.naverncp.com/8676/thumb/999,,https://www.oasis.co.kr/product/detail/8676,oasis
[내아이애] 유기농 쌀튀밥 과자 6봉 세트,,간식/디저트,14400,real,,292,0.0,66.16,4.62,0.62,62.0,,,,,,20,https://oasisprodproduct.edge.naverncp.com/8651/thumb/999,,https://www.oasis.co.kr/product/detail/8651,oasis
"[내아이애] 동결건조 과일칩 6봉세트  사과,딸기,유기농바나나",,기타,23400,real,,90,12.0,22.0,1.0,0.0,0.0,,,,,,20,https://oasisprodproduct.edge.naverncp.com/8678/thumb/999,,https://www.oasis.co.kr/product/detail/8678,oasis
[내아이애]오가닉 우리아이 순한김  4BOX 세트,,기타,18400,real,,333,0.0,50.0,50.0,0.0,333.0,,,,,,20,https://oasisprodproduct.edge.naverncp.com/8681/thumb/999,,https://www.oasis.co.kr/product/detail/8681,oasis
국산배도라지즙(100ml x 4포),,기타,6500,real,,50,6.0,13.0,0.0,0.0,0.0,,,,,,20,https://oasisprodproduct.edge.naverncp.com/3649/thumb/999,,https://www.oasis.co.kr/product/detail/3649,oasis
이솔라비오 유기농 귀리음료 1L,,음료,5400,real,,50,4.2,9.0,1.0,1.0,32.0,,,,,,20,https://oasisprodproduct.edge.naverncp.com/84659/thumb/999,,https://www.oasis.co.kr/product/detail/84659,oasis
캐치! 티니핑 솔브앤고 아이튼튼 딸기 (150ml),,기타,1200,real,,62,4.46,8.38,3.3,1.71,69.0,,,,,,20,https://oasisprodproduct.edge.naverncp.com/86648/thumb/999,,https://www.oasis.co.kr/product/detail/86648,oasis
캐치! 티니핑 솔브앤고 아이튼튼 초코 (150ml),,간식/디저트,1200,real,,71,4.54,9.34,4.19,1.86,77.0,,,,,,20,https://oasisprodproduct.edge.naverncp.com/86647/thumb/999,,https://www.oasis.co.kr/product/detail/86647,oasis
[입점특가] 아몬드데이 언스위트 (190mlx24),,기타,11000,real,,18,0.0,0.53,0.58,1.53,66.0,,,,,,20,https://oasisprodproduct.edge.naverncp.com/131532/thumb/999,,https://www.oasis.co.kr/product/detail/131532,oasis
더단백 드링크 커피,,음료,1900,real,,44,0.36,2.8,8.0,0.4,24.0,,,,,,20,https://oasisprodproduct.edge.naverncp.com/100094/thumb/999,,https://www.oasis.co.kr/product/detail/100094,oasis
"찰보리쌀 냉식혜(1500ml, 냉동)",,기타,7100,real,,46,9.0,11.0,0.0,0.0,0.0,,,,,,20,https://oasisprodproduct.edge.naverncp.com/93035/thumb/999,,https://www.oasis.co.kr/product/detail/93035,oasis
골든브루 유기농 그린티 콤부차(480ml),,기타,6000,real,,28,5.6,6.9,0.0,0.0,5.0,,,,,,20,https://oasisprodproduct.edge.naverncp.com/118069/thumb/999,,https://www.oasis.co.kr/product/detail/118069,oasis
라우치 스파클링 애플(250ml),,음료,2200,real,,40,9.2,10.0,0.0,0.0,2.0,,,,,,20,https://oasisprodproduct.edge.naverncp.com/92927/thumb/999,,https://www.oasis.co.kr/product/detail/92927,oasis
담록원 유기농 키즈 홍삼 쑥쑥 (15g X 30포),,건강기능식품,29700,real,,84,14.97,20.47,0.42,0.01,5.0,,,,,,20,https://oasisprodproduct.edge.naverncp.com/116380/thumb/999,,https://www.oasis.co.kr/product/detail/116380,oasis
[특가]솔리몬 스퀴즈드 레몬즙 500ml,,기타,6930,real,,32,0.0,7.86,0.36,0.0,25.0,,,,,,20,https://oasisprodproduct.edge.naverncp.com/130701/thumb/999,,https://www.oasis.co.kr/product/detail/130701,oasis
"[특가]솔리몬 스퀴즈드 레몬즙 1,000ml",,기타,12600,real,,32,0.0,7.86,0.36,0.0,25.0,,,,,,20,https://oasisprodproduct.edge.naverncp.com/130702/thumb/999,,https://www.oasis.co.kr/product/detail/130702,oasis
바나나맛 우유 MiNi(120ml x 24입),,유제품,17670,real,,91,10.0,10.83,2.92,4.0,47.0,,,,,,20,https://oasisprodproduct.edge.naverncp.com/35254/thumb/999,,https://www.oasis.co.kr/product/detail/35254,oasis
웰리안 유기농 아로니아주스,,음료,6350,real,,48,6.0,12.0,0.0,0.0,0.0,,,,,,20,https://oasisprodproduct.edge.naverncp.com/3790/thumb/999,,https://www.oasis.co.kr/product/detail/3790,oasis
아카페라 심플리 아메리카노(400ml*6개),,음료,8980,real,,3,0.0,0.57,0.18,0.04,21.0,,,,,,20,https://oasisprodproduct.edge.naverncp.com/129382/thumb/999,,https://www.oasis.co.kr/product/detail/129382,oasis
서울토닉 나이트 (100ml),,기타,2000,real,,59,8.0,14.0,0.2,0.0,102.0,,,,,,20,https://oasisprodproduct.edge.naverncp.com/131319/thumb/999,,https://www.oasis.co.kr/product/detail/131319,oasis
아카페라 심플리 로어슈거 라떼(400ml*6개),,음료,8980,real,,41,3.98,5.25,1.63,1.5,18.0,,,,,,20,https://oasisprodproduct.edge.naverncp.com/129384/thumb/999,,https://www.oasis.co.kr/product/detail/129384,oasis
맑은농장 베리베리주스 (100ml x 10개),,음료,14000,real,,50,9.0,11.0,1.0,0.0,7.0,,,,,,20,https://oasisprodproduct.edge.naverncp.com/79888/thumb/999,,https://www.oasis.co.kr/product/detail/79888,oasis
유기농 미숫가루(500g),,기타,9400,real,,415,20.0,80.0,10.0,6.0,0.0,,,,,,20,https://oasisprodproduct.edge.naverncp.com/931/thumb/999,,https://www.oasis.co.kr/product/detail/931,oasis
아카페라 심플리 디카페인아메리카노(400ml*6개),,음료,8980,real,,3,0.0,0.5,0.13,0.0,23.0,,,,,,20,https://oasisprodproduct.edge.naverncp.com/129383/thumb/999,,https://www.oasis.co.kr/product/detail/129383,oasis
아카페라 심플리 로어슈거 디카페인라떼(400ml*6개),,음료,8980,real,,140,20.0,24.0,4.0,3.0,170.0,,,,,,20,https://oasisprodproduct.edge.naverncp.com/130234/thumb/999,,https://www.oasis.co.kr/product/detail/130234,oasis
맑은농장 당근사과주스 (100ml x 10개),,음료,13900,real,,45,8.23,11.07,0.11,0.01,14.0,,,,,,20,https://oasisprodproduct.edge.naverncp.com/79889/thumb/999,,https://www.oasis.co.kr/product/detail/79889,oasis
유기농 ABC 주스(100ml x 21포),,음료,24000,real,,43,7.64,10.07,0.68,0.04,27.0,,,,,,20,https://oasisprodproduct.edge.naverncp.com/5415/thumb/999,,https://www.oasis.co.kr/product/detail/5415,oasis
[특가]하늘청 유기농 맑은수정과,,기타,4600,real,,48,9.6,12.0,0.0,0.0,2.0,,,,,,20,https://oasisprodproduct.edge.naverncp.com/120352/thumb/999,,https://www.oasis.co.kr/product/detail/120352,oasis
더단백 드링크 초코,,음료,1900,real,,44,0.32,3.0,8.0,0.2,13.0,,,,,,20,https://oasisprodproduct.edge.naverncp.com/100093/thumb/999,,https://www.oasis.co.kr/product/detail/100093,oasis
더단백 드링크 딸기,,음료,1900,real,,42,0.64,2.6,8.0,0.24,10.0,,,,,,20,https://oasisprodproduct.edge.naverncp.com/100095/thumb/999,,https://www.oasis.co.kr/product/detail/100095,oasis
정직한 유기농 브로콜리양배추즙 (110ml x 60포),,기타,34000,real,,27,4.6,5.8,0.6,0.1,3.0,,,,,,20,https://oasisprodproduct.edge.naverncp.com/3823/thumb/999,,https://www.oasis.co.kr/product/detail/3823,oasis
하늘청 유기농 식혜,,기타,8450,real,,180,39.0,43.0,1.0,0.4,0.0,,,,,,20,https://oasisprodproduct.edge.naverncp.com/106080/thumb/999,,https://www.oasis.co.kr/product/detail/106080,oasis
야쿠르트 1971(750ml×2입),,기타,5980,real,,1,0.0,2.63,0.03,0.05,9.0,,,,,,20,https://oasisprodproduct.edge.naverncp.com/107835/thumb/999,,https://www.oasis.co.kr/product/detail/107835,oasis
야쿠르트 오리지널(65ml×20개),,기타,4400,real,,77,15.38,16.92,1.54,0.0,23.0,,,,,,20,https://oasisprodproduct.edge.naverncp.com/72747/thumb/999,,https://www.oasis.co.kr/product/detail/72747,oasis
[여름특가] 100% 국산 고소한 미숫가루 (1kg),,기타,10900,real,,406,1.8,76.8,14.9,4.4,76.0,,,,,,20,https://oasisprodproduct.edge.naverncp.com/106411/thumb/999,,https://www.oasis.co.kr/product/detail/106411,oasis
하늘청 유기농 밥알없는 식혜,,기타,5500,real,,59,13.02,14.28,0.4,0.0,1.0,,,,,,20,https://oasisprodproduct.edge.naverncp.com/2663/thumb/999,,https://www.oasis.co.kr/product/detail/2663,oasis
참 고소한 미숫가루 스틱 (40g x 30입),,건강기능식품,16990,real,,405,22.5,85.0,10.0,2.75,50.0,,,,,,20,https://oasisprodproduct.edge.naverncp.com/111938/thumb/999,,https://www.oasis.co.kr/product/detail/111938,oasis
유기농 비트즙 (80ml×21포),,기타,20800,real,,28,5.73,6.33,0.35,0.09,32.0,,,,,,20,https://oasisprodproduct.edge.naverncp.com/3524/thumb/999,,https://www.oasis.co.kr/product/detail/3524,oasis
하늘청 수정과,,기타,6790,real,,52,12.0,13.0,0.0,0.0,13.0,,,,,,20,https://oasisprodproduct.edge.naverncp.com/39218/thumb/999,,https://www.oasis.co.kr/product/detail/39218,oasis
유기농 양배추즙 (100% NFC 생착즙 100ml*30포),,기타,29600,real,,35,6.0,7.0,2.0,0.0,15.0,,,,,,20,https://oasisprodproduct.edge.naverncp.com/92194/thumb/999,,https://www.oasis.co.kr/product/detail/92194,oasis
유기농 레드 비트즙 (100% NFC 생착즙 100ml*30포),,기타,39600,real,,29,6.25,6.25,0.63,0.0,18.0,,,,,,20,https://oasisprodproduct.edge.naverncp.com/92195/thumb/999,,https://www.oasis.co.kr/product/detail/92195,oasis
이천쌀로 만든 고단백 미숫가루 (500g),,기타,7990,real,,421,1.8,71.4,17.1,7.4,110.0,,,,,,20,https://oasisprodproduct.edge.naverncp.com/106412/thumb/999,,https://www.oasis.co.kr/product/detail/106412,oasis
발효 콤부차 복숭아맛,,기타,6500,real,,329,8.0,81.0,0.0,0.6,4970.0,,,,,,20,https://oasisprodproduct.edge.naverncp.com/111128/thumb/999,,https://www.oasis.co.kr/product/detail/111128,oasis
[특가] 횡성깜놀 토마토주스 (180ml x 6개),,음료,18900,real,,16,3.22,3.48,0.39,0.08,1.0,,,,,,20,https://oasisprodproduct.edge.naverncp.com/129106/thumb/999,,https://www.oasis.co.kr/product/detail/129106,oasis
코코브루니 콜드브루 아메리카노,,음료,1300,real,,3,0.0,0.5,0.25,0.0,20.0,,,,,,20,https://oasisprodproduct.edge.naverncp.com/108951/thumb/999,,https://www.oasis.co.kr/product/detail/108951,oasis
아마타임 사과&망고 주스(300ml),,음료,3600,real,,55,12.6,12.6,0.7,0.2,40.0,,,,,,20,https://oasisprodproduct.edge.naverncp.com/27929/thumb/999,,https://www.oasis.co.kr/product/detail/27929,oasis
[특가] 제주깜놀 한라봉감귤 (180ml x 6개),,기타,18900,real,,40,7.01,9.42,0.51,0.06,4.0,,,,,,20,https://oasisprodproduct.edge.naverncp.com/130664/thumb/999,,https://www.oasis.co.kr/product/detail/130664,oasis
[8잔 분량] 오늘의일상 콜드브루 바닐라라떼 원액 (400mL),,음료,10510,real,,53,8.0,8.0,0.65,2.0,25.0,,,,,,20,https://oasisprodproduct.edge.naverncp.com/87539/thumb/999,,https://www.oasis.co.kr/product/detail/87539,oasis
덴마크목장 유기농 사과&푸룬 주스(120mlx4입),,음료,2990,real,,54,13.33,13.33,0.0,0.0,8.0,,,,,,20,https://oasisprodproduct.edge.naverncp.com/38451/thumb/999,,https://www.oasis.co.kr/product/detail/38451,oasis
[8잔 분량] 오늘의일상 콜드브루 원액 (400mL),,기타,11420,real,,7,0.0,1.67,0.33,0.0,2.0,,,,,,20,https://oasisprodproduct.edge.naverncp.com/91514/thumb/999,,https://www.oasis.co.kr/product/detail/91514,oasis
발효 콤부차 샤인머스캣맛,,기타,6500,real,,360,0.0,80.0,0.0,0.0,3600.0,,,,,,20,https://oasisprodproduct.edge.naverncp.com/111125/thumb/999,,https://www.oasis.co.kr/product/detail/111125,oasis
[특가] 제주깜놀 100% 수박주스 (180ml x 6개),,음료,18900,real,,68,14.38,14.48,1.36,0.0,2.0,,,,,,20,https://oasisprodproduct.edge.naverncp.com/129104/thumb/999,,https://www.oasis.co.kr/product/detail/129104,oasis
아마타임 유기농 사과주스(300ml),,음료,3600,real,,50,10.0,12.22,0.0,0.0,0.0,,,,,,20,https://oasisprodproduct.edge.naverncp.com/27928/thumb/999,,https://www.oasis.co.kr/product/detail/27928,oasis
아임리얼 오렌지 (700ml),,기타,8810,real,,45,10.0,10.0,0.75,0.0,15.0,,,,,,20,https://oasisprodproduct.edge.naverncp.com/1418/thumb/999,,https://www.oasis.co.kr/product/detail/1418,oasis
유기농 엿기름가루(500g),,기타,3850,real,,378,7.7,78.73,8.54,3.23,5.0,,,,,,20,https://oasisprodproduct.edge.naverncp.com/2693/thumb/999,,https://www.oasis.co.kr/product/detail/2693,oasis
[8잔 분량] 오늘의일상 자몽허니블랙티 원액 (400mL),,기타,10740,real,,30,6.0,8.0,0.0,0.0,20.0,,,,,,20,https://oasisprodproduct.edge.naverncp.com/73532/thumb/999,,https://www.oasis.co.kr/product/detail/73532,oasis
정직한 도라지배즙(110ml×30포),,기타,21400,real,,63,10.0,15.0,0.0,0.13,1.0,,,,,,20,https://oasisprodproduct.edge.naverncp.com/2998/thumb/999,,https://www.oasis.co.kr/product/detail/2998,oasis
[특가] 자연의 건강 녹용홍삼(70ml x 30포) [쇼핑백 포함],,건강기능식품,49000,real,,21,2.86,4.29,0.0,0.0,0.0,,,,,,20,https://oasisprodproduct.edge.naverncp.com/51803/thumb/999,,https://www.oasis.co.kr/product/detail/51803,oasis
[쿠폰+특가] 바리의꿈 유기농 두유(190ml*16입),,유제품,15900,real,,63,5.79,6.84,2.11,3.16,63.0,,,,,,20,https://oasisprodproduct.edge.naverncp.com/77752/thumb/999,,https://www.oasis.co.kr/product/detail/77752,oasis
국산콩 콩국물 (320g),,기타,1980,real,,14,0.29,0.86,1.14,0.86,26.0,,,,,,20,https://oasisprodproduct.edge.naverncp.com/3750/thumb/999,,https://www.oasis.co.kr/product/detail/3750,oasis
코코브루니 콜드브루 라떼,,음료,1620,real,,65,6.5,9.0,3.0,1.85,48.0,,,,,,20,https://oasisprodproduct.edge.naverncp.com/108947/thumb/999,,https://www.oasis.co.kr/product/detail/108947,oasis
유기농 알로에베라겔 주스 (1050ml),,음료,24900,real,,30,6.0,7.0,0.0,0.0,4.0,,,,,,20,https://oasisprodproduct.edge.naverncp.com/85998/thumb/999,,https://www.oasis.co.kr/product/detail/85998,oasis
[박스] 빅토리아 플레인 탄산수 (500ml x 20개),,음료,11600,real,,0,0.0,0.0,0.0,0.0,0.0,,,,,,20,https://oasisprodproduct.edge.naverncp.com/129444/thumb/999,,https://www.oasis.co.kr/product/detail/129444,oasis
메치니코프 화이바애플(140ml×4개),,기타,5600,real,,93,7.86,16.43,3.57,2.64,50.0,,,,,,20,https://oasisprodproduct.edge.naverncp.com/98034/thumb/999,,https://www.oasis.co.kr/product/detail/98034,oasis
[박스] 빅토리아 레몬 스파클링 (500ml x 20개),,음료,11600,real,,0,0.0,0.0,0.0,0.0,0.0,,,,,,20,https://oasisprodproduct.edge.naverncp.com/129452/thumb/999,,https://www.oasis.co.kr/product/detail/129452,oasis
코코브루니 콜드브루 돌체라떼,,음료,1620,real,,65,9.5,11.0,2.5,1.1,50.0,,,,,,20,https://oasisprodproduct.edge.naverncp.com/108949/thumb/999,,https://www.oasis.co.kr/product/detail/108949,oasis
클로비스 유기농 애플 사이다 비네거 (500ml),,음료,7500,real,,20,3.0,5.0,0.0,0.0,0.0,,,,,,20,https://oasisprodproduct.edge.naverncp.com/86310/thumb/999,,https://www.oasis.co.kr/product/detail/86310,oasis
코코브루니 콜드브루 바닐라라떼,,음료,1620,real,,53,8.0,8.0,0.65,2.0,25.0,,,,,,20,https://oasisprodproduct.edge.naverncp.com/108950/thumb/999,,https://www.oasis.co.kr/product/detail/108950,oasis
[박스] 빅토리아 청포도 스파클링 (500ml x 20개),,음료,11400,real,,34,7.94,8.24,0.0,0.0,6.0,,,,,,20,https://oasisprodproduct.edge.naverncp.com/129453/thumb/999,,https://www.oasis.co.kr/product/detail/129453,oasis
[박스] 빅토리아 파인애플 스파클링 (500ml x 20개),,음료,11400,real,,43,10.86,10.86,0.0,0.0,13.0,,,,,,20,https://oasisprodproduct.edge.naverncp.com/129454/thumb/999,,https://www.oasis.co.kr/product/detail/129454,oasis
얼려먹는 야쿠르트 샤인머스캣(110ml×4입),,기타,2800,real,,68,14.55,16.36,0.91,0.0,23.0,,,,,,20,https://oasisprodproduct.edge.naverncp.com/107834/thumb/999,,https://www.oasis.co.kr/product/detail/107834,oasis
윌 저지방 에코(180ml×4개),,기타,5800,real,,83,6.67,14.45,4.45,0.95,56.0,,,,,,20,https://oasisprodproduct.edge.naverncp.com/88698/thumb/999,,https://www.oasis.co.kr/product/detail/88698,oasis
말리 코코넛 워터(1L),,음료,4620,real,,21,5.15,5.15,0.0,0.0,21.0,,,,,,20,https://oasisprodproduct.edge.naverncp.com/78751/thumb/999,,https://www.oasis.co.kr/product/detail/78751,oasis
새싹앤 단백질쉐이크 초코맛 (40g),,간식/디저트,2700,real,,346,10.0,24.0,50.0,6.4,242.0,,,,,,20,https://oasisprodproduct.edge.naverncp.com/100078/thumb/999,,https://www.oasis.co.kr/product/detail/100078,oasis
사각사각 마시는 수박 (150ml x 10팩),,기타,12500,real,,71,14.3,15.8,0.0,0.9,21.0,,,,,,20,https://oasisprodproduct.edge.naverncp.com/110053/thumb/999,,https://www.oasis.co.kr/product/detail/110053,oasis
유기농 애플 사이다 비니거,,음료,8500,real,,24,5.0,6.0,0.0,0.0,0.0,,,,,,20,https://oasisprodproduct.edge.naverncp.com/115455/thumb/999,,https://www.oasis.co.kr/product/detail/115455,oasis
차바 코코넛워터 (310ml x 6개),,음료,11900,real,,19,4.0,4.7,0.0,0.0,15.0,,,,,,20,https://oasisprodproduct.edge.naverncp.com/123343/thumb/999,,https://www.oasis.co.kr/product/detail/123343,oasis
좋은발효 플레인 요구르트,,유제품,4360,real,,89,6.8,7.0,2.8,5.5,18.0,,,,,,20,https://oasisprodproduct.edge.naverncp.com/67908/thumb/999,,https://www.oasis.co.kr/product/detail/67908,oasis
좋은발효 딸기 요구르트,,유제품,4360,real,,124,17.8,18.0,2.7,4.6,34.0,,,,,,20,https://oasisprodproduct.edge.naverncp.com/67903/thumb/999,,https://www.oasis.co.kr/product/detail/67903,oasis
차바 코코넛스무디 (310ml x 6개),,음료,11900,real,,50,7.1,9.03,0.24,1.52,21.0,,,,,,20,https://oasisprodproduct.edge.naverncp.com/123344/thumb/999,,https://www.oasis.co.kr/product/detail/123344,oasis
디메스 석류 착즙주스(1000ml),,음료,8300,real,,56,9.0,14.0,0.0,0.0,0.0,,,,,,20,https://oasisprodproduct.edge.naverncp.com/24548/thumb/999,,https://www.oasis.co.kr/product/detail/24548,oasis
사각사각 마시는 파인애플 (150ml x 10팩),,기타,13500,real,,73,14.33,18.0,0.13,0.13,30.0,,,,,,20,https://oasisprodproduct.edge.naverncp.com/110054/thumb/999,,https://www.oasis.co.kr/product/detail/110054,oasis
생생우유 아이스크림(474ml),,간식/디저트,7800,real,,100,10.0,10.0,1.0,6.0,30.0,,,,,,20,https://oasisprodproduct.edge.naverncp.com/51015/thumb/999,,https://www.oasis.co.kr/product/detail/51015,oasis
[전통쌍화] 광동 쌍화골드 (100mL X 10개),,기타,6900,real,,50,10.0,12.0,0.7,0.0,40.0,,,,,,20,https://oasisprodproduct.edge.naverncp.com/65800/thumb/999,,https://www.oasis.co.kr/product/detail/65800,oasis
유기농 제주 말차,,기타,18000,real,,389,1.4,55.1,30.5,5.2,60.0,,,,,,20,https://oasisprodproduct.edge.naverncp.com/118752/thumb/999,,https://www.oasis.co.kr/product/detail/118752,oasis
우유와 함께 거문도 해풍쑥절미라떼,,음료,8000,real,,150,20.0,28.0,2.2,3.3,56.0,,,,,,20,https://oasisprodproduct.edge.naverncp.com/78730/thumb/999,,https://www.oasis.co.kr/product/detail/78730,oasis
불가리스 사과 (150mlx4),,기타,5980,real,,382,58.82,76.47,6.47,7.06,153.0,,,,,,20,https://oasisprodproduct.edge.naverncp.com/3064/thumb/999,,https://www.oasis.co.kr/product/detail/3064,oasis
불가리스 포도 (150mlx4),,기타,5980,real,,90,7.33,14.0,3.33,2.67,57.0,,,,,,20,https://oasisprodproduct.edge.naverncp.com/3065/thumb/999,,https://www.oasis.co.kr/product/detail/3065,oasis
6년근 봉밀홍삼절편 (20g x 10팩) [쇼핑백포함],,건강기능식품,54500,real,,350,38.5,85.0,0.0,0.0,0.0,,,,,,20,https://oasisprodproduct.edge.naverncp.com/3362/thumb/999,,https://www.oasis.co.kr/product/detail/3362,oasis
제주 유기농 새싹보리분말 (100g),,기타,13900,real,,348,10.02,59.83,22.05,2.28,155.0,,,,,,20,https://oasisprodproduct.edge.naverncp.com/97874/thumb/999,,https://www.oasis.co.kr/product/detail/97874,oasis
불가리스 위쎈 (150mlx4),,기타,6980,real,,87,7.0,14.67,4.0,1.47,59.0,,,,,,20,https://oasisprodproduct.edge.naverncp.com/88593/thumb/999,,https://www.oasis.co.kr/product/detail/88593,oasis
100% 파인애플 주스 (110ml*20포),,음료,27000,real,,47,11.0,11.0,0.3,0.2,33.0,,,,,,20,https://oasisprodproduct.edge.naverncp.com/74767/thumb/999,,https://www.oasis.co.kr/product/detail/74767,oasis
유기농 하루야채 퍼플(200ml×3개),,기타,6000,real,,50,10.0,12.0,1.0,0.0,55.0,,,,,,20,https://oasisprodproduct.edge.naverncp.com/72743/thumb/999,,https://www.oasis.co.kr/product/detail/72743,oasis
유기농 하루야채 오리지널(200ml×3개),,기타,6000,real,,48,9.0,11.5,1.0,0.0,70.0,,,,,,20,https://oasisprodproduct.edge.naverncp.com/72742/thumb/999,,https://www.oasis.co.kr/product/detail/72742,oasis
상하목장 유기농 딸기우유 (125ml×4),,유제품,4600,real,,84,10.4,10.4,3.2,3.28,40.0,,,,,,20,https://oasisprodproduct.edge.naverncp.com/25819/thumb/999,,https://www.oasis.co.kr/product/detail/25819,oasis
유기농 하루야채 옐로우(200ml×3개),,기타,6000,real,,35,6.5,8.5,1.0,0.0,65.0,,,,,,20,https://oasisprodproduct.edge.naverncp.com/72745/thumb/999,,https://www.oasis.co.kr/product/detail/72745,oasis
아람드리 샤인머스캣 주스(138ml)[10개],,음료,9500,real,,51,10.14,13.04,0.0,0.0,0.0,,,,,,20,https://oasisprodproduct.edge.naverncp.com/18484/thumb/999,,https://www.oasis.co.kr/product/detail/18484,oasis
유기농 우유와 함께 제주 녹차라떼,,음료,6900,real,,58,8.8,9.6,1.4,1.6,30.0,,,,,,20,https://oasisprodproduct.edge.naverncp.com/56473/thumb/999,,https://www.oasis.co.kr/product/detail/56473,oasis
디카페인 드립백커피 10g×20개,,음료,14800,real,,100,8.33,8.33,0.0,8.33,0.0,,,,,,20,https://oasisprodproduct.edge.naverncp.com/84060/thumb/999,,https://www.oasis.co.kr/product/detail/84060,oasis
아람드리 딸기주스,,음료,8500,real,,43,7.97,11.59,0.0,0.0,0.0,,,,,,20,https://oasisprodproduct.edge.naverncp.com/2950/thumb/999,,https://www.oasis.co.kr/product/detail/2950,oasis
[특가] 제주 무항생제우유 (115mlx24입),,유제품,14900,real,,65,4.5,4.5,3.0,4.0,50.0,,,,,,20,https://oasisprodproduct.edge.naverncp.com/108645/thumb/999,,https://www.oasis.co.kr/product/detail/108645,oasis
목의보감 배도라지,,기타,9000,real,,40,6.0,10.0,0.0,0.0,0.0,,,,,,20,https://oasisprodproduct.edge.naverncp.com/98953/thumb/999,,https://www.oasis.co.kr/product/detail/98953,oasis
[특가] 헬씨 원데이 유기농 레몬즙 100 (20gX14포),,기타,8900,real,,28,2.0,2.0,0.0,1.9,7.0,,,,,,20,https://oasisprodproduct.edge.naverncp.com/99607/thumb/999,,https://www.oasis.co.kr/product/detail/99607,oasis
아람드리 포도주스,,음료,8500,real,,40,8.7,10.14,0.0,0.0,29.0,,,,,,20,https://oasisprodproduct.edge.naverncp.com/3611/thumb/999,,https://www.oasis.co.kr/product/detail/3611,oasis
아람드리 감귤주스,,음료,8500,real,,40,10.14,10.14,0.0,0.0,29.0,,,,,,20,https://oasisprodproduct.edge.naverncp.com/3624/thumb/999,,https://www.oasis.co.kr/product/detail/3624,oasis
아람드리 사과주스,,음료,8500,real,,40,8.7,10.14,0.0,0.0,36.0,,,,,,20,https://oasisprodproduct.edge.naverncp.com/3613/thumb/999,,https://www.oasis.co.kr/product/detail/3613,oasis
상하목장 유기농 바나나우유 (125ml×4),,유제품,4080,real,,88,10.8,10.8,2.8,3.6,48.0,,,,,,20,https://oasisprodproduct.edge.naverncp.com/25829/thumb/999,,https://www.oasis.co.kr/product/detail/25829,oasis
보령 뉴 알부민 골드 25mlX30병,,기타,85000,real,,69,9.94,13.86,3.26,0.1,28.0,,,,,,20,https://oasisprodproduct.edge.naverncp.com/107716/thumb/999,,https://www.oasis.co.kr/product/detail/107716,oasis
고창 아로니아 발효식초,,조미료/소스,13000,real,,72,12.6,17.0,0.8,0.0,4.0,,,,,,20,https://oasisprodproduct.edge.naverncp.com/5514/thumb/999,,https://www.oasis.co.kr/product/detail/5514,oasis
안동김유조 전통 단호박식혜 (10병/12병/15병),,기타,28900,real,,69,13.33,17.09,0.0,0.0,6.0,,,,,,20,https://oasisprodproduct.edge.naverncp.com/26478/thumb/999,,https://www.oasis.co.kr/product/detail/26478,oasis
안동김유조 전통 찹쌀식혜(10병/12병/15병),,기타,28900,real,,53,9.5,12.2,0.5,0.2,1.0,,,,,,20,https://oasisprodproduct.edge.naverncp.com/26475/thumb/999,,https://www.oasis.co.kr/product/detail/26475,oasis
매일유업 아몬드브리즈  오리지널 / 언스위트 950ml 안전포장 대용량 (5팩/6팩/10팩 옵션),,기타,19500,real,,24,2.68,2.84,0.53,1.21,61.0,,,,,,20,https://oasisprodproduct.edge.naverncp.com/29322/thumb/999,,https://www.oasis.co.kr/product/detail/29322,oasis
[4주 패키지] 스위트바질/프레시레몬 토마토 스무디 (총 28팩),,음료,156200,real,,49,2.5,4.0,1.0,3.0,0.0,,,,,,20,https://oasisprodproduct.edge.naverncp.com/101846/thumb/999,,https://www.oasis.co.kr/product/detail/101846,oasis
바이오타 비타7 주스 비타민 나무 열매 500ml 8병,,음료,135000,real,,52,10.0,13.0,0.0,0.0,20.0,,,,,,20,https://oasisprodproduct.edge.naverncp.com/123855/thumb/999,,https://www.oasis.co.kr/product/detail/123855,oasis
선물박스 수제청 과일청 유자청+배도라지대추생강청 600g 800g 세트 에이드 음료 차 답례품 명절 선물,,음료,42400,real,,258,64.0,64.0,0.0,0.0,3.0,,,,,,20,https://oasisprodproduct.edge.naverncp.com/123282/thumb/999,,https://www.oasis.co.kr/product/detail/123282,oasis
[맘스킹] 종근당건강 6년근 홍삼골드 80mlX60포,,건강기능식품,40900,real,,25,5.0,6.25,0.0,0.0,6.0,,,,,,20,https://oasisprodproduct.edge.naverncp.com/127951/thumb/999,,https://www.oasis.co.kr/product/detail/127951,oasis
[맘스킹] 한삼수 6년근 고려홍삼 진액고(500gX2개),,건강기능식품,39900,real,,29,4.57,6.0,0.29,0.43,1.0,,,,,,20,https://oasisprodproduct.edge.naverncp.com/127950/thumb/999,,https://www.oasis.co.kr/product/detail/127950,oasis
[한국도라지] 국내산 도라지 프리미엄 도라지액상차 용각청,,기타,39000,real,,22,0.0,6.55,0.85,0.06,2.0,,,,,,20,https://oasisprodproduct.edge.naverncp.com/63468/thumb/999,,https://www.oasis.co.kr/product/detail/63468,oasis
GAP 유기농블루베리365 (90ml* 30팩),,기타,41000,real,,88,18.75,21.88,0.0,0.0,6.0,,,,,,20,https://oasisprodproduct.edge.naverncp.com/37771/thumb/999,,https://www.oasis.co.kr/product/detail/37771,oasis
홍삼추출액 100프로 나누미 순수 홍삼액 50ml 30포 선물용홍삼,,건강기능식품,37000,real,,6,0.6,1.0,0.6,0.0,20.0,,,,,,20,https://oasisprodproduct.edge.naverncp.com/101780/thumb/999,,https://www.oasis.co.kr/product/detail/101780,oasis
"카페랩 아몬드밀크, 오트밀크 1L 8개 식물성음료",,음료,21900,real,,38,2.2,3.1,0.8,2.5,40.0,,,,,,20,https://oasisprodproduct.edge.naverncp.com/102515/thumb/999,,https://www.oasis.co.kr/product/detail/102515,oasis
매일유업 어메이징 오트 바리스타 950ml 10팩 무료배송,,기타,32500,real,,74,1.44,12.0,0.84,3.12,49.0,,,,,,20,https://oasisprodproduct.edge.naverncp.com/50830/thumb/999,,https://www.oasis.co.kr/product/detail/50830,oasis
[벨기에산] 카카올라 파베 생초콜릿 비건 다크(140g),,간식/디저트,18650,real,,546,12.04,49.38,9.8,34.32,36.0,,,,,,20,https://oasisprodproduct.edge.naverncp.com/40993/thumb/999,,https://www.oasis.co.kr/product/detail/40993,oasis
유기농 통헤즐넛 초콜릿(100g),,간식/디저트,8240,real,,607,35.5,39.5,8.9,45.2,66.0,,,,,,20,https://oasisprodproduct.edge.naverncp.com/1328/thumb/999,,https://www.oasis.co.kr/product/detail/1328,oasis
[벨기에산] 카카올라 파베 생초콜릿 밀크(140g),,음료,18650,real,,480,36.0,39.0,5.0,34.0,120.0,,,,,,20,https://oasisprodproduct.edge.naverncp.com/40992/thumb/999,,https://www.oasis.co.kr/product/detail/40992,oasis
유기농 다크 99% 초콜릿(80g),,간식/디저트,9800,real,,597,2.0,14.67,14.67,53.33,0.0,,,,,,20,https://oasisprodproduct.edge.naverncp.com/9185/thumb/999,,https://www.oasis.co.kr/product/detail/9185,oasis
유기농 다크 85% 초콜릿(80g),,간식/디저트,9000,real,,601,16.0,22.67,10.67,52.0,0.0,,,,,,20,https://oasisprodproduct.edge.naverncp.com/1327/thumb/999,,https://www.oasis.co.kr/product/detail/1327,oasis
파스키에 초콜릿 에끌레어 (240g/4개입),,간식/디저트,8480,real,,244,16.7,27.8,5.2,12.4,190.0,,,,,,20,https://oasisprodproduct.edge.naverncp.com/101925/thumb/999,,https://www.oasis.co.kr/product/detail/101925,oasis
네이쳐패스 러브크런치 유기농 다크초콜릿&코코넛(325g),,간식/디저트,10180,real,,537,13.0,46.0,5.0,37.0,10.0,,,,,,20,https://oasisprodproduct.edge.naverncp.com/56032/thumb/999,,https://www.oasis.co.kr/product/detail/56032,oasis
유기농 다크 100% 초콜릿(80g),,간식/디저트,10530,real,,587,0.0,12.0,14.67,53.33,0.0,,,,,,20,https://oasisprodproduct.edge.naverncp.com/1325/thumb/999,,https://www.oasis.co.kr/product/detail/1325,oasis
네이쳐패스 러브크런치 유기농 다크초콜릿&레드베리(325g),,간식/디저트,10900,real,,537,13.0,46.0,5.0,37.0,10.0,,,,,,20,https://oasisprodproduct.edge.naverncp.com/29594/thumb/999,,https://www.oasis.co.kr/product/detail/29594,oasis
네이쳐패스 러브크런치 유기농 다크초콜릿&피넛버터(325g),,간식/디저트,9880,real,,537,13.0,46.0,5.0,37.0,10.0,,,,,,20,https://oasisprodproduct.edge.naverncp.com/37658/thumb/999,,https://www.oasis.co.kr/product/detail/37658,oasis
그래놀라 바이트 초콜릿 바나나 (125g),,간식/디저트,5280,real,,420,13.6,56.8,10.4,16.8,448.0,,,,,,20,https://oasisprodproduct.edge.naverncp.com/126494/thumb/999,,https://www.oasis.co.kr/product/detail/126494,oasis
네이쳐패스 러브크런치 유기농 다크초콜릿&헤이즐넛버터(300g),,간식/디저트,8900,real,,537,13.0,46.0,5.0,37.0,10.0,,,,,,20,https://oasisprodproduct.edge.naverncp.com/109757/thumb/999,,https://www.oasis.co.kr/product/detail/109757,oasis
얼레디아이 에스프레소원액 250mL * 3병 SET (30잔분량),,기타,32700,real,,26,0.0,3.96,1.44,0.48,0.0,,,,,,20,https://oasisprodproduct.edge.naverncp.com/59513/thumb/999,,https://www.oasis.co.kr/product/detail/59513,oasis
[타넬] 공정무역 인도네시아커피 1kg 당일맞춤로스팅,,음료,40000,real,,4,0.0,1.0,0.12,0.02,1.0,,,,,,20,https://oasisprodproduct.edge.naverncp.com/12788/thumb/999,,https://www.oasis.co.kr/product/detail/12788,oasis
재료를 아낌없이 넣은 수제 디저트 두바이 초콜릿 (헤이즐넛/피스타치오맛),,간식/디저트,27900,real,,571,33.96,54.69,5.37,36.72,111.0,,,,,,20,https://oasisprodproduct.edge.naverncp.com/99050/thumb/999,,https://www.oasis.co.kr/product/detail/99050,oasis
(완제품) 플레인 르뱅쿠키_10개단위,,간식/디저트,27300,real,,473,28.75,60.0,6.25,22.5,316.0,,,,,,20,https://oasisprodproduct.edge.naverncp.com/99547/thumb/999,,https://www.oasis.co.kr/product/detail/99547,oasis
(완제품) 황치즈 르뱅쿠키_10개단위,,간식/디저트,27300,real,,477,34.44,63.33,5.56,22.22,149.0,,,,,,20,https://oasisprodproduct.edge.naverncp.com/99548/thumb/999,,https://www.oasis.co.kr/product/detail/99548,oasis
(완제품) 코코아 르뱅쿠키_10개단위,,간식/디저트,27300,real,,493,19.0,51.0,7.0,29.0,520.0,,,,,,20,https://oasisprodproduct.edge.naverncp.com/99549/thumb/999,,https://www.oasis.co.kr/product/detail/99549,oasis
[220g] 너티치피 두쫀쿠 피스타치오 스프레드,,조미료/소스,24900,real,,571,32.0,38.0,17.0,39.0,135.0,,,,,,20,https://oasisprodproduct.edge.naverncp.com/131271/thumb/999,,https://www.oasis.co.kr/product/detail/131271,oasis
꼬모쎔쁘레 시그니처 초콜릿 15입,,간식/디저트,24900,real,,481,42.86,78.57,2.38,19.05,79.0,,,,,,20,https://oasisprodproduct.edge.naverncp.com/82301/thumb/999,,https://www.oasis.co.kr/product/detail/82301,oasis
리카 스위트 카다이프 초콜릿 80g 5개 피스타치오 두바이초콜릿 프리미엄 초콜렛 디저트 간식,,간식/디저트,23500,real,,540,23.95,41.09,13.77,37.89,153.0,,,,,,20,https://oasisprodproduct.edge.naverncp.com/130323/thumb/999,,https://www.oasis.co.kr/product/detail/130323,oasis
당 4g 미니 두바이초콜릿 피스 6개입 세트,,간식/디저트,21000,real,,571,33.96,54.69,5.37,36.72,111.0,,,,,,20,https://oasisprodproduct.edge.naverncp.com/118769/thumb/999,,https://www.oasis.co.kr/product/detail/118769,oasis
꼬모쎔쁘레 그랑크뤼 콜렉션,,기타,19900,real,,590,40.95,45.72,5.71,42.86,76.0,,,,,,20,https://oasisprodproduct.edge.naverncp.com/82388/thumb/999,,https://www.oasis.co.kr/product/detail/82388,oasis
두바이 초콜렛 모찌 40g X 6개입~,,기타,17500,real,,566,44.4,55.1,10.3,33.8,72.0,,,,,,20,https://oasisprodproduct.edge.naverncp.com/104952/thumb/999,,https://www.oasis.co.kr/product/detail/104952,oasis
"고단백 저당 비건 파운드 케이크 3개 (5가지맛 택1, 개당 140g)",널담,간식/디저트,18000,real,저당류,494,6.11,49.44,7.78,27.22,31.0,,,,,,20,https://cafe24.poxo.com/ec01/joinandjoin3/YepDBcpQi6F1EGuL9rzRwSOX6iBaegInadJOBqJjBl8mIPOKixffqoe/SEB3Y+EmfOLxV9OtXy9ki4TqHva87Q==/_/web/product/big/202511/00cba95d600136ef1e6aa4e5a6728e6f.png,,https://nuldam.com/product/고단백-저당-비건-파운드-케이크-3개-5가지맛-택1-개당-140g/51/,nuldam
"고단백 저당 통밀 아메리칸 쿠키 6개 1박스 (6가지맛, 개당 100g)",널담,간식/디저트,19800,real,저당류,460,35.71,64.29,5.71,20.0,156.0,,,,,,20,https://cafe24.poxo.com/ec01/joinandjoin3/YepDBcpQi6F1EGuL9rzRwSOX6iBaegInadJOBqJjBl8mIPOKixffqoe/SEB3Y+EmfOLxV9OtXy9ki4TqHva87Q==/_/web/product/big/202607/08daf66c9c838456788802cbd02e7276.png,,https://nuldam.com/product/고단백-저당-통밀-아메리칸-쿠키-6개-1박스-6가지맛-개당-100g/52/,nuldam
"고단백 저당 베이글 7개/11개 (7가지맛, 개당 130g)",널담,기타,27800,real,저당류,256,1.29,40.59,14.95,6.75,432.0,,,,,,20,https://cafe24.poxo.com/ec01/joinandjoin3/YepDBcpQi6F1EGuL9rzRwSOX6iBaegInadJOBqJjBl8mIPOKixffqoe/SEB3Y+EmfOLxV9OtXy9ki4TqHva87Q==/_/web/product/big/202511/3d144c5c829f1517b0e742f73c9d3f74.png,,https://nuldam.com/product/고단백-저당-베이글-7개11개-7가지맛-개당-130g/91/,nuldam
"고단백 저당 통밀 스콘 7개 (3가지맛 택2, 개당 100g)",널담,기타,28900,real,저당류,388,2.4,33.0,23.0,21.0,547.0,,,,,,20,https://cafe24.poxo.com/ec01/joinandjoin3/YepDBcpQi6F1EGuL9rzRwSOX6iBaegInadJOBqJjBl8mIPOKixffqoe/SEB3Y+EmfOLxV9OtXy9ki4TqHva87Q==/_/web/product/big/202511/fdd0af96831af6c991dc23b325f5a97f.png,,https://nuldam.com/product/고단백-저당-통밀-스콘-7개-3가지맛-택2-개당-100g/121/,nuldam
널담 완전영양 천연 카페인 에너지드링크 24캔 (캔당 355ml),널담,음료,28900,real,,210,51.0,52.0,0.0,0.0,75.0,,,,,,20,https://cafe24.poxo.com/ec01/joinandjoin3/YepDBcpQi6F1EGuL9rzRwSOX6iBaegInadJOBqJjBl8mIPOKixffqoe/SEB3Y+EmfOLxV9OtXy9ki4TqHva87Q==/_/web/product/big/202511/1f8991d1ba0595704febd4dee1d1370e.png,,https://nuldam.com/product/널담-완전영양-천연-카페인-에너지드링크-24캔-캔당-355ml/360/,nuldam
"고단백 저당 네모 바게트 8/12개 (5가지맛 택2/3, 개당 90g)",널담,기타,26900,real,저당류,220,2.78,35.56,18.22,1.0,583.0,,,,,,20,https://cafe24.poxo.com/ec01/joinandjoin3/YepDBcpQi6F1EGuL9rzRwSOX6iBaegInadJOBqJjBl8mIPOKixffqoe/SEB3Y+EmfOLxV9OtXy9ki4TqHva87Q==/_/web/product/big/202607/91418045dca16088f07498f3bd92abac.png,,https://nuldam.com/product/고단백-저당-네모-바게트-812개-5가지맛-택23-개당-90g/564/,nuldam
"🎁 고단백 저당 비건 파운드 케이크 3개 (5가지맛 택1, 개당 140g)",널담,간식/디저트,10600,real,저당류,494,6.11,49.44,7.78,27.22,31.0,,,,,,20,https://cafe24.poxo.com/ec01/joinandjoin3/YepDBcpQi6F1EGuL9rzRwSOX6iBaegInadJOBqJjBl8mIPOKixffqoe/SEB3Y+EmfOLxV9OtXy9ki4TqHva87Q==/_/web/product/big/202511/62f1edcbb0bc0e65592fc8ad315aceea.png,,https://nuldam.com/product/🎁-고단백-저당-비건-파운드-케이크-3개-5가지맛-택1-개당-140g/1035/,nuldam
"🎁 고단백 저당 통밀 스콘 7개 (3가지맛 택2, 개당 100g)",널담,기타,15000,real,저당류,368,2.8,33.0,22.0,19.0,504.0,,,,,,20,https://cafe24.poxo.com/ec01/joinandjoin3/YepDBcpQi6F1EGuL9rzRwSOX6iBaegInadJOBqJjBl8mIPOKixffqoe/SEB3Y+EmfOLxV9OtXy9ki4TqHva87Q==/_/web/product/big/202511/96a6b907debdb71087c49511c6bdcab4.png,,https://nuldam.com/product/🎁-고단백-저당-통밀-스콘-7개-3가지맛-택2-개당-100g/1036/,nuldam
"🎁 고단백 저당 통밀 아메리칸 쿠키 6개 1박스 (6가지맛, 개당 100g)",널담,간식/디저트,13000,real,저당류,460,35.71,64.29,5.71,20.0,156.0,,,,,,20,https://cafe24.poxo.com/ec01/joinandjoin3/YepDBcpQi6F1EGuL9rzRwSOX6iBaegInadJOBqJjBl8mIPOKixffqoe/SEB3Y+EmfOLxV9OtXy9ki4TqHva87Q==/_/web/product/big/202511/2d4814d22637ed48bedd12e42bc35d3e.png,,https://nuldam.com/product/🎁-고단백-저당-통밀-아메리칸-쿠키-6개-1박스-6가지맛-개당-100g/1039/,nuldam
🎁 완전영양 에너지 드링크 자몽 12/24개입 (355ml),널담,음료,17900,real,,210,51.0,52.0,0.0,0.0,75.0,,,,,,20,https://cafe24.poxo.com/ec01/joinandjoin3/YepDBcpQi6F1EGuL9rzRwSOX6iBaegInadJOBqJjBl8mIPOKixffqoe/SEB3Y+EmfOLxV9OtXy9ki4TqHva87Q==/_/web/product/big/202511/4256b46940d825b00a851a9b79b316c1.png,,https://nuldam.com/product/🎁-완전영양-에너지-드링크-자몽-1224개입-355ml/1040/,nuldam
"🎁 고단백 저당 네모 바게트 9개 (5가지맛 택3, 개당 90g)",널담,기타,15300,real,저당류,220,2.78,35.56,18.22,1.0,583.0,,,,,,20,https://cafe24.poxo.com/ec01/joinandjoin3/YepDBcpQi6F1EGuL9rzRwSOX6iBaegInadJOBqJjBl8mIPOKixffqoe/SEB3Y+EmfOLxV9OtXy9ki4TqHva87Q==/_/web/product/big/202511/d2e48af6f30d9467922a2db3e2350270.png,,https://nuldam.com/product/🎁-고단백-저당-네모-바게트-9개-5가지맛-택3-개당-90g/1041/,nuldam
"🎁 고단백 저당 포카치아 8개 (2가지맛 택2, 개당 90g)",널담,기타,15300,real,저당류,258,2.78,31.11,17.78,6.56,706.0,,,,,,20,https://cafe24.poxo.com/ec01/joinandjoin3/YepDBcpQi6F1EGuL9rzRwSOX6iBaegInadJOBqJjBl8mIPOKixffqoe/SEB3Y+EmfOLxV9OtXy9ki4TqHva87Q==/_/web/product/big/202512/2884a68da7726107f698be6debd7df60.png,,https://nuldam.com/product/🎁-고단백-저당-포카치아-8개-2가지맛-택2-개당-90g/1476/,nuldam
저당 두바이 쫀득 쿠키 4개 (개당 40g),널담,간식/디저트,42700,real,저당류,450,1.75,57.5,9.75,20.0,12.0,,,,,,20,https://cafe24.poxo.com/ec01/joinandjoin3/YepDBcpQi6F1EGuL9rzRwSOX6iBaegInadJOBqJjBl8mIPOKixffqoe/SEB3Y+EmfOLxV9OtXy9ki4TqHva87Q==/_/web/product/big/202602/c6d9ad19587091780c442f01778040a5.png,,https://nuldam.com/product/저당-두바이-쫀득-쿠키-4개-개당-40g/1630/,nuldam
"🌟고단백 저당 비건 파운드 케이크 3개 (5가지맛 택1, 개당 140g)",널담,간식/디저트,18000,real,저당류,494,6.11,49.44,7.78,27.22,31.0,,,,,,20,https://cafe24.poxo.com/ec01/joinandjoin3/YepDBcpQi6F1EGuL9rzRwSOX6iBaegInadJOBqJjBl8mIPOKixffqoe/SEB3Y+EmfOLxV9OtXy9ki4TqHva87Q==/_/web/product/big/202511/62f1edcbb0bc0e65592fc8ad315aceea.png,,https://nuldam.com/product/🌟고단백-저당-비건-파운드-케이크-3개-5가지맛-택1-개당-140g/2003/,nuldam
"🌟고단백 저당 통밀 아메리칸 쿠키 6개 1박스 (6가지맛, 개당 100g)",널담,간식/디저트,19800,real,저당류,460,35.71,64.29,5.71,20.0,156.0,,,,,,20,https://cafe24.poxo.com/ec01/joinandjoin3/YepDBcpQi6F1EGuL9rzRwSOX6iBaegInadJOBqJjBl8mIPOKixffqoe/SEB3Y+EmfOLxV9OtXy9ki4TqHva87Q==/_/web/product/big/202511/2d4814d22637ed48bedd12e42bc35d3e.png,,https://nuldam.com/product/🌟고단백-저당-통밀-아메리칸-쿠키-6개-1박스-6가지맛-개당-100g/2007/,nuldam
🌟완전영양 에너지 드링크 자몽 12/24개입 (355ml),널담,음료,28900,real,,210,51.0,52.0,0.0,0.0,75.0,,,,,,20,https://cafe24.poxo.com/ec01/joinandjoin3/YepDBcpQi6F1EGuL9rzRwSOX6iBaegInadJOBqJjBl8mIPOKixffqoe/SEB3Y+EmfOLxV9OtXy9ki4TqHva87Q==/_/web/product/big/202511/4256b46940d825b00a851a9b79b316c1.png,,https://nuldam.com/product/🌟완전영양-에너지-드링크-자몽-1224개입-355ml/2008/,nuldam
[두바이 세트] 두바이 쫀득 뚱카롱 8구 1박스+ 두바이 쫀득 쿠키 4개 1SET,널담,간식/디저트,56000,real,,518,14.55,54.55,10.91,29.09,236.0,,,,,,20,https://cafe24.poxo.com/ec01/joinandjoin3/YepDBcpQi6F1EGuL9rzRwSOX6iBaegInadJOBqJjBl8mIPOKixffqoe/SEB3Y+EmfOLxV9OtXy9ki4TqHva87Q==/_/web/product/big/202604/aaa7e9e059eb459c1fc4943d446d04d2.png,,https://nuldam.com/product/두바이-세트-두바이-쫀득-뚱카롱-8구-1박스-두바이-쫀득-쿠키-4개-1set/2135/,nuldam
"💘 고단백 저당 네모 바게트 14개 (2가지맛 택2, 개당 90g)",널담,기타,22900,real,저당류,220,2.78,35.56,18.22,1.0,583.0,,,,,,20,https://cafe24.poxo.com/ec01/joinandjoin3/YepDBcpQi6F1EGuL9rzRwSOX6iBaegInadJOBqJjBl8mIPOKixffqoe/SEB3Y+EmfOLxV9OtXy9ki4TqHva87Q==/_/web/product/big/202512/46b1b5d4f7020e43fb321497a2f686e0.png,,https://nuldam.com/product/💘-고단백-저당-네모-바게트-14개-2가지맛-택2-개당-90g/2176/,nuldam
"고단백 저당 네모 바게트 15개 (5가지맛 택3, 개당 90g)",널담,기타,53800,real,저당류,231,3.67,36.67,18.89,1.56,668.0,,,,,,20,https://cafe24.poxo.com/ec01/joinandjoin3/YepDBcpQi6F1EGuL9rzRwSOX6iBaegInadJOBqJjBl8mIPOKixffqoe/SEB3Y+EmfOLxV9OtXy9ki4TqHva87Q==/_/web/product/big/202511/3ac469d152b0b5e38c27d711e418eae6.png,,https://nuldam.com/product/고단백-저당-네모-바게트-15개-5가지맛-택3-개당-90g/2200/,nuldam
"💘고단백 저당 통밀 아메리칸 쿠키 6개 2/3박스 (6가지맛, 개당 100g)",널담,간식/디저트,19900,real,저당류,460,35.71,64.29,5.71,20.0,156.0,,,,,,20,https://cafe24.poxo.com/ec01/joinandjoin3/YepDBcpQi6F1EGuL9rzRwSOX6iBaegInadJOBqJjBl8mIPOKixffqoe/SEB3Y+EmfOLxV9OtXy9ki4TqHva87Q==/_/web/product/big/202605/327fb89340413f5b2767f3415f5fc9e3.png,,https://nuldam.com/product/💘고단백-저당-통밀-아메리칸-쿠키-6개-23박스-6가지맛-개당-100g/2204/,nuldam
💘쿠키 세트: 아메리칸 쿠키 6개입 1BOX+르뱅 쿠키 6개입 2BOX,널담,간식/디저트,28000,real,,460,35.71,64.29,5.71,20.0,156.0,,,,,,20,https://cafe24.poxo.com/ec01/joinandjoin3/YepDBcpQi6F1EGuL9rzRwSOX6iBaegInadJOBqJjBl8mIPOKixffqoe/SEB3Y+EmfOLxV9OtXy9ki4TqHva87Q==/_/web/product/big/202512/ad6f2a3608a8b7b2fb02fa113b0f7335.png,,https://nuldam.com/product/💘쿠키-세트-아메리칸-쿠키-6개입-1box르뱅-쿠키-6개입-2box/2216/,nuldam
"고단백 저당 쫀득빵 7개 (3가지맛, 개당 85g)",널담,간식/디저트,27900,real,저당류,262,1.53,41.18,12.94,5.06,471.0,,,,,,20,https://cafe24.poxo.com/ec01/joinandjoin3/YepDBcpQi6F1EGuL9rzRwSOX6iBaegInadJOBqJjBl8mIPOKixffqoe/SEB3Y+EmfOLxV9OtXy9ki4TqHva87Q==/_/web/product/big/202606/922ebc3e04a10a941856452c0bf4fba6.png,,https://nuldam.com/product/고단백-저당-쫀득빵-7개-3가지맛-개당-85g/2240/,nuldam
[이예은X널담] 고단백 저당 포카치아 10개,널담,기타,17500,real,저당류,204,3.56,26.67,16.67,3.44,446.0,,,,,,20,https://cafe24.poxo.com/ec01/joinandjoin3/YepDBcpQi6F1EGuL9rzRwSOX6iBaegInadJOBqJjBl8mIPOKixffqoe/SEB3Y+EmfOLxV9OtXy9ki4TqHva87Q==/_/web/product/big/202608/5434e70cff207603ea130d9bcd96fb2a.png,,https://nuldam.com/product/이예은x널담-고단백-저당-포카치아-10개/2435/,nuldam
무화당 저당 당근케이크,닥다몰,간식/디저트,34500,real,저당류,382,1.34,20.02,8.46,29.82,329.0,,,,,,20,https://godomall.speedycdn.net/9e886df8f0ec5d2f44f612f355605e0b/goods/1000000353/image/detail/1000000353_detail_02.jpg,,https://mall.drdiary.co.kr/goods/goods_view.php?goodsNo=1000000353,dakda
[무화당] 저당 레몬 마들렌 5개,닥다몰,간식/디저트,12500,real,저당류,473,0.67,24.62,13.65,35.57,408.0,,,,,,20,https://godomall.speedycdn.net/9e886df8f0ec5d2f44f612f355605e0b/goods/1000000474/image/detail/1000000474_detail_03.jpg,,https://mall.drdiary.co.kr/goods/goods_view.php?goodsNo=1000000474&amp;mtn=17%5E%7C%5E%EC%8B%A0%EC%83%81%ED%92%88%5E%7C%5En,dakda
[무화당] 저당 초코 마들렌 5개,닥다몰,간식/디저트,12500,real,저당류,496,0.72,25.47,13.22,37.87,308.0,,,,,,20,https://godomall.speedycdn.net/9e886df8f0ec5d2f44f612f355605e0b/goods/1000000475/image/detail/1000000475_detail_067.jpg,,https://mall.drdiary.co.kr/goods/goods_view.php?goodsNo=1000000475,dakda
[Valor] 발로르 다크 초콜릿 85%,닥다몰,간식/디저트,3950,real,,504,29.0,34.0,11.0,36.0,40.0,,,,,,20,https://godomall.speedycdn.net/9e886df8f0ec5d2f44f612f355605e0b/goods/1000000093/image/detail/1000000093_detail_079.png,,https://mall.drdiary.co.kr/goods/goods_view.php?goodsNo=1000000093,dakda
아몬드 브리즈 언스위트 24개입,닥다몰,기타,21600,real,,18,0.1,1.5,0.6,1.05,63.0,,,,,,20,https://godomall.speedycdn.net/9e886df8f0ec5d2f44f612f355605e0b/goods/1000000146/image/detail/1000000146_detail_081.jpg,,https://mall.drdiary.co.kr/goods/goods_view.php?goodsNo=1000000146,dakda
발아현미 미숫가루,행복우리식품,기타,10900,real,,404,0.92,82.96,10.16,3.88,36.0,,,,,,20,https://godomall.speedycdn.net/9e886df8f0ec5d2f44f612f355605e0b/goods/1000000048/image/detail/1000000048_detail_09.png,,https://mall.drdiary.co.kr/goods/goods_view.php?goodsNo=1000000048,dakda
[무화당] 알룰로스 분말 100% 250g,닥다몰,조미료/소스,8900,real,무첨가당,0,0.0,0.4,0.0,0.0,0.0,,,알룰로스,,,20,https://godomall.speedycdn.net/9e886df8f0ec5d2f44f612f355605e0b/goods/1000000079/image/detail/1000000079_detail_075.png,,https://mall.drdiary.co.kr/goods/goods_view.php?goodsNo=1000000079,dakda
미주라 시리얼 비스켓,닥다몰,간식/디저트,2400,real,무첨가당,433,2.33,72.0,7.67,14.0,336.0,,,"D-말티톨,말티톨",,,20,https://godomall.speedycdn.net/9e886df8f0ec5d2f44f612f355605e0b/goods/1000000052/image/detail/1000000052_detail_021.jpg,,https://mall.drdiary.co.kr/goods/goods_view.php?goodsNo=1000000052,dakda
[무화당] 저당 생크림롤 3개,닥다몰,유제품,19500,real,저당류,302,2.0,39.0,5.0,14.0,177.0,,,,,,20,https://godomall.speedycdn.net/9e886df8f0ec5d2f44f612f355605e0b/goods/1000000347/image/detail/1000000347_detail_031.jpg,,https://mall.drdiary.co.kr/goods/goods_view.php?goodsNo=1000000347,dakda
(예약 배송)통밀당 천연발효종 통밀빵 10종,,간식/디저트,2800,real,,180.0,3.0,30.0,8.0,3.3,95.0,,,,,,20,https://data.0app0.com/diet/shop/goods/20220207/20220207175615_8533779900.jpg,,https://dshop.dietshin.com/goods/view.asp?g=11134,dietshin
고단백 통곡물바 단백할시간 5종,,간식/디저트,4900,real,,159.0,8.0,16.0,11.0,7.0,31.0,,,,,,20,https://data.0app0.com/diet/shop/goods/20230919/20230919103028_6469438289.jpg,,https://dshop.dietshin.com/goods/view.asp?g=11419,dietshin
고단백 황태칩 델리황 4종,,간식/디저트,2900,real,,75.0,6.0,7.0,10.0,0.7,200.0,,,,,,20,https://data.0app0.com/diet/shop/goods/20211117/20211117134056_5376995926.jpg,,https://dshop.dietshin.com/goods/view.asp?g=11954,dietshin
고단백 곡물쉐이크 단백한끼 5종,,기타,12500,real,,94.0,0.0,5.0,17.0,1.1,127.0,,,,,,20,https://data.0app0.com/diet/shop/goods/20251211/20251211154752_9382806181.jpg,,https://dshop.dietshin.com/goods/view.asp?g=12076,dietshin
[한스푼샐러드] 토핑 샐러드 도시락 9종,,주식/면류,26900,real,,450.0,1.0,33.0,21.0,26.0,550.0,,,,,,20,https://data.0app0.com/diet/shop/goods/20260715/20260715180855_7477016096.jpg,,https://dshop.dietshin.com/goods/view.asp?g=12286,dietshin
[4주 정기구독] 한스푼 샐러드 9종 한달 패키지,,즉석식품,103900,real,,450.0,1.0,33.0,21.0,26.0,550.0,,,,,,20,https://data.0app0.com/diet/shop/goods/20260715/20260715195049_3966703316.jpg,,https://dshop.dietshin.com/goods/view.asp?g=12433,dietshin
통밀당 단백칩 4종,,간식/디저트,2000,real,무첨가당,165.0,5.0,32.0,9.0,0.9,428.0,,,아스파탐,,,20,https://data.0app0.com/diet/shop/goods/20211203/20211203163949_3482464773.jpg,,https://dshop.dietshin.com/goods/view.asp?g=12463,dietshin
완벽한 한끼 식단 다신밥상 도시락,,주식/면류,23900,real,,313.0,3.0,52.0,15.0,5.0,420.0,,,,,,20,https://data.0app0.com/diet/shop/goods/20180906/20180906114306_2447631469.jpg,,https://dshop.dietshin.com/goods/view.asp?g=12486,dietshin
저당 쌀떡볶이 2종,,주식/면류,3500,real,무첨가당,250.0,1.0,64.0,6.0,0.9,830.0,,,에리스리톨,,,20,https://data.0app0.com/diet/shop/goods/20260326/20260326125729_9064260324.jpg,,https://dshop.dietshin.com/goods/view.asp?g=12776,dietshin
[1+1+1] 든든한 한끼 오늘은 현미밥 17종,,주식/면류,6300,real,,375.0,4.0,64.0,9.0,9.0,1095.0,,,,,,20,https://data.0app0.com/diet/shop/goods/20260608/20260608131723_2615676810.jpg,,https://dshop.dietshin.com/goods/view.asp?g=12782,dietshin
다신 도시락&현미밥&주먹밥 저당 식단 61종 골라담기,,주식/면류,7200,real,무첨가당,170.0,1.0,27.0,8.0,7.0,580.0,,,알룰로스,,,20,https://data.0app0.com/diet/shop/goods/20240611/20240611114206_4321943480.jpg,,https://dshop.dietshin.com/goods/view.asp?g=12820,dietshin
[긴급할인] 5+5 다신현미밥상&다신밥상 도시락,,주식/면류,23900,real,,313.0,3.0,52.0,15.0,5.0,420.0,,,,,,20,https://data.0app0.com/diet/shop/goods/20260810/20260810175557_8451457232.jpg,,https://dshop.dietshin.com/goods/view.asp?g=12874,dietshin
쫀득한 꿀고구마 말랭이,,기타,2300,real,,184.06,8.15,43.69,2.11,0.1,19.06,,,,,,20,https://data.0app0.com/diet/shop/goods/20231106/20231106152029_5757204234.jpg,,https://dshop.dietshin.com/goods/view.asp?g=13099,dietshin
가벼운 곤약팝콘 3종,,기타,1800,real,,93.0,1.0,20.0,2.0,1.0,146.0,,,,,,20,https://data.0app0.com/diet/shop/goods/20260703/20260703160347_9816065403.jpg,,https://dshop.dietshin.com/goods/view.asp?g=13324,dietshin
[성수동905] 현미크런치킨,,기타,3700,real,,250.0,0.0,21.0,19.0,10.0,380.0,,,,,,20,https://data.0app0.com/diet/shop/goods/20221007/20221007134458_6253372570.jpg,,https://dshop.dietshin.com/goods/view.asp?g=13499,dietshin
성수동905 저당 치킨&피자 1팩 골라담기,,기타,4800,real,무첨가당,255.0,2.0,28.0,21.0,9.0,300.0,,,에리스리톨,,,20,https://data.0app0.com/diet/shop/goods/20260413/20260413143113_7336219672.png,,https://dshop.dietshin.com/goods/view.asp?g=13517,dietshin
[닭신] 닭가슴살 전제품 1팩 골라담기,,육가공품,1500,real,,140.0,4.0,11.0,11.0,6.0,390.0,,,,,,20,https://data.0app0.com/diet/shop/goods/20260601/20260601150003_1031466749.jpg,,https://dshop.dietshin.com/goods/view.asp?g=13586,dietshin
성수동제빵소 두부 베이글 6종,,간식/디저트,2900,real,무첨가당,285.0,6.0,42.0,12.0,9.0,590.0,,,에리스리톨,,,20,https://data.0app0.com/diet/shop/goods/20260720/20260720133238_3993292605.jpg,,https://dshop.dietshin.com/goods/view.asp?g=13720,dietshin
저당 오늘은 현미 주먹밥 16종,,주식/면류,7200,real,저당류,230.0,4.0,38.0,6.0,6.0,535.0,,,,,,20,https://data.0app0.com/diet/shop/goods/20240805/20240805114611_8056397254.jpg,,https://dshop.dietshin.com/goods/view.asp?g=13748,dietshin
[허닭] 닭가슴살 함박스테이크 4종,,육가공품,2500,real,무첨가당,190.0,3.0,7.0,14.0,12.0,510.0,,,말티톨,,,20,https://data.0app0.com/diet/shop/goods/20220330/20220330180940_0555762544.jpg,,https://dshop.dietshin.com/goods/view.asp?g=13811,dietshin
[1+1+1] 통밀당 시카고 씬피자 8종,,기타,7900,real,,154.0,1.8,15.0,10.0,6.0,270.0,,,,,,20,https://data.0app0.com/diet/shop/goods/20240513/20240513132850_0262576977.jpg,,https://dshop.dietshin.com/goods/view.asp?g=13818,dietshin
[1+1+1] 닭신 오븐구이 닭안심살 7종,,기타,7500,real,,95.0,0.0,1.0,21.0,1.0,290.0,,,,,,20,https://data.0app0.com/diet/shop/goods/20250711/20250711174503_9881311409.jpg,,https://dshop.dietshin.com/goods/view.asp?g=13842,dietshin
[2+1 특가] 통밀당 브리또 3종,,기타,7900,real,,245.0,3.0,29.0,12.0,9.0,540.0,,,,,,20,https://data.0app0.com/diet/shop/goods/20240708/20240708102643_6271511114.jpg,,https://dshop.dietshin.com/goods/view.asp?g=13855,dietshin
[닭신] 닭가슴살 소시지 6종,,육가공품,7500,real,무첨가당,149.0,1.5,5.0,12.0,9.0,350.0,,,스테비올배당체,,,20,https://data.0app0.com/diet/shop/goods/20250901/20250901134141_4751573561.jpg,,https://dshop.dietshin.com/goods/view.asp?g=13856,dietshin
통밀당 모짜렐라 핫도그,,기타,2300,real,,165.0,5.0,20.0,8.0,6.0,330.0,,,,,,20,https://data.0app0.com/diet/shop/goods/20240718/20240718160159_6324220501.jpg,,https://dshop.dietshin.com/goods/view.asp?g=13861,dietshin
곤약 현미 김밥 5종,,주식/면류,4300,real,,265.0,3.0,45.0,15.0,4.8,550.0,,,,,,20,https://data.0app0.com/diet/shop/goods/20230626/20230626125329_3656269913.jpg,,https://dshop.dietshin.com/goods/view.asp?g=13873,dietshin
[닭신] 소스 닭가슴살 스테이크 5종,,조미료/소스,8750,real,,175.0,3.0,7.0,17.0,9.0,310.0,,,,,,20,https://data.0app0.com/diet/shop/goods/20230209/20230209161038_6396079148.jpg,,https://dshop.dietshin.com/goods/view.asp?g=13874,dietshin
아임닭 매콤 곤약 떡볶이,,주식/면류,4500,real,,310.0,17.0,70.0,5.0,1.3,620.0,,,,,,20,https://data.0app0.com/diet/shop/goods/20220818/20220818104559_5921011222.jpg,,https://dshop.dietshin.com/goods/view.asp?g=13898,dietshin
[3+3특가] 닭신 소스 닭가슴살 6종,,조미료/소스,9900,real,,120.0,4.0,5.0,21.0,1.6,450.0,,,,,,20,https://data.0app0.com/diet/shop/goods/20240502/20240502090919_8423968696.jpg,,https://dshop.dietshin.com/goods/view.asp?g=13919,dietshin
닭신 전제품 맛보기 패키지 (총23팩),,기타,45900,real,,140.0,4.0,11.0,11.0,6.0,390.0,,,,,,20,https://data.0app0.com/diet/shop/goods/20260602/20260602133304_4119544640.jpg,,https://dshop.dietshin.com/goods/view.asp?g=13921,dietshin
[3+3] 치킨 꿀조합 패키지,,기타,19800,real,무첨가당,255.0,2.0,28.0,21.0,9.0,300.0,,,에리스리톨,,,20,https://data.0app0.com/diet/shop/goods/20250908/20250908151400_3707274942.jpg,,https://dshop.dietshin.com/goods/view.asp?g=13926,dietshin
성수동 제빵소 식단빵&단백질빵 1팩 골라담기,,간식/디저트,2900,real,,185.0,6.0,21.0,13.0,6.0,140.0,,,,,,20,https://data.0app0.com/diet/shop/goods/20260709/20260709151643_5363993942.jpg,,https://dshop.dietshin.com/goods/view.asp?g=13948,dietshin
성수동905 칠리깐풍기,,기타,4500,real,무첨가당,228.0,3.0,28.0,17.0,8.0,500.0,,,에리스리톨,,,20,https://data.0app0.com/diet/shop/goods/20231213/20231213104735_5427029097.jpg,,https://dshop.dietshin.com/goods/view.asp?g=14017,dietshin
성수동905 닭가슴살 꿔바로우 2종 (오리지널/마라),,육가공품,4500,real,무첨가당,228.0,3.0,28.0,17.0,8.0,500.0,,,에리스리톨,,,20,https://data.0app0.com/diet/shop/goods/20260506/20260506174229_8689634967.jpg,,https://dshop.dietshin.com/goods/view.asp?g=14018,dietshin
식단관리 도시락 전제품 1팩 골라담기,,주식/면류,4950,real,,313.0,3.0,52.0,15.0,5.0,420.0,,,,,,20,https://data.0app0.com/diet/shop/goods/20260804/20260804171919_4382452217.jpg,,https://dshop.dietshin.com/goods/view.asp?g=14025,dietshin
[닭신] 오븐구이 소스 닭가슴살 9종,,조미료/소스,12500,real,,135.0,4.0,5.0,19.0,4.4,640.0,,,,,,20,https://data.0app0.com/diet/shop/goods/20240812/20240812104701_5983709359.jpg,,https://dshop.dietshin.com/goods/view.asp?g=14037,dietshin
[닭신] 저당 닭가슴살 소떡소떡,,육가공품,2300,real,무첨가당,220.0,3.0,29.0,10.0,8.0,400.0,,,에리스리톨,,,20,https://data.0app0.com/diet/shop/goods/20230630/20230630195425_3287673599.jpg,,https://dshop.dietshin.com/goods/view.asp?g=14069,dietshin
오븐에 구운 두부스낵 2종,,간식/디저트,2800,real,무첨가당,270.0,10.0,26.0,7.0,15.0,115.0,,,말토덱스트린,,,20,https://data.0app0.com/diet/shop/goods/20240110/20240110141527_1474308269.jpg,,https://dshop.dietshin.com/goods/view.asp?g=14175,dietshin
오븐에 구운 꾸오닭 2종,,기타,3000,real,,95.0,7.0,12.0,10.0,0.6,290.0,,,,,,20,https://data.0app0.com/diet/shop/goods/20240206/20240206181035_8943771579.jpg,,https://dshop.dietshin.com/goods/view.asp?g=14206,dietshin
[10+10 특가] 닭신 오븐구이 소스 닭가슴살 9종 골라담기,,조미료/소스,41900,real,,135.0,4.0,5.0,19.0,4.4,640.0,,,,,,20,https://data.0app0.com/diet/shop/goods/20250903/20250903162716_0432245141.jpg,,https://dshop.dietshin.com/goods/view.asp?g=14207,dietshin
[15+15 특가] 닭신 오븐구이 닭안심살 7종 골라담기,,기타,60900,real,,95.0,0.0,1.0,21.0,1.0,290.0,,,,,,20,https://data.0app0.com/diet/shop/goods/20250903/20250903162845_5243282663.jpg,,https://dshop.dietshin.com/goods/view.asp?g=14211,dietshin
[15+15 특가] 닭신 소스 닭가슴살 23종 골라담기,,조미료/소스,60900,real,,120.0,4.0,5.0,21.0,1.6,450.0,,,,,,20,https://data.0app0.com/diet/shop/goods/20250905/20250905161457_7551947927.png,,https://dshop.dietshin.com/goods/view.asp?g=14212,dietshin
성수동905 저당 닭강정 2종,,기타,3900,real,무첨가당,310.0,4.0,37.0,15.0,14.0,440.0,,,에리스리톨,,,20,https://data.0app0.com/diet/shop/goods/20240604/20240604152346_4605748620.jpg,,https://dshop.dietshin.com/goods/view.asp?g=14221,dietshin
[5+5 특가] 닭신 크런치 닭가슴살 3종,,육가공품,18900,real,,115.0,1.0,3.0,18.0,3.6,390.0,,,,,,20,https://data.0app0.com/diet/shop/goods/20240909/20240909103712_9439820883.jpg,,https://dshop.dietshin.com/goods/view.asp?g=14230,dietshin
[10+10 특가] 닭신 오븐구이 닭안심살&닭가슴살 16종 골라담기,,육가공품,41900,real,,95.0,0.0,1.0,21.0,1.0,290.0,,,,,,20,https://data.0app0.com/diet/shop/goods/20250908/20250908151024_6993920044.jpg,,https://dshop.dietshin.com/goods/view.asp?g=14235,dietshin
통밀당 소보로빵 2종,,간식/디저트,2500,real,무첨가당,230.0,7.0,44.0,8.0,6.0,290.0,,,"에리스리톨,스테비아,효소처리스테비아",,,20,https://data.0app0.com/diet/shop/goods/20260410/20260410192645_8913999147.jpg,,https://dshop.dietshin.com/goods/view.asp?g=14242,dietshin
[1+1 특가] 통밀당 저당 크림빵,,간식/디저트,5900,real,무첨가당,259.0,4.0,40.0,9.0,11.0,420.0,,,"에리스리톨,스테비아,효소처리스테비아",,,20,https://data.0app0.com/diet/shop/goods/20260413/20260413134602_7950183531.jpg,,https://dshop.dietshin.com/goods/view.asp?g=14276,dietshin
오늘은 현미밥 17종 1팩 골라담기,,주식/면류,2500,real,,375.0,4.0,64.0,9.0,9.0,1095.0,,,,,,20,https://data.0app0.com/diet/shop/goods/20260713/20260713093413_5494390165.jpg,,https://dshop.dietshin.com/goods/view.asp?g=14291,dietshin
성수동제빵소 저당 바스크 치즈케이크 4종,,간식/디저트,3900,real,무첨가당,180.0,2.0,23.0,5.0,15.0,120.0,,,"알룰로스,에리스리톨",,,20,https://data.0app0.com/diet/shop/goods/20260703/20260703154154_2167451251.jpg,,https://dshop.dietshin.com/goods/view.asp?g=14296,dietshin
[2+1] 성수동제빵소 글루텐프리 단백한빵 4종,,간식/디저트,9400,real,,185.0,6.0,21.0,13.0,6.0,140.0,,,,,,20,https://data.0app0.com/diet/shop/goods/20241004/20241004174021_0092397412.jpg,,https://dshop.dietshin.com/goods/view.asp?g=14309,dietshin
글루텐프리 카사바칩 신콩칩,,간식/디저트,2300,real,,189.0,1.42,29.54,0.8,7.6,53.11,,,,,,20,https://data.0app0.com/diet/shop/goods/20250521/20250521101945_2254341888.png,,https://dshop.dietshin.com/goods/view.asp?g=14326,dietshin
[닭신] 저염 수비드 닭가슴살,,육가공품,11000,real,무첨가당,105.0,2.0,2.0,22.0,1.1,80.0,,,말토덱스트린,,,20,https://data.0app0.com/diet/shop/goods/20241114/20241114151247_0804011241.jpg,,https://dshop.dietshin.com/goods/view.asp?g=14331,dietshin
글루텐프리 구운콘칩,,간식/디저트,1700,real,,115.0,0.0,25.0,2.4,0.6,30.0,,,,,,20,https://data.0app0.com/diet/shop/goods/20241204/20241204131146_2070440689.jpg,,https://dshop.dietshin.com/goods/view.asp?g=14334,dietshin
[10+10 특가] 닭신 저염 수비드 닭가슴살 20팩,,육가공품,35900,real,무첨가당,105.0,2.0,2.0,22.0,1.1,80.0,,,말토덱스트린,,,20,https://data.0app0.com/diet/shop/goods/20251113/20251113174554_1935348964.jpg,,https://dshop.dietshin.com/goods/view.asp?g=14339,dietshin
촉촉 고구마스틱,,기타,1400,real,,65.0,8.0,14.0,1.0,0.0,5.0,,,,,,20,https://data.0app0.com/diet/shop/goods/20250115/20250115102001_0894426497.jpg,,https://dshop.dietshin.com/goods/view.asp?g=14350,dietshin
[무료배송] 당 걱정없는 간식 패키지 (총9팩),,기타,15900,real,,93.0,1.0,20.0,2.0,1.0,146.0,,,,,,20,https://data.0app0.com/diet/shop/goods/20250908/20250908125346_5918786795.jpg,,https://dshop.dietshin.com/goods/view.asp?g=14353,dietshin
현미밥 베스트 패키지 (총15팩),,주식/면류,29900,real,,290.0,4.0,54.0,7.0,5.0,550.0,,,,,,20,https://data.0app0.com/diet/shop/goods/20260804/20260804144504_7948027265.jpg,,https://dshop.dietshin.com/goods/view.asp?g=14357,dietshin
[무료배송] 닭가슴살 베스트 패키지 (총20팩),,육가공품,38900,real,,140.0,4.0,11.0,11.0,6.0,390.0,,,,,,20,https://data.0app0.com/diet/shop/goods/20260522/20260522151310_8976663533.jpg,,https://dshop.dietshin.com/goods/view.asp?g=14360,dietshin
성수동제빵소 비건 쌀크로와상,,간식/디저트,3500,real,무첨가당,315.0,1.0,31.0,8.0,19.0,310.0,,,"에리스리톨,스테비아,효소처리스테비아",,,20,https://data.0app0.com/diet/shop/goods/20250306/20250306145211_5398416066.jpg,,https://dshop.dietshin.com/goods/view.asp?g=14377,dietshin
곤약 꼬마 김밥 7종,,주식/면류,3500,real,무첨가당,170.0,1.0,27.0,8.0,7.0,580.0,,,알룰로스,,,20,https://data.0app0.com/diet/shop/goods/20250620/20250620171353_0122806937.jpg,,https://dshop.dietshin.com/goods/view.asp?g=14386,dietshin
[긴급할인] 10+10 오늘은 현미밥&닭신 닭가슴살 소시지,,육가공품,34900,real,무첨가당,149.0,1.5,5.0,12.0,9.0,350.0,,,스테비올배당체,,,20,https://data.0app0.com/diet/shop/goods/20260810/20260810171550_6698092589.jpg,,https://dshop.dietshin.com/goods/view.asp?g=14390,dietshin
[8+8 특가] 통밀당 시카고 씬피자 8종 골라담기,,기타,38900,real,,154.0,1.8,15.0,10.0,6.0,270.0,,,,,,20,https://data.0app0.com/diet/shop/goods/20260724/20260724153330_2923256641.jpg,,https://dshop.dietshin.com/goods/view.asp?g=14391,dietshin
[무료배송] 가벼운 곤약팝콘 3종 15봉,,기타,19900,real,,93.0,1.0,20.0,2.0,1.0,146.0,,,,,,20,https://data.0app0.com/diet/shop/goods/20250404/20250404182028_7632300202.jpg,,https://dshop.dietshin.com/goods/view.asp?g=14403,dietshin
[닭신] 닭가슴살바 4종,,간식/디저트,7500,real,,140.0,4.0,11.0,11.0,6.0,390.0,,,,,,20,https://data.0app0.com/diet/shop/goods/20250828/20250828145958_1299370512.jpg,,https://dshop.dietshin.com/goods/view.asp?g=14404,dietshin
[긴급할인] 5+5 곤약꼬마김밥&현미김밥 10종,,주식/면류,27900,real,무첨가당,170.0,1.0,27.0,8.0,7.0,580.0,,,알룰로스,,,20,https://data.0app0.com/diet/shop/goods/20260810/20260810172612_2421785601.jpg,,https://dshop.dietshin.com/goods/view.asp?g=14405,dietshin
[5+5 특가] 성수동905 닭가슴살 꿔바로우&깐풍기,,육가공품,30900,real,무첨가당,228.0,3.0,28.0,17.0,8.0,500.0,,,에리스리톨,,,20,https://data.0app0.com/diet/shop/goods/20260508/20260508173358_9269616665.jpg,,https://dshop.dietshin.com/goods/view.asp?g=14410,dietshin
저당 곤약 현미 떡마리 5종,,기타,1950,real,무첨가당,190.0,2.0,40.0,4.0,2.2,473.0,,,"알룰로스,에리스리톨,말토덱스트린",,,20,https://data.0app0.com/diet/shop/goods/20260611/20260611145207_3215043013.jpg,,https://dshop.dietshin.com/goods/view.asp?g=14432,dietshin
[10+10 특가] 곤약현미떡마리 5종 골라담기,,기타,33900,real,무첨가당,190.0,2.0,40.0,4.0,2.2,473.0,,,"알룰로스,에리스리톨,말토덱스트린",,,20,https://data.0app0.com/diet/shop/goods/20260605/20260605163103_8074921454.jpg,,https://dshop.dietshin.com/goods/view.asp?g=14444,dietshin
[긴급할인] 식단구조대 45종 1+1+1 골라담기,,기타,3950,real,무첨가당,170.0,1.0,27.0,8.0,7.0,580.0,,,알룰로스,,,20,https://data.0app0.com/diet/shop/goods/20260810/20260810144532_6034871242.jpg,,https://dshop.dietshin.com/goods/view.asp?g=14462,dietshin
저당 오늘은 현미 주먹밥 16종 1팩 골라담기,,주식/면류,1800,real,저당류,230.0,4.0,38.0,6.0,6.0,535.0,,,,,,20,https://data.0app0.com/diet/shop/goods/20260713/20260713092737_9693471272.jpg,,https://dshop.dietshin.com/goods/view.asp?g=14474,dietshin
맵부심 식단 패키지 (총15팩),,기타,31900,real,무첨가당,145.0,2.0,34.0,6.0,1.1,620.0,,,알룰로스,,,20,https://data.0app0.com/diet/shop/goods/20250908/20250908114320_4590744752.jpg,,https://dshop.dietshin.com/goods/view.asp?g=14485,dietshin
통밀당 저당 스콘 3종,,기타,3100,real,무첨가당,240.0,3.0,34.0,7.0,12.0,220.0,,,"에리스리톨,스테비아,효소처리스테비아",,,20,https://data.0app0.com/diet/shop/goods/20260429/20260429145426_5938667519.jpg,,https://dshop.dietshin.com/goods/view.asp?g=14486,dietshin
고단백 찐병아리콩 100%,,기타,2700,real,,120.0,1.0,24.0,8.0,1.7,0.0,,,,,,20,https://data.0app0.com/diet/shop/goods/20250806/20250806163457_3779827425.jpg,,https://dshop.dietshin.com/goods/view.asp?g=14492,dietshin
[10+10 특가] 닭신 소스 닭가슴살 스테이크 5종 골라담기,,조미료/소스,31900,real,,175.0,3.0,7.0,17.0,9.0,310.0,,,,,,20,https://data.0app0.com/diet/shop/goods/20250905/20250905161350_6777025548.png,,https://dshop.dietshin.com/goods/view.asp?g=14528,dietshin
[긴급할인] 10+10 오늘은 점보현미주먹밥&닭신 오븐구이 닭안심살,,주식/면류,38900,real,,95.0,0.0,1.0,21.0,1.0,290.0,,,,,,20,https://data.0app0.com/diet/shop/goods/20260810/20260810173318_3872033720.jpg,,https://dshop.dietshin.com/goods/view.asp?g=14533,dietshin
[10+10 특가] 닭신 닭가슴살 소시지 6종 골라담기,,육가공품,29900,real,무첨가당,149.0,1.5,5.0,12.0,9.0,350.0,,,스테비올배당체,,,20,https://data.0app0.com/diet/shop/goods/20251124/20251124183229_1107628348.jpg,,https://dshop.dietshin.com/goods/view.asp?g=14565,dietshin
[10+10 특가] 고단백 곡물쉐이크 단백한끼 5종 골라담기,,기타,37900,real,,94.0,0.0,5.0,17.0,1.1,127.0,,,,,,20,https://data.0app0.com/diet/shop/goods/20260729/20260729164116_6975859991.jpg,,https://dshop.dietshin.com/goods/view.asp?g=14576,dietshin
열풍에 구운 꼬소칩 2종,,간식/디저트,1500,real,,105.0,7.8,21.0,2.0,1.4,80.0,,,,,,20,https://data.0app0.com/diet/shop/goods/20251119/20251119180116_6506709511.jpg,,https://dshop.dietshin.com/goods/view.asp?g=14582,dietshin
[긴급할인] 10+10 오늘은 현미주먹밥&현미밥 15종,,주식/면류,26900,real,,230.0,4.0,38.0,6.0,6.0,535.0,,,,,,20,https://data.0app0.com/diet/shop/goods/20260810/20260810171913_9665339166.jpg,,https://dshop.dietshin.com/goods/view.asp?g=14591,dietshin
허닭 닭가슴살 유부초밥 3종,,육가공품,4500,real,,180.0,7.0,30.0,5.0,4.3,380.0,,,,,,20,https://data.0app0.com/diet/shop/goods/20260121/20260121103339_6363618212.png,,https://dshop.dietshin.com/goods/view.asp?g=14616,dietshin
성수동제빵소 잠봉뵈르 샌드위치,,간식/디저트,9500,real,,450.0,1.0,33.0,21.0,26.0,550.0,,,,,,20,https://data.0app0.com/diet/shop/goods/20260203/20260203171446_9550431252.jpg,,https://dshop.dietshin.com/goods/view.asp?g=14617,dietshin
쌀빠진 단백김밥 2종,,주식/면류,6900,real,무첨가당,340.0,5.0,29.0,18.0,21.0,930.0,,,알룰로스,,,20,https://data.0app0.com/diet/shop/goods/20260318/20260318180614_8547850641.jpg,,https://dshop.dietshin.com/goods/view.asp?g=14638,dietshin
바로먹는 계란볶이 채우란 5종,,기타,4500,real,,103.0,0.0,3.2,11.7,4.8,167.7,,,,,,20,https://data.0app0.com/diet/shop/goods/20260318/20260318103949_9260949107.jpg,,https://dshop.dietshin.com/goods/view.asp?g=14640,dietshin
땅콩 100% 짜먹는 땅콩버터 스프레드 2종,,조미료/소스,9900,real,,117.0,0.0,5.0,6.0,8.0,71.0,,,,,,20,https://data.0app0.com/diet/shop/goods/20260320/20260320102948_1422174742.jpg,,https://dshop.dietshin.com/goods/view.asp?g=14641,dietshin
[무료배송] 닭신 저당 소스 실온닭가슴살 10팩/20팩,,조미료/소스,23900,real,무첨가당,120.0,1.0,8.0,24.0,0.7,600.0,,,에리스리톨,,,20,https://data.0app0.com/diet/shop/goods/20260305/20260305180036_2472086901.jpg,,https://dshop.dietshin.com/goods/view.asp?g=14642,dietshin
맛있는 단백질 식단 31종 1+1+1 골라담기,,건강기능식품,4500,real,,94.0,0.0,5.0,17.0,1.1,127.0,,,,,,20,https://data.0app0.com/diet/shop/goods/20260812/20260812103144_4120024431.png,,https://dshop.dietshin.com/goods/view.asp?g=14667,dietshin
[3+1] 단백한끼 더블크런치 단백질쉐이크 2종,,건강기능식품,25900,real,,94.0,0.0,5.0,17.0,1.1,127.0,,,,,,20,https://data.0app0.com/diet/shop/goods/20260720/20260720184811_6094314765.jpg,,https://dshop.dietshin.com/goods/view.asp?g=14690,dietshin
곤약즉석밥 밥이곤약 2종,,주식/면류,19900,real,,185.0,0.0,47.0,7.0,1.7,0.0,,,,,,20,https://data.0app0.com/diet/shop/goods/20250117/20250117174434_0160004499.jpg,,https://dshop.dietshin.com/goods/view.asp?g=12140,dietshin
[1+1+1] 허닭 속보이는 얇은피 닭가슴살 만두 2종,,육가공품,6900,real,,315.0,3.0,34.0,15.0,13.0,930.0,,,,,,20,https://data.0app0.com/diet/shop/goods/20220330/20220330180644_5407737983.jpg,,https://dshop.dietshin.com/goods/view.asp?g=13810,dietshin
귀리 시리얼 오그래퐁 라이트,,간식/디저트,1800,real,무첨가당,99.0,1.0,22.0,4.0,1.9,75.0,,,에리스리톨,,,20,https://data.0app0.com/diet/shop/goods/20241014/20241014093345_5712316484.jpg,,https://dshop.dietshin.com/goods/view.asp?g=13838,dietshin
저염 양배추 쌈밥,,주식/면류,4500,real,무첨가당,245.0,1.3,51.0,6.0,1.7,400.0,,,스테비아,,,20,https://data.0app0.com/diet/shop/goods/20220812/20220812113016_0551223707.jpg,,https://dshop.dietshin.com/goods/view.asp?g=13877,dietshin
성수동905 저당 주꾸미볶음,,기타,6900,real,저당류,170.0,9.0,17.0,18.0,3.3,990.0,,,,,,20,https://data.0app0.com/diet/shop/goods/20231213/20231213105155_9583416789.jpg,,https://dshop.dietshin.com/goods/view.asp?g=13953,dietshin
성수동905 저당 흑미비빔냉면,,주식/면류,3200,real,무첨가당,305.0,0.0,67.0,5.0,2.1,270.0,,,에리스리톨,,,20,https://data.0app0.com/diet/shop/goods/20230710/20230710130514_8309740764.jpg,,https://dshop.dietshin.com/goods/view.asp?g=14079,dietshin
쉐프스토리 스파게티 3종,,음료,4500,real,,413.0,4.0,54.0,11.0,17.0,590.0,,,,,,20,https://data.0app0.com/diet/shop/goods/20230713/20230713144025_8145009365.jpg,,https://dshop.dietshin.com/goods/view.asp?g=14090,dietshin
성수동905 두부라자냐,,기타,5500,real,,320.0,6.0,20.0,24.0,16.0,510.0,,,,,,20,https://data.0app0.com/diet/shop/goods/20230830/20230830100600_0293793699.jpg,,https://dshop.dietshin.com/goods/view.asp?g=14113,dietshin
[비비드키친] 저칼로리&저당 소스 5종 골라담기,,조미료/소스,3780,real,무첨가당,315.0,2.0,17.0,6.0,4.0,2180.0,,,알룰로스,,,20,https://data.0app0.com/diet/shop/goods/20240404/20240404135450_1766966579.jpg,,https://dshop.dietshin.com/goods/view.asp?g=14126,dietshin
성수동905 순살 감자탕,,기타,5900,real,,220.0,0.0,15.0,30.0,4.4,900.0,,,,,,20,https://data.0app0.com/diet/shop/goods/20231122/20231122175933_6904408272.jpg,,https://dshop.dietshin.com/goods/view.asp?g=14142,dietshin
[5+5 타임특가] 가벼운 곤약 현미 김밥 5종 골라담기,,주식/면류,38900,real,,265.0,3.0,45.0,15.0,4.8,550.0,,,,,,20,https://data.0app0.com/diet/shop/goods/20251121/20251121102809_5294352984.jpg,,https://dshop.dietshin.com/goods/view.asp?g=14209,dietshin
[타임특가] 오늘은 현미 주먹밥 16종 골라담기 (15+15),,주식/면류,39500,real,,230.0,4.0,38.0,6.0,6.0,535.0,,,,,,20,https://data.0app0.com/diet/shop/goods/20260707/20260707093240_7241918182.jpg,,https://dshop.dietshin.com/goods/view.asp?g=14210,dietshin
3일완성! 마름 마녀스프,,기타,22500,real,무첨가당,125.0,7.0,22.0,4.0,2.1,510.0,,,말토덱스트린,,,20,https://data.0app0.com/diet/shop/goods/20250908/20250908111626_2257057309.jpg,,https://dshop.dietshin.com/goods/view.asp?g=14228,dietshin
[긴급할인] 10+10 밥이곤약&곤약이면&소스 실온닭가슴살,,조미료/소스,32900,real,,54.0,5.0,19.0,1.0,0.0,1240.0,,,,,,20,https://data.0app0.com/diet/shop/goods/20260810/20260810180416_0281483244.jpg,,https://dshop.dietshin.com/goods/view.asp?g=14285,dietshin
[1+1+1] 빈타이 포타 베트남 쌀국수,,주식/면류,3900,real,무첨가당,240.0,2.0,46.0,5.0,4.0,1180.0,,,"수크랄로스,아세설팜칼륨",,,20,https://data.0app0.com/diet/shop/goods/20240806/20240806172645_9767484736.jpg,,https://dshop.dietshin.com/goods/view.asp?g=14290,dietshin
마녀스프 3일 절식 클렌즈,,기타,39900,real,무첨가당,105.0,2.0,2.0,22.0,1.1,80.0,,,말토덱스트린,,,20,https://data.0app0.com/diet/shop/goods/20260327/20260327132418_5998690761.jpg,,https://dshop.dietshin.com/goods/view.asp?g=14347,dietshin
3일 리셋 챌린지 (저탄수&고단백),,기타,39900,real,,325.0,6.0,58.0,14.0,4.2,650.0,,,,,,20,https://data.0app0.com/diet/shop/goods/20260327/20260327131733_4481744119.jpg,,https://dshop.dietshin.com/goods/view.asp?g=14348,dietshin
갈아만든 마름 빼빼주스 2주/4주 클렌즈,,음료,19800,real,,34.0,7.0,8.0,0.5,0.0,0.0,,,,,,20,https://data.0app0.com/diet/shop/goods/20250214/20250214103724_7405517298.jpg,,https://dshop.dietshin.com/goods/view.asp?g=14359,dietshin
[타임특가] 곤약꼬마김밥&쌀떡볶이 9종 골라담기 (7+7),,주식/면류,37900,real,무첨가당,170.0,1.0,27.0,8.0,7.0,580.0,,,알룰로스,,,20,https://data.0app0.com/diet/shop/goods/20260506/20260506151105_1882718224.jpg,,https://dshop.dietshin.com/goods/view.asp?g=14408,dietshin
[2+1] 천연 버닝 부스터 마름 진저샷,,기타,24900,real,,25.0,5.6,6.4,0.0,0.0,0.0,,,,,,20,https://data.0app0.com/diet/shop/goods/20250825/20250825204806_4928559387.jpg,,https://dshop.dietshin.com/goods/view.asp?g=14425,dietshin
[마감임박] 곤약현미떡마리 3종 골라담기 (12+12),,기타,37900,real,무첨가당,225.0,3.0,43.0,7.0,2.9,410.0,,,말토덱스트린,,,20,https://data.0app0.com/diet/shop/goods/20250623/20250623134410_0712206392.jpg,,https://dshop.dietshin.com/goods/view.asp?g=14453,dietshin
3일완성! 마름 마녀스프 2종,,기타,26900,real,무첨가당,125.0,7.0,22.0,4.0,2.1,510.0,,,말토덱스트린,,,20,https://data.0app0.com/diet/shop/goods/20250704/20250704152839_6701154851.jpg,,https://dshop.dietshin.com/goods/view.asp?g=14509,dietshin
3일완성! 마름 펌킨 마녀스프,,기타,22500,real,무첨가당,125.0,8.0,22.0,4.0,2.4,430.0,,,말토덱스트린,,,20,https://data.0app0.com/diet/shop/goods/20250828/20250828093159_0511851392.jpg,,https://dshop.dietshin.com/goods/view.asp?g=14510,dietshin
[비밀특가] 고단백 곡물쉐이크 단백한끼 4종 골라담기 (14+14),,기타,49900,real,,94.0,0.0,5.0,17.0,1.1,127.0,,,,,,20,https://data.0app0.com/diet/shop/goods/20250902/20250902131051_9582315869.jpg,,https://dshop.dietshin.com/goods/view.asp?g=14522,dietshin
[타임특가] 천연 버닝 부스터 마름 진저샷 2+1,,기타,23900,real,,25.0,5.6,6.4,0.0,0.0,0.0,,,,,,20,https://data.0app0.com/diet/shop/goods/20250905/20250905140749_6509425031.jpg,,https://dshop.dietshin.com/goods/view.asp?g=14527,dietshin
[타임특가] 식단관리 곤약 김밥 14종 골라담기 (5+5),,주식/면류,27900,real,,255.0,1.0,34.0,10.0,12.0,500.0,,,,,,20,https://data.0app0.com/diet/shop/goods/20260403/20260403170636_6325242663.jpg,,https://dshop.dietshin.com/goods/view.asp?g=14537,dietshin
[타임딜] 곤약꼬마김밥&쌀떡볶이 8종 골라담기 (7+7),,주식/면류,37900,real,무첨가당,170.0,1.0,27.0,8.0,7.0,580.0,,,알룰로스,,,20,https://data.0app0.com/diet/shop/goods/20250917/20250917151125_3402114963.jpg,,https://dshop.dietshin.com/goods/view.asp?g=14544,dietshin
[타임특가] 성수동제빵소 두부 베이글 5종 골라담기 (1+1),,간식/디저트,4900,real,무첨가당,285.0,6.0,42.0,12.0,9.0,590.0,,,에리스리톨,,,20,https://data.0app0.com/diet/shop/goods/20260213/20260213151527_0689939963.png,,https://dshop.dietshin.com/goods/view.asp?g=14577,dietshin
[타임특가] 든든한 한끼 오늘은 현미밥 17종 3+3,,주식/면류,11800,real,,375.0,4.0,64.0,9.0,9.0,1095.0,,,,,,20,https://data.0app0.com/diet/shop/goods/20260707/20260707094838_5881024470.jpg,,https://dshop.dietshin.com/goods/view.asp?g=14587,dietshin
[5+5 타임특가] 저당 오늘은 현미 주먹밥 15종 골라담기,,주식/면류,12900,real,저당류,280.0,4.0,49.0,8.0,6.0,570.0,,,,,,20,https://data.0app0.com/diet/shop/goods/20260617/20260617093410_3536237517.jpg,,https://dshop.dietshin.com/goods/view.asp?g=14588,dietshin
바로먹는 저칼로리 곤약이면 2종,,주식/면류,4800,real,저당류,54.0,5.0,19.0,1.0,0.0,1240.0,,,,,,20,https://data.0app0.com/diet/shop/goods/20251215/20251215175947_6369390163.jpg,,https://dshop.dietshin.com/goods/view.asp?g=14590,dietshin
[타임특가] 곤약 꼬마 김밥 7종 3+3,,주식/면류,16500,real,무첨가당,170.0,1.0,27.0,8.0,7.0,580.0,,,알룰로스,,,20,https://data.0app0.com/diet/shop/goods/20260204/20260204134802_8868265769.jpg,,https://dshop.dietshin.com/goods/view.asp?g=14597,dietshin
[타임특가] 오븐구이 닭안심살 10+10 골라담기,,기타,41900,real,무첨가당,149.0,1.5,5.0,12.0,9.0,350.0,,,스테비올배당체,,,20,https://data.0app0.com/diet/shop/goods/20260729/20260729110845_2541130484.jpg,,https://dshop.dietshin.com/goods/view.asp?g=14613,dietshin
[5+5 특가] 조리없이 바로먹는 저칼로리 곤약이면 2종 (총10팩),,주식/면류,32900,real,저당류,54.0,5.0,19.0,1.0,0.0,1240.0,,,,,,20,https://data.0app0.com/diet/shop/goods/20260715/20260715175836_6140692209.jpg,,https://dshop.dietshin.com/goods/view.asp?g=14622,dietshin
[장바구니 특가] 1팩 골라담기(냉동),,기타,1900,real,무첨가당,215.0,4.0,41.0,5.0,3.7,370.0,,,말토덱스트린,,,20,https://data.0app0.com/diet/shop/goods/20260519/20260519164118_6991096907.jpg,,https://dshop.dietshin.com/goods/view.asp?g=14626,dietshin
[타임특가] 한스푼샐러드 토핑 샐러드 도시락 9종,,주식/면류,26900,real,,450.0,1.0,33.0,21.0,26.0,550.0,,,,,,20,https://data.0app0.com/diet/shop/goods/20260721/20260721160119_2510756818.jpg,,https://dshop.dietshin.com/goods/view.asp?g=14691,dietshin
[타임특가] 1+1 곤약 꼬마 김밥 7종,,주식/면류,5500,real,무첨가당,170.0,1.0,27.0,8.0,7.0,580.0,,,알룰로스,,,20,https://data.0app0.com/diet/shop/goods/20260728/20260728135308_7537616869.png,,https://dshop.dietshin.com/goods/view.asp?g=14693,dietshin
